2024-04-23 09:12:20,234 [Worker-7: Loading available Gradle versions] INFO  o.e.b.c.i.u.g.PublishedGradleVersions - Gradle version information cache is up-to-date. Trying to read.
2024-04-23 09:14:51,819 [Worker-4: Loading available Gradle versions] INFO  o.e.b.c.i.u.g.PublishedGradleVersions - Gradle version information cache is up-to-date. Trying to read.
2024-04-23 09:27:09,198 [Worker-0: Loading available Gradle versions] INFO  o.e.b.c.i.u.g.PublishedGradleVersions - Gradle version information cache is out-of-date. Trying to update.
2024-04-23 09:44:46,851 [Worker-0: Loading available Gradle versions] INFO  o.e.b.c.i.u.g.PublishedGradleVersions - Gradle version information cache is up-to-date. Trying to read.
2024-04-23 09:47:38,762 [Worker-10: Updating Maven Dependencies] INFO  o.e.m.c.i.l.LifecycleMappingFactory - Using org.maven.ide.eclipse.wtp.WarLifecycleMapping lifecycle mapping for MavenProject: kost.web:controller:1.0.0-BUILD-SNAPSHOT @ C:\Edu\Spring\springFramework\workSpace\test\pom.xml.
2024-04-23 09:47:40,086 [Worker-14: Building workspace] INFO  o.e.m.c.i.l.LifecycleMappingFactory - Using org.maven.ide.eclipse.wtp.WarLifecycleMapping lifecycle mapping for MavenProject: kost.web:controller:1.0.0-BUILD-SNAPSHOT @ C:\Edu\Spring\springFramework\workSpace\test\pom.xml.
2024-04-23 09:47:45,660 [Worker-14: Building workspace] WARN  o.e.m.c.i.embedder.EclipseLogger - Using platform encoding (MS949 actually) to copy filtered resources, i.e. build is platform dependent!
2024-04-23 09:47:45,672 [Worker-14: Building workspace] INFO  o.e.m.c.i.embedder.EclipseLogger - Copying 1 resource
2024-04-23 09:47:45,691 [Worker-14: Building workspace] WARN  o.e.m.c.i.embedder.EclipseLogger - Using platform encoding (MS949 actually) to copy filtered resources, i.e. build is platform dependent!
2024-04-23 09:47:45,694 [Worker-14: Building workspace] INFO  o.e.m.c.i.embedder.EclipseLogger - Copying 1 resource
2024-04-23 09:47:46,590 [Worker-18: Building] WARN  o.e.m.c.i.embedder.EclipseLogger - Using platform encoding (MS949 actually) to copy filtered resources, i.e. build is platform dependent!
2024-04-23 09:47:46,599 [Worker-18: Building] INFO  o.e.m.c.i.embedder.EclipseLogger - Copying 1 resource
2024-04-23 09:47:46,606 [Worker-18: Building] WARN  o.e.m.c.i.embedder.EclipseLogger - Using platform encoding (MS949 actually) to copy filtered resources, i.e. build is platform dependent!
2024-04-23 09:47:46,609 [Worker-18: Building] INFO  o.e.m.c.i.embedder.EclipseLogger - Copying 1 resource
2024-04-23 09:47:47,395 [Worker-10: Updating Maven Dependencies] INFO  o.e.m.c.i.l.LifecycleMappingFactory - Using org.maven.ide.eclipse.wtp.WarLifecycleMapping lifecycle mapping for MavenProject: kost.web:controller:1.0.0-BUILD-SNAPSHOT @ C:\Edu\Spring\springFramework\workSpace\test\pom.xml.
2024-04-23 09:47:48,936 [Worker-10: Building] WARN  o.e.m.c.i.embedder.EclipseLogger - Using platform encoding (MS949 actually) to copy filtered resources, i.e. build is platform dependent!
2024-04-23 09:47:48,940 [Worker-10: Building] INFO  o.e.m.c.i.embedder.EclipseLogger - Copying 0 resource
2024-04-23 09:47:48,942 [Worker-10: Building] WARN  o.e.m.c.i.embedder.EclipseLogger - Using platform encoding (MS949 actually) to copy filtered resources, i.e. build is platform dependent!
2024-04-23 09:47:48,944 [Worker-10: Building] INFO  o.e.m.c.i.embedder.EclipseLogger - Copying 0 resource
2024-04-23 09:48:34,257 [Worker-16: Building] WARN  o.e.m.c.i.embedder.EclipseLogger - Using platform encoding (MS949 actually) to copy filtered resources, i.e. build is platform dependent!
2024-04-23 09:48:34,261 [Worker-16: Building] INFO  o.e.m.c.i.embedder.EclipseLogger - Copying 1 resource
2024-04-23 09:48:34,275 [Worker-16: Building] WARN  o.e.m.c.i.embedder.EclipseLogger - Using platform encoding (MS949 actually) to copy filtered resources, i.e. build is platform dependent!
2024-04-23 09:48:34,278 [Worker-16: Building] INFO  o.e.m.c.i.embedder.EclipseLogger - Copying 1 resource
2024-04-23 09:48:51,200 [Worker-17: Building Project test] WARN  o.e.m.c.i.embedder.EclipseLogger - Using platform encoding (MS949 actually) to copy filtered resources, i.e. build is platform dependent!
2024-04-23 09:48:51,203 [Worker-17: Building Project test] INFO  o.e.m.c.i.embedder.EclipseLogger - Copying 1 resource
2024-04-23 09:48:51,208 [Worker-17: Building Project test] WARN  o.e.m.c.i.embedder.EclipseLogger - Using platform encoding (MS949 actually) to copy filtered resources, i.e. build is platform dependent!
2024-04-23 09:48:51,209 [Worker-17: Building Project test] INFO  o.e.m.c.i.embedder.EclipseLogger - Copying 1 resource
2024-04-23 09:48:54,871 [Worker-17: Building] WARN  o.e.m.c.i.embedder.EclipseLogger - Using platform encoding (MS949 actually) to copy filtered resources, i.e. build is platform dependent!
2024-04-23 09:48:54,874 [Worker-17: Building] INFO  o.e.m.c.i.embedder.EclipseLogger - Copying 1 resource
2024-04-23 09:48:54,879 [Worker-17: Building] WARN  o.e.m.c.i.embedder.EclipseLogger - Using platform encoding (MS949 actually) to copy filtered resources, i.e. build is platform dependent!
2024-04-23 09:48:54,882 [Worker-17: Building] INFO  o.e.m.c.i.embedder.EclipseLogger - Copying 1 resource
2024-04-23 10:03:00,410 [Worker-3: Loading available Gradle versions] INFO  o.e.b.c.i.u.g.PublishedGradleVersions - Gradle version information cache is up-to-date. Trying to read.
2024-04-23 10:03:54,710 [Worker-9: Building] INFO  o.e.m.c.i.l.LifecycleMappingFactory - Using org.maven.ide.eclipse.wtp.WarLifecycleMapping lifecycle mapping for MavenProject: kost.web:controller:1.0.0-BUILD-SNAPSHOT @ C:\Edu\Spring\springFramework\workSpace\test\pom.xml.
2024-04-23 10:03:57,398 [Worker-9: Building] WARN  o.e.m.c.i.embedder.EclipseLogger - Using platform encoding (MS949 actually) to copy filtered resources, i.e. build is platform dependent!
2024-04-23 10:03:57,407 [Worker-9: Building] INFO  o.e.m.c.i.embedder.EclipseLogger - Copying 1 resource
2024-04-23 10:03:57,416 [Worker-9: Building] WARN  o.e.m.c.i.embedder.EclipseLogger - Using platform encoding (MS949 actually) to copy filtered resources, i.e. build is platform dependent!
2024-04-23 10:03:57,418 [Worker-9: Building] INFO  o.e.m.c.i.embedder.EclipseLogger - Copying 1 resource
2024-04-23 10:03:57,424 [Worker-9: Building] INFO  o.e.m.w.i.f.ResourceFilteringBuildParticipant - Changed resources require a complete clean of filtered resources of test
2024-04-23 10:03:57,425 [Worker-9: Building] INFO  o.e.m.w.i.f.ResourceFilteringBuildParticipant - Executing resource filtering for test
2024-04-23 10:03:57,445 [Worker-9: Building] WARN  o.e.m.c.i.embedder.EclipseLogger - Using platform encoding (MS949 actually) to copy filtered resources, i.e. build is platform dependent!
2024-04-23 10:04:00,083 [Worker-4: Building] WARN  o.e.m.c.i.embedder.EclipseLogger - Using platform encoding (MS949 actually) to copy filtered resources, i.e. build is platform dependent!
2024-04-23 10:04:00,093 [Worker-4: Building] INFO  o.e.m.c.i.embedder.EclipseLogger - Copying 1 resource
2024-04-23 10:04:00,104 [Worker-4: Building] WARN  o.e.m.c.i.embedder.EclipseLogger - Using platform encoding (MS949 actually) to copy filtered resources, i.e. build is platform dependent!
2024-04-23 10:04:00,108 [Worker-4: Building] INFO  o.e.m.c.i.embedder.EclipseLogger - Copying 1 resource
2024-04-23 10:04:05,794 [Worker-5: Building] WARN  o.e.m.c.i.embedder.EclipseLogger - Using platform encoding (MS949 actually) to copy filtered resources, i.e. build is platform dependent!
2024-04-23 10:04:05,799 [Worker-5: Building] INFO  o.e.m.c.i.embedder.EclipseLogger - Copying 1 resource
2024-04-23 10:04:05,803 [Worker-5: Building] WARN  o.e.m.c.i.embedder.EclipseLogger - Using platform encoding (MS949 actually) to copy filtered resources, i.e. build is platform dependent!
2024-04-23 10:04:05,805 [Worker-5: Building] INFO  o.e.m.c.i.embedder.EclipseLogger - Copying 0 resource
2024-04-23 10:04:28,425 [Worker-8: Building] WARN  o.e.m.c.i.embedder.EclipseLogger - Using platform encoding (MS949 actually) to copy filtered resources, i.e. build is platform dependent!
2024-04-23 10:04:28,427 [Worker-8: Building] INFO  o.e.m.c.i.embedder.EclipseLogger - Copying 1 resource
2024-04-23 10:04:28,428 [Worker-8: Building] WARN  o.e.m.c.i.embedder.EclipseLogger - Using platform encoding (MS949 actually) to copy filtered resources, i.e. build is platform dependent!
2024-04-23 10:04:28,430 [Worker-8: Building] INFO  o.e.m.c.i.embedder.EclipseLogger - Copying 0 resource
2024-04-23 10:04:48,920 [Worker-6: Building] WARN  o.e.m.c.i.embedder.EclipseLogger - Using platform encoding (MS949 actually) to copy filtered resources, i.e. build is platform dependent!
2024-04-23 10:04:48,922 [Worker-6: Building] INFO  o.e.m.c.i.embedder.EclipseLogger - Copying 1 resource
2024-04-23 10:04:48,924 [Worker-6: Building] WARN  o.e.m.c.i.embedder.EclipseLogger - Using platform encoding (MS949 actually) to copy filtered resources, i.e. build is platform dependent!
2024-04-23 10:04:48,925 [Worker-6: Building] INFO  o.e.m.c.i.embedder.EclipseLogger - Copying 0 resource
2024-04-23 10:04:52,968 [Worker-4: Building] WARN  o.e.m.c.i.embedder.EclipseLogger - Using platform encoding (MS949 actually) to copy filtered resources, i.e. build is platform dependent!
2024-04-23 10:04:52,970 [Worker-4: Building] INFO  o.e.m.c.i.embedder.EclipseLogger - Copying 1 resource
2024-04-23 10:04:52,971 [Worker-4: Building] WARN  o.e.m.c.i.embedder.EclipseLogger - Using platform encoding (MS949 actually) to copy filtered resources, i.e. build is platform dependent!
2024-04-23 10:04:52,972 [Worker-4: Building] INFO  o.e.m.c.i.embedder.EclipseLogger - Copying 0 resource
2026-05-06 11:22:16,614 [Worker-2: Loading available Gradle versions] INFO  o.e.b.c.i.u.g.PublishedGradleVersions - Gradle version information cache is not available. Remote download required.
2026-05-06 11:22:19,889 [Worker-10: Building] INFO  o.e.m.c.i.e.AbstractTransferListenerAdapter - Downloaded https://repo.maven.apache.org/maven2/org/springframework/spring-context/3.1.1.RELEASE/spring-context-3.1.1.RELEASE.pom
2026-05-06 11:22:19,952 [Worker-10: Building] INFO  o.e.m.c.i.e.AbstractTransferListenerAdapter - Downloaded https://repo.maven.apache.org/maven2/org/springframework/spring-parent/3.1.1.RELEASE/spring-parent-3.1.1.RELEASE.pom
2026-05-06 11:22:20,011 [Worker-10: Building] INFO  o.e.m.c.i.e.AbstractTransferListenerAdapter - Downloaded https://repo.maven.apache.org/maven2/org/springframework/spring-aop/3.1.1.RELEASE/spring-aop-3.1.1.RELEASE.pom
2026-05-06 11:22:20,071 [Worker-10: Building] INFO  o.e.m.c.i.e.AbstractTransferListenerAdapter - Downloaded https://repo.maven.apache.org/maven2/aopalliance/aopalliance/1.0/aopalliance-1.0.pom
2026-05-06 11:22:20,137 [Worker-10: Building] INFO  o.e.m.c.i.e.AbstractTransferListenerAdapter - Downloaded https://repo.maven.apache.org/maven2/org/springframework/spring-asm/3.1.1.RELEASE/spring-asm-3.1.1.RELEASE.pom
2026-05-06 11:22:20,191 [Worker-10: Building] INFO  o.e.m.c.i.e.AbstractTransferListenerAdapter - Downloaded https://repo.maven.apache.org/maven2/org/springframework/spring-beans/3.1.1.RELEASE/spring-beans-3.1.1.RELEASE.pom
2026-05-06 11:22:20,271 [Worker-10: Building] INFO  o.e.m.c.i.e.AbstractTransferListenerAdapter - Downloaded https://repo.maven.apache.org/maven2/org/springframework/spring-core/3.1.1.RELEASE/spring-core-3.1.1.RELEASE.pom
2026-05-06 11:22:20,330 [Worker-10: Building] INFO  o.e.m.c.i.e.AbstractTransferListenerAdapter - Downloaded https://repo.maven.apache.org/maven2/org/springframework/spring-expression/3.1.1.RELEASE/spring-expression-3.1.1.RELEASE.pom
2026-05-06 11:22:20,433 [Worker-10: Building] INFO  o.e.m.c.i.e.AbstractTransferListenerAdapter - Downloaded https://repo.maven.apache.org/maven2/org/springframework/spring-webmvc/3.1.1.RELEASE/spring-webmvc-3.1.1.RELEASE.pom
2026-05-06 11:22:20,518 [Worker-10: Building] INFO  o.e.m.c.i.e.AbstractTransferListenerAdapter - Downloaded https://repo.maven.apache.org/maven2/commons-logging/commons-logging/1.1.1/commons-logging-1.1.1.pom
2026-05-06 11:22:20,605 [Worker-10: Building] INFO  o.e.m.c.i.e.AbstractTransferListenerAdapter - Downloaded https://repo.maven.apache.org/maven2/org/apache/commons/commons-parent/5/commons-parent-5.pom
2026-05-06 11:22:20,689 [Worker-10: Building] INFO  o.e.m.c.i.e.AbstractTransferListenerAdapter - Downloaded https://repo.maven.apache.org/maven2/org/apache/apache/4/apache-4.pom
2026-05-06 11:22:20,747 [Worker-10: Building] INFO  o.e.m.c.i.e.AbstractTransferListenerAdapter - Downloaded https://repo.maven.apache.org/maven2/org/springframework/spring-context-support/3.1.1.RELEASE/spring-context-support-3.1.1.RELEASE.pom
2026-05-06 11:22:20,818 [Worker-10: Building] INFO  o.e.m.c.i.e.AbstractTransferListenerAdapter - Downloaded https://repo.maven.apache.org/maven2/org/springframework/spring-web/3.1.1.RELEASE/spring-web-3.1.1.RELEASE.pom
2026-05-06 11:22:20,873 [Worker-10: Building] INFO  o.e.m.c.i.e.AbstractTransferListenerAdapter - Downloaded https://repo.maven.apache.org/maven2/org/aspectj/aspectjrt/1.6.10/aspectjrt-1.6.10.pom
2026-05-06 11:22:20,936 [Worker-10: Building] INFO  o.e.m.c.i.e.AbstractTransferListenerAdapter - Downloaded https://repo.maven.apache.org/maven2/org/slf4j/slf4j-api/1.6.6/slf4j-api-1.6.6.pom
2026-05-06 11:22:20,999 [Worker-10: Building] INFO  o.e.m.c.i.e.AbstractTransferListenerAdapter - Downloaded https://repo.maven.apache.org/maven2/org/slf4j/slf4j-parent/1.6.6/slf4j-parent-1.6.6.pom
2026-05-06 11:22:21,063 [Worker-10: Building] INFO  o.e.m.c.i.e.AbstractTransferListenerAdapter - Downloaded https://repo.maven.apache.org/maven2/org/slf4j/jcl-over-slf4j/1.6.6/jcl-over-slf4j-1.6.6.pom
2026-05-06 11:22:21,133 [Worker-10: Building] INFO  o.e.m.c.i.e.AbstractTransferListenerAdapter - Downloaded https://repo.maven.apache.org/maven2/org/slf4j/slf4j-log4j12/1.6.6/slf4j-log4j12-1.6.6.pom
2026-05-06 11:22:21,213 [Worker-10: Building] INFO  o.e.m.c.i.e.AbstractTransferListenerAdapter - Downloaded https://repo.maven.apache.org/maven2/log4j/log4j/1.2.17/log4j-1.2.17.pom
2026-05-06 11:22:21,270 [Worker-10: Building] INFO  o.e.m.c.i.e.AbstractTransferListenerAdapter - Downloaded https://repo.maven.apache.org/maven2/log4j/log4j/1.2.15/log4j-1.2.15.pom
2026-05-06 11:22:21,338 [Worker-10: Building] INFO  o.e.m.c.i.e.AbstractTransferListenerAdapter - Downloaded https://repo.maven.apache.org/maven2/javax/inject/javax.inject/1/javax.inject-1.pom
2026-05-06 11:22:21,397 [Worker-10: Building] INFO  o.e.m.c.i.e.AbstractTransferListenerAdapter - Downloaded https://repo.maven.apache.org/maven2/javax/servlet/servlet-api/2.5/servlet-api-2.5.pom
2026-05-06 11:22:21,445 [Worker-10: Building] INFO  o.e.m.c.i.e.AbstractTransferListenerAdapter - Downloaded https://repo.maven.apache.org/maven2/javax/servlet/jsp/jsp-api/2.1/jsp-api-2.1.pom
2026-05-06 11:22:21,511 [Worker-10: Building] INFO  o.e.m.c.i.e.AbstractTransferListenerAdapter - Downloaded https://repo.maven.apache.org/maven2/javax/servlet/jstl/1.2/jstl-1.2.pom
2026-05-06 11:22:21,572 [Worker-10: Building] INFO  o.e.m.c.i.e.AbstractTransferListenerAdapter - Downloaded https://repo.maven.apache.org/maven2/junit/junit/4.7/junit-4.7.pom
2026-05-06 11:22:21,646 [Worker-10: Building] INFO  o.e.m.c.i.e.AbstractTransferListenerAdapter - Downloaded https://repo.maven.apache.org/maven2/org/projectlombok/lombok/1.18.32/lombok-1.18.32.pom
2026-05-06 11:22:21,679 [AetherRepositoryConnector-repo.maven.apache.org-0-0] INFO  o.e.m.c.i.e.AbstractTransferListenerAdapter - Downloading https://repo.maven.apache.org/maven2/org/springframework/spring-context/3.1.1.RELEASE/spring-context-3.1.1.RELEASE.jar
2026-05-06 11:22:21,703 [AetherRepositoryConnector-repo.maven.apache.org-0-4] INFO  o.e.m.c.i.e.AbstractTransferListenerAdapter - Downloading https://repo.maven.apache.org/maven2/org/springframework/spring-core/3.1.1.RELEASE/spring-core-3.1.1.RELEASE.jar
2026-05-06 11:22:21,709 [AetherRepositoryConnector-repo.maven.apache.org-0-1] INFO  o.e.m.c.i.e.AbstractTransferListenerAdapter - Downloading https://repo.maven.apache.org/maven2/org/springframework/spring-aop/3.1.1.RELEASE/spring-aop-3.1.1.RELEASE.jar
2026-05-06 11:22:21,709 [AetherRepositoryConnector-repo.maven.apache.org-0-3] INFO  o.e.m.c.i.e.AbstractTransferListenerAdapter - Downloading https://repo.maven.apache.org/maven2/org/springframework/spring-beans/3.1.1.RELEASE/spring-beans-3.1.1.RELEASE.jar
2026-05-06 11:22:21,711 [AetherRepositoryConnector-repo.maven.apache.org-0-2] INFO  o.e.m.c.i.e.AbstractTransferListenerAdapter - Downloading https://repo.maven.apache.org/maven2/aopalliance/aopalliance/1.0/aopalliance-1.0.jar
2026-05-06 11:22:21,770 [AetherRepositoryConnector-repo.maven.apache.org-0-0] INFO  o.e.m.c.i.e.AbstractTransferListenerAdapter - Downloaded https://repo.maven.apache.org/maven2/org/springframework/spring-context/3.1.1.RELEASE/spring-context-3.1.1.RELEASE.jar
2026-05-06 11:22:21,776 [AetherRepositoryConnector-repo.maven.apache.org-0-2] INFO  o.e.m.c.i.e.AbstractTransferListenerAdapter - Downloaded https://repo.maven.apache.org/maven2/aopalliance/aopalliance/1.0/aopalliance-1.0.jar
2026-05-06 11:22:21,794 [AetherRepositoryConnector-repo.maven.apache.org-0-1] INFO  o.e.m.c.i.e.AbstractTransferListenerAdapter - Downloaded https://repo.maven.apache.org/maven2/org/springframework/spring-aop/3.1.1.RELEASE/spring-aop-3.1.1.RELEASE.jar
2026-05-06 11:22:21,801 [AetherRepositoryConnector-repo.maven.apache.org-0-2] INFO  o.e.m.c.i.e.AbstractTransferListenerAdapter - Downloading https://repo.maven.apache.org/maven2/org/springframework/spring-asm/3.1.1.RELEASE/spring-asm-3.1.1.RELEASE.jar
2026-05-06 11:22:21,804 [AetherRepositoryConnector-repo.maven.apache.org-0-0] INFO  o.e.m.c.i.e.AbstractTransferListenerAdapter - Downloading https://repo.maven.apache.org/maven2/org/springframework/spring-expression/3.1.1.RELEASE/spring-expression-3.1.1.RELEASE.jar
2026-05-06 11:22:21,816 [AetherRepositoryConnector-repo.maven.apache.org-0-3] INFO  o.e.m.c.i.e.AbstractTransferListenerAdapter - Downloaded https://repo.maven.apache.org/maven2/org/springframework/spring-beans/3.1.1.RELEASE/spring-beans-3.1.1.RELEASE.jar
2026-05-06 11:22:21,822 [AetherRepositoryConnector-repo.maven.apache.org-0-1] INFO  o.e.m.c.i.e.AbstractTransferListenerAdapter - Downloading https://repo.maven.apache.org/maven2/org/springframework/spring-webmvc/3.1.1.RELEASE/spring-webmvc-3.1.1.RELEASE.jar
2026-05-06 11:22:21,832 [AetherRepositoryConnector-repo.maven.apache.org-0-4] INFO  o.e.m.c.i.e.AbstractTransferListenerAdapter - Downloaded https://repo.maven.apache.org/maven2/org/springframework/spring-core/3.1.1.RELEASE/spring-core-3.1.1.RELEASE.jar
2026-05-06 11:22:21,836 [AetherRepositoryConnector-repo.maven.apache.org-0-3] INFO  o.e.m.c.i.e.AbstractTransferListenerAdapter - Downloading https://repo.maven.apache.org/maven2/org/springframework/spring-context-support/3.1.1.RELEASE/spring-context-support-3.1.1.RELEASE.jar
2026-05-06 11:22:21,845 [AetherRepositoryConnector-repo.maven.apache.org-0-4] INFO  o.e.m.c.i.e.AbstractTransferListenerAdapter - Downloading https://repo.maven.apache.org/maven2/org/springframework/spring-web/3.1.1.RELEASE/spring-web-3.1.1.RELEASE.jar
2026-05-06 11:22:21,849 [AetherRepositoryConnector-repo.maven.apache.org-0-2] INFO  o.e.m.c.i.e.AbstractTransferListenerAdapter - Downloaded https://repo.maven.apache.org/maven2/org/springframework/spring-asm/3.1.1.RELEASE/spring-asm-3.1.1.RELEASE.jar
2026-05-06 11:22:21,849 [AetherRepositoryConnector-repo.maven.apache.org-0-0] INFO  o.e.m.c.i.e.AbstractTransferListenerAdapter - Downloaded https://repo.maven.apache.org/maven2/org/springframework/spring-expression/3.1.1.RELEASE/spring-expression-3.1.1.RELEASE.jar
2026-05-06 11:22:21,865 [AetherRepositoryConnector-repo.maven.apache.org-0-2] INFO  o.e.m.c.i.e.AbstractTransferListenerAdapter - Downloading https://repo.maven.apache.org/maven2/org/aspectj/aspectjrt/1.6.10/aspectjrt-1.6.10.jar
2026-05-06 11:22:21,873 [AetherRepositoryConnector-repo.maven.apache.org-0-0] INFO  o.e.m.c.i.e.AbstractTransferListenerAdapter - Downloading https://repo.maven.apache.org/maven2/org/slf4j/slf4j-api/1.6.6/slf4j-api-1.6.6.jar
2026-05-06 11:22:21,884 [AetherRepositoryConnector-repo.maven.apache.org-0-3] INFO  o.e.m.c.i.e.AbstractTransferListenerAdapter - Downloaded https://repo.maven.apache.org/maven2/org/springframework/spring-context-support/3.1.1.RELEASE/spring-context-support-3.1.1.RELEASE.jar
2026-05-06 11:22:21,884 [AetherRepositoryConnector-repo.maven.apache.org-0-1] INFO  o.e.m.c.i.e.AbstractTransferListenerAdapter - Downloaded https://repo.maven.apache.org/maven2/org/springframework/spring-webmvc/3.1.1.RELEASE/spring-webmvc-3.1.1.RELEASE.jar
2026-05-06 11:22:21,896 [AetherRepositoryConnector-repo.maven.apache.org-0-3] INFO  o.e.m.c.i.e.AbstractTransferListenerAdapter - Downloading https://repo.maven.apache.org/maven2/org/slf4j/jcl-over-slf4j/1.6.6/jcl-over-slf4j-1.6.6.jar
2026-05-06 11:22:21,908 [AetherRepositoryConnector-repo.maven.apache.org-0-1] INFO  o.e.m.c.i.e.AbstractTransferListenerAdapter - Downloading https://repo.maven.apache.org/maven2/org/slf4j/slf4j-log4j12/1.6.6/slf4j-log4j12-1.6.6.jar
2026-05-06 11:22:21,918 [AetherRepositoryConnector-repo.maven.apache.org-0-2] INFO  o.e.m.c.i.e.AbstractTransferListenerAdapter - Downloaded https://repo.maven.apache.org/maven2/org/aspectj/aspectjrt/1.6.10/aspectjrt-1.6.10.jar
2026-05-06 11:22:21,936 [AetherRepositoryConnector-repo.maven.apache.org-0-4] INFO  o.e.m.c.i.e.AbstractTransferListenerAdapter - Downloaded https://repo.maven.apache.org/maven2/org/springframework/spring-web/3.1.1.RELEASE/spring-web-3.1.1.RELEASE.jar
2026-05-06 11:22:21,938 [AetherRepositoryConnector-repo.maven.apache.org-0-2] INFO  o.e.m.c.i.e.AbstractTransferListenerAdapter - Downloading https://repo.maven.apache.org/maven2/log4j/log4j/1.2.15/log4j-1.2.15.jar
2026-05-06 11:22:22,021 [AetherRepositoryConnector-repo.maven.apache.org-0-4] INFO  o.e.m.c.i.e.AbstractTransferListenerAdapter - Downloading https://repo.maven.apache.org/maven2/javax/inject/javax.inject/1/javax.inject-1.jar
2026-05-06 11:22:22,049 [AetherRepositoryConnector-repo.maven.apache.org-0-1] INFO  o.e.m.c.i.e.AbstractTransferListenerAdapter - Downloaded https://repo.maven.apache.org/maven2/org/slf4j/slf4j-log4j12/1.6.6/slf4j-log4j12-1.6.6.jar
2026-05-06 11:22:22,063 [AetherRepositoryConnector-repo.maven.apache.org-0-4] INFO  o.e.m.c.i.e.AbstractTransferListenerAdapter - Downloaded https://repo.maven.apache.org/maven2/javax/inject/javax.inject/1/javax.inject-1.jar
2026-05-06 11:22:22,063 [AetherRepositoryConnector-repo.maven.apache.org-0-2] INFO  o.e.m.c.i.e.AbstractTransferListenerAdapter - Downloaded https://repo.maven.apache.org/maven2/log4j/log4j/1.2.15/log4j-1.2.15.jar
2026-05-06 11:22:22,075 [AetherRepositoryConnector-repo.maven.apache.org-0-3] INFO  o.e.m.c.i.e.AbstractTransferListenerAdapter - Downloaded https://repo.maven.apache.org/maven2/org/slf4j/jcl-over-slf4j/1.6.6/jcl-over-slf4j-1.6.6.jar
2026-05-06 11:22:22,078 [AetherRepositoryConnector-repo.maven.apache.org-0-1] INFO  o.e.m.c.i.e.AbstractTransferListenerAdapter - Downloading https://repo.maven.apache.org/maven2/javax/servlet/servlet-api/2.5/servlet-api-2.5.jar
2026-05-06 11:22:22,083 [AetherRepositoryConnector-repo.maven.apache.org-0-4] INFO  o.e.m.c.i.e.AbstractTransferListenerAdapter - Downloading https://repo.maven.apache.org/maven2/javax/servlet/jsp/jsp-api/2.1/jsp-api-2.1.jar
2026-05-06 11:22:22,088 [AetherRepositoryConnector-repo.maven.apache.org-0-2] INFO  o.e.m.c.i.e.AbstractTransferListenerAdapter - Downloading https://repo.maven.apache.org/maven2/javax/servlet/jstl/1.2/jstl-1.2.jar
2026-05-06 11:22:22,108 [AetherRepositoryConnector-repo.maven.apache.org-0-3] INFO  o.e.m.c.i.e.AbstractTransferListenerAdapter - Downloading https://repo.maven.apache.org/maven2/junit/junit/4.7/junit-4.7.jar
2026-05-06 11:22:22,132 [AetherRepositoryConnector-repo.maven.apache.org-0-1] INFO  o.e.m.c.i.e.AbstractTransferListenerAdapter - Downloaded https://repo.maven.apache.org/maven2/javax/servlet/servlet-api/2.5/servlet-api-2.5.jar
2026-05-06 11:22:22,145 [AetherRepositoryConnector-repo.maven.apache.org-0-4] INFO  o.e.m.c.i.e.AbstractTransferListenerAdapter - Downloaded https://repo.maven.apache.org/maven2/javax/servlet/jsp/jsp-api/2.1/jsp-api-2.1.jar
2026-05-06 11:22:22,166 [AetherRepositoryConnector-repo.maven.apache.org-0-0] INFO  o.e.m.c.i.e.AbstractTransferListenerAdapter - Downloaded https://repo.maven.apache.org/maven2/org/slf4j/slf4j-api/1.6.6/slf4j-api-1.6.6.jar
2026-05-06 11:22:22,166 [AetherRepositoryConnector-repo.maven.apache.org-0-2] INFO  o.e.m.c.i.e.AbstractTransferListenerAdapter - Downloaded https://repo.maven.apache.org/maven2/javax/servlet/jstl/1.2/jstl-1.2.jar
2026-05-06 11:22:22,189 [AetherRepositoryConnector-repo.maven.apache.org-0-1] INFO  o.e.m.c.i.e.AbstractTransferListenerAdapter - Downloading https://repo.maven.apache.org/maven2/org/projectlombok/lombok/1.18.32/lombok-1.18.32.jar
2026-05-06 11:22:22,224 [AetherRepositoryConnector-repo.maven.apache.org-0-3] INFO  o.e.m.c.i.e.AbstractTransferListenerAdapter - Downloaded https://repo.maven.apache.org/maven2/junit/junit/4.7/junit-4.7.jar
2026-05-06 11:22:22,332 [AetherRepositoryConnector-repo.maven.apache.org-0-1] INFO  o.e.m.c.i.e.AbstractTransferListenerAdapter - Downloaded https://repo.maven.apache.org/maven2/org/projectlombok/lombok/1.18.32/lombok-1.18.32.jar
2026-05-06 11:22:26,514 [Worker-10: Building] INFO  o.e.m.c.i.e.AbstractTransferListenerAdapter - Downloaded https://repo.maven.apache.org/maven2/org/apache/maven/plugins/maven-resources-plugin/2.6/maven-resources-plugin-2.6.pom
2026-05-06 11:27:20,944 [Worker-2: Loading available Gradle versions] INFO  o.e.b.c.i.u.g.PublishedGradleVersions - Gradle version information cache is up-to-date. Trying to read.
2026-05-06 11:27:30,879 [Worker-13: Building] WARN  o.e.m.c.i.embedder.EclipseLogger - Using platform encoding (MS949 actually) to copy filtered resources, i.e. build is platform dependent!
2026-05-06 11:27:30,896 [Worker-13: Building] INFO  o.e.m.c.i.embedder.EclipseLogger - Copying 1 resource
2026-05-06 11:27:30,910 [Worker-13: Building] WARN  o.e.m.c.i.embedder.EclipseLogger - Using platform encoding (MS949 actually) to copy filtered resources, i.e. build is platform dependent!
2026-05-06 11:27:30,912 [Worker-13: Building] INFO  o.e.m.c.i.embedder.EclipseLogger - Copying 1 resource
2026-05-06 11:28:13,536 [Worker-0: Cleaning all projects] INFO  o.e.m.w.i.f.ResourceFilteringBuildParticipant - Cleaning filtered folder for test
2026-05-06 11:28:14,082 [Worker-13: Building] WARN  o.e.m.c.i.embedder.EclipseLogger - Using platform encoding (MS949 actually) to copy filtered resources, i.e. build is platform dependent!
2026-05-06 11:28:14,092 [Worker-13: Building] INFO  o.e.m.c.i.embedder.EclipseLogger - Copying 1 resource
2026-05-06 11:28:14,098 [Worker-13: Building] WARN  o.e.m.c.i.embedder.EclipseLogger - Using platform encoding (MS949 actually) to copy filtered resources, i.e. build is platform dependent!
2026-05-06 11:28:14,100 [Worker-13: Building] INFO  o.e.m.c.i.embedder.EclipseLogger - Copying 1 resource
2026-05-06 11:28:14,104 [Worker-13: Building] INFO  o.e.m.w.i.f.ResourceFilteringBuildParticipant - Changed resources require a complete clean of filtered resources of test
2026-05-06 11:28:14,105 [Worker-13: Building] INFO  o.e.m.w.i.f.ResourceFilteringBuildParticipant - Executing resource filtering for test
2026-05-06 11:28:14,309 [Worker-13: Building] WARN  o.e.m.c.i.embedder.EclipseLogger - Using platform encoding (MS949 actually) to copy filtered resources, i.e. build is platform dependent!
2026-05-06 11:56:39,983 [Worker-19: Building workspace] INFO  o.e.m.c.i.l.LifecycleMappingFactory - Using org.maven.ide.eclipse.wtp.WarLifecycleMapping lifecycle mapping for MavenProject: kosta.web:controller:1.0.0-BUILD-SNAPSHOT @ C:\Edu\Spring\springFramework\workSpace\aaa\pom.xml.
2026-05-06 11:56:41,197 [Worker-19: Building workspace] WARN  o.e.m.c.i.embedder.EclipseLogger - Using platform encoding (MS949 actually) to copy filtered resources, i.e. build is platform dependent!
2026-05-06 11:56:41,199 [Worker-19: Building workspace] INFO  o.e.m.c.i.embedder.EclipseLogger - Copying 1 resource
2026-05-06 11:56:41,202 [Worker-19: Building workspace] WARN  o.e.m.c.i.embedder.EclipseLogger - Using platform encoding (MS949 actually) to copy filtered resources, i.e. build is platform dependent!
2026-05-06 11:56:41,203 [Worker-19: Building workspace] INFO  o.e.m.c.i.embedder.EclipseLogger - Copying 1 resource
2026-05-06 11:56:42,468 [Worker-23: Building] WARN  o.e.m.c.i.embedder.EclipseLogger - Using platform encoding (MS949 actually) to copy filtered resources, i.e. build is platform dependent!
2026-05-06 11:56:42,473 [Worker-23: Building] INFO  o.e.m.c.i.embedder.EclipseLogger - Copying 1 resource
2026-05-06 11:56:42,477 [Worker-23: Building] WARN  o.e.m.c.i.embedder.EclipseLogger - Using platform encoding (MS949 actually) to copy filtered resources, i.e. build is platform dependent!
2026-05-06 11:56:42,479 [Worker-23: Building] INFO  o.e.m.c.i.embedder.EclipseLogger - Copying 1 resource
2026-05-06 11:57:02,401 [Worker-20: Building] INFO  o.e.m.c.i.l.LifecycleMappingFactory - Using org.maven.ide.eclipse.wtp.WarLifecycleMapping lifecycle mapping for MavenProject: kosta.web:controller:1.0.0-BUILD-SNAPSHOT @ C:\Edu\Spring\springFramework\workSpace\aaa\pom.xml.
2026-05-06 11:57:02,920 [Worker-20: Building] WARN  o.e.m.c.i.embedder.EclipseLogger - Using platform encoding (MS949 actually) to copy filtered resources, i.e. build is platform dependent!
2026-05-06 11:57:02,921 [Worker-20: Building] INFO  o.e.m.c.i.embedder.EclipseLogger - Copying 0 resource
2026-05-06 11:57:02,922 [Worker-20: Building] WARN  o.e.m.c.i.embedder.EclipseLogger - Using platform encoding (MS949 actually) to copy filtered resources, i.e. build is platform dependent!
2026-05-06 11:57:02,923 [Worker-20: Building] INFO  o.e.m.c.i.embedder.EclipseLogger - Copying 0 resource
2026-05-06 11:57:02,923 [Worker-20: Building] INFO  o.e.m.w.i.f.ResourceFilteringBuildParticipant - Changed resources require a complete clean of filtered resources of aaa
2026-05-06 11:57:02,923 [Worker-20: Building] INFO  o.e.m.w.i.f.ResourceFilteringBuildParticipant - Executing resource filtering for aaa
2026-05-06 11:57:02,927 [Worker-20: Building] WARN  o.e.m.c.i.embedder.EclipseLogger - Using platform encoding (MS949 actually) to copy filtered resources, i.e. build is platform dependent!
2026-05-06 11:57:04,574 [Worker-19: Building] WARN  o.e.m.c.i.embedder.EclipseLogger - Using platform encoding (MS949 actually) to copy filtered resources, i.e. build is platform dependent!
2026-05-06 11:57:04,576 [Worker-19: Building] INFO  o.e.m.c.i.embedder.EclipseLogger - Copying 1 resource
2026-05-06 11:57:04,580 [Worker-19: Building] WARN  o.e.m.c.i.embedder.EclipseLogger - Using platform encoding (MS949 actually) to copy filtered resources, i.e. build is platform dependent!
2026-05-06 11:57:04,583 [Worker-19: Building] INFO  o.e.m.c.i.embedder.EclipseLogger - Copying 1 resource
2026-05-06 11:58:27,732 [Worker-17: Building] WARN  o.e.m.c.i.embedder.EclipseLogger - Using platform encoding (MS949 actually) to copy filtered resources, i.e. build is platform dependent!
2026-05-06 11:58:27,734 [Worker-17: Building] INFO  o.e.m.c.i.embedder.EclipseLogger - Copying 1 resource
2026-05-06 11:58:27,739 [Worker-17: Building] WARN  o.e.m.c.i.embedder.EclipseLogger - Using platform encoding (MS949 actually) to copy filtered resources, i.e. build is platform dependent!
2026-05-06 11:58:27,740 [Worker-17: Building] INFO  o.e.m.c.i.embedder.EclipseLogger - Copying 1 resource
2026-05-06 11:59:09,005 [Worker-24: Building] WARN  o.e.m.c.i.embedder.EclipseLogger - Using platform encoding (MS949 actually) to copy filtered resources, i.e. build is platform dependent!
2026-05-06 11:59:09,006 [Worker-24: Building] INFO  o.e.m.c.i.embedder.EclipseLogger - Copying 1 resource
2026-05-06 11:59:09,009 [Worker-24: Building] WARN  o.e.m.c.i.embedder.EclipseLogger - Using platform encoding (MS949 actually) to copy filtered resources, i.e. build is platform dependent!
2026-05-06 11:59:09,010 [Worker-24: Building] INFO  o.e.m.c.i.embedder.EclipseLogger - Copying 1 resource
2026-05-06 12:00:16,841 [Worker-17: Building] WARN  o.e.m.c.i.embedder.EclipseLogger - Using platform encoding (MS949 actually) to copy filtered resources, i.e. build is platform dependent!
2026-05-06 12:00:16,844 [Worker-17: Building] INFO  o.e.m.c.i.embedder.EclipseLogger - Copying 1 resource
2026-05-06 12:00:16,847 [Worker-17: Building] WARN  o.e.m.c.i.embedder.EclipseLogger - Using platform encoding (MS949 actually) to copy filtered resources, i.e. build is platform dependent!
2026-05-06 12:00:16,849 [Worker-17: Building] INFO  o.e.m.c.i.embedder.EclipseLogger - Copying 1 resource
2026-05-06 12:19:42,563 [Worker-33: Building] WARN  o.e.m.c.i.embedder.EclipseLogger - Using platform encoding (MS949 actually) to copy filtered resources, i.e. build is platform dependent!
2026-05-06 12:19:42,565 [Worker-33: Building] INFO  o.e.m.c.i.embedder.EclipseLogger - Copying 1 resource
2026-05-06 12:19:42,569 [Worker-33: Building] WARN  o.e.m.c.i.embedder.EclipseLogger - Using platform encoding (MS949 actually) to copy filtered resources, i.e. build is platform dependent!
2026-05-06 12:19:42,570 [Worker-33: Building] INFO  o.e.m.c.i.embedder.EclipseLogger - Copying 1 resource
2026-05-06 14:34:12,981 [Worker-87: Creating maven-archetype-quickstart] INFO  o.e.m.c.i.p.ProjectConfigurationManager - Collecting project info '/pom.xml' C:\Edu\Spring\springFramework\workSpace\step01_SpringDI\pom.xml
2026-05-06 14:34:15,577 [Worker-87: Creating maven-archetype-quickstart] INFO  o.e.m.c.i.l.LifecycleMappingFactory - Using org.eclipse.m2e.jdt.JarLifecycleMapping lifecycle mapping for MavenProject: step01_SpringDI:step01_SpringDI:0.0.1-SNAPSHOT @ C:\Edu\Spring\springFramework\workSpace\step01_SpringDI\pom.xml.
2026-05-06 14:34:16,107 [Worker-87: Creating maven-archetype-quickstart] INFO  o.e.m.j.i.AbstractJavaProjectConfigurator - Adding source folder /step01_SpringDI/src/main/java
2026-05-06 14:34:16,117 [Worker-87: Creating maven-archetype-quickstart] INFO  o.e.m.j.i.AbstractJavaProjectConfigurator - Adding source folder /step01_SpringDI/src/test/java
2026-05-06 14:34:16,196 [Worker-87: Creating maven-archetype-quickstart] INFO  o.e.m.c.i.p.ProjectConfigurationManager - Imported and configured 1 project(s) in 3 sec
2026-05-06 14:34:16,439 [Worker-86: Building] INFO  o.e.m.c.i.embedder.EclipseLogger - Using 'UTF-8' encoding to copy filtered resources.
2026-05-06 14:34:16,439 [Worker-86: Building] INFO  o.e.m.c.i.embedder.EclipseLogger - skip non existing resourceDirectory C:\Edu\Spring\springFramework\workSpace\step01_SpringDI\src\main\resources
2026-05-06 14:34:16,440 [Worker-86: Building] INFO  o.e.m.c.i.embedder.EclipseLogger - Using 'UTF-8' encoding to copy filtered resources.
2026-05-06 14:34:16,441 [Worker-86: Building] INFO  o.e.m.c.i.embedder.EclipseLogger - skip non existing resourceDirectory C:\Edu\Spring\springFramework\workSpace\step01_SpringDI\src\test\resources
2026-05-06 14:38:44,305 [Worker-85: Building] INFO  o.e.m.c.i.l.LifecycleMappingFactory - Using org.eclipse.m2e.jdt.JarLifecycleMapping lifecycle mapping for MavenProject: step01_SpringDI:step01_SpringDI:0.0.1-SNAPSHOT @ C:\Edu\Spring\springFramework\workSpace\step01_SpringDI\pom.xml.
2026-05-06 14:38:44,449 [Worker-85: Building] INFO  o.e.m.c.i.embedder.EclipseLogger - Using 'UTF-8' encoding to copy filtered resources.
2026-05-06 14:38:44,449 [Worker-85: Building] INFO  o.e.m.c.i.embedder.EclipseLogger - skip non existing resourceDirectory C:\Edu\Spring\springFramework\workSpace\step01_SpringDI\src\main\resources
2026-05-06 14:38:44,450 [Worker-85: Building] INFO  o.e.m.c.i.embedder.EclipseLogger - Using 'UTF-8' encoding to copy filtered resources.
2026-05-06 14:38:44,450 [Worker-85: Building] INFO  o.e.m.c.i.embedder.EclipseLogger - skip non existing resourceDirectory C:\Edu\Spring\springFramework\workSpace\step01_SpringDI\src\test\resources
2026-05-06 14:38:45,707 [Worker-91: Building] INFO  o.e.m.c.i.embedder.EclipseLogger - Using 'UTF-8' encoding to copy filtered resources.
2026-05-06 14:38:45,707 [Worker-91: Building] INFO  o.e.m.c.i.embedder.EclipseLogger - skip non existing resourceDirectory C:\Edu\Spring\springFramework\workSpace\step01_SpringDI\src\main\resources
2026-05-06 14:38:45,708 [Worker-91: Building] INFO  o.e.m.c.i.embedder.EclipseLogger - Using 'UTF-8' encoding to copy filtered resources.
2026-05-06 14:38:45,708 [Worker-91: Building] INFO  o.e.m.c.i.embedder.EclipseLogger - skip non existing resourceDirectory C:\Edu\Spring\springFramework\workSpace\step01_SpringDI\src\test\resources
2026-05-06 14:42:22,871 [Worker-92: Building] INFO  o.e.m.c.i.embedder.EclipseLogger - Using 'UTF-8' encoding to copy filtered resources.
2026-05-06 14:42:22,871 [Worker-92: Building] INFO  o.e.m.c.i.embedder.EclipseLogger - skip non existing resourceDirectory C:\Edu\Spring\springFramework\workSpace\step01_SpringDI\src\main\resources
2026-05-06 14:42:22,872 [Worker-92: Building] INFO  o.e.m.c.i.embedder.EclipseLogger - Using 'UTF-8' encoding to copy filtered resources.
2026-05-06 14:42:22,872 [Worker-92: Building] INFO  o.e.m.c.i.embedder.EclipseLogger - skip non existing resourceDirectory C:\Edu\Spring\springFramework\workSpace\step01_SpringDI\src\test\resources
2026-05-06 14:42:38,682 [Worker-96: Building] INFO  o.e.m.c.i.embedder.EclipseLogger - Using 'UTF-8' encoding to copy filtered resources.
2026-05-06 14:42:38,683 [Worker-96: Building] INFO  o.e.m.c.i.embedder.EclipseLogger - skip non existing resourceDirectory C:\Edu\Spring\springFramework\workSpace\step01_SpringDI\src\main\resources
2026-05-06 14:42:38,683 [Worker-96: Building] INFO  o.e.m.c.i.embedder.EclipseLogger - Using 'UTF-8' encoding to copy filtered resources.
2026-05-06 14:42:38,684 [Worker-96: Building] INFO  o.e.m.c.i.embedder.EclipseLogger - skip non existing resourceDirectory C:\Edu\Spring\springFramework\workSpace\step01_SpringDI\src\test\resources
2026-05-06 14:43:42,509 [Worker-95: Building] INFO  o.e.m.c.i.embedder.EclipseLogger - Using 'UTF-8' encoding to copy filtered resources.
2026-05-06 14:43:42,509 [Worker-95: Building] INFO  o.e.m.c.i.embedder.EclipseLogger - skip non existing resourceDirectory C:\Edu\Spring\springFramework\workSpace\step01_SpringDI\src\main\resources
2026-05-06 14:43:42,510 [Worker-95: Building] INFO  o.e.m.c.i.embedder.EclipseLogger - Using 'UTF-8' encoding to copy filtered resources.
2026-05-06 14:43:42,511 [Worker-95: Building] INFO  o.e.m.c.i.embedder.EclipseLogger - skip non existing resourceDirectory C:\Edu\Spring\springFramework\workSpace\step01_SpringDI\src\test\resources
2026-05-06 14:45:08,756 [Worker-96: Building] INFO  o.e.m.c.i.embedder.EclipseLogger - Using 'UTF-8' encoding to copy filtered resources.
2026-05-06 14:45:08,756 [Worker-96: Building] INFO  o.e.m.c.i.embedder.EclipseLogger - skip non existing resourceDirectory C:\Edu\Spring\springFramework\workSpace\step01_SpringDI\src\main\resources
2026-05-06 14:45:08,757 [Worker-96: Building] INFO  o.e.m.c.i.embedder.EclipseLogger - Using 'UTF-8' encoding to copy filtered resources.
2026-05-06 14:45:08,757 [Worker-96: Building] INFO  o.e.m.c.i.embedder.EclipseLogger - skip non existing resourceDirectory C:\Edu\Spring\springFramework\workSpace\step01_SpringDI\src\test\resources
2026-05-06 14:46:21,516 [Worker-97: Building] INFO  o.e.m.c.i.embedder.EclipseLogger - Using 'UTF-8' encoding to copy filtered resources.
2026-05-06 14:46:21,516 [Worker-97: Building] INFO  o.e.m.c.i.embedder.EclipseLogger - skip non existing resourceDirectory C:\Edu\Spring\springFramework\workSpace\step01_SpringDI\src\main\resources
2026-05-06 14:46:21,519 [Worker-97: Building] INFO  o.e.m.c.i.embedder.EclipseLogger - Using 'UTF-8' encoding to copy filtered resources.
2026-05-06 14:46:21,519 [Worker-97: Building] INFO  o.e.m.c.i.embedder.EclipseLogger - skip non existing resourceDirectory C:\Edu\Spring\springFramework\workSpace\step01_SpringDI\src\test\resources
2026-05-06 14:46:33,401 [Worker-96: Building] INFO  o.e.m.c.i.embedder.EclipseLogger - Using 'UTF-8' encoding to copy filtered resources.
2026-05-06 14:46:33,401 [Worker-96: Building] INFO  o.e.m.c.i.embedder.EclipseLogger - skip non existing resourceDirectory C:\Edu\Spring\springFramework\workSpace\step01_SpringDI\src\main\resources
2026-05-06 14:46:33,402 [Worker-96: Building] INFO  o.e.m.c.i.embedder.EclipseLogger - Using 'UTF-8' encoding to copy filtered resources.
2026-05-06 14:46:33,402 [Worker-96: Building] INFO  o.e.m.c.i.embedder.EclipseLogger - skip non existing resourceDirectory C:\Edu\Spring\springFramework\workSpace\step01_SpringDI\src\test\resources
2026-05-06 14:47:23,108 [Worker-98: Building] INFO  o.e.m.c.i.embedder.EclipseLogger - Using 'UTF-8' encoding to copy filtered resources.
2026-05-06 14:47:23,108 [Worker-98: Building] INFO  o.e.m.c.i.embedder.EclipseLogger - skip non existing resourceDirectory C:\Edu\Spring\springFramework\workSpace\step01_SpringDI\src\main\resources
2026-05-06 14:47:23,109 [Worker-98: Building] INFO  o.e.m.c.i.embedder.EclipseLogger - Using 'UTF-8' encoding to copy filtered resources.
2026-05-06 14:47:23,109 [Worker-98: Building] INFO  o.e.m.c.i.embedder.EclipseLogger - skip non existing resourceDirectory C:\Edu\Spring\springFramework\workSpace\step01_SpringDI\src\test\resources
2026-05-06 14:48:08,538 [Worker-96: Building] INFO  o.e.m.c.i.embedder.EclipseLogger - Using 'UTF-8' encoding to copy filtered resources.
2026-05-06 14:48:08,538 [Worker-96: Building] INFO  o.e.m.c.i.embedder.EclipseLogger - skip non existing resourceDirectory C:\Edu\Spring\springFramework\workSpace\step01_SpringDI\src\main\resources
2026-05-06 14:48:08,539 [Worker-96: Building] INFO  o.e.m.c.i.embedder.EclipseLogger - Using 'UTF-8' encoding to copy filtered resources.
2026-05-06 14:48:08,539 [Worker-96: Building] INFO  o.e.m.c.i.embedder.EclipseLogger - skip non existing resourceDirectory C:\Edu\Spring\springFramework\workSpace\step01_SpringDI\src\test\resources
2026-05-06 14:48:09,836 [Worker-99: Building] INFO  o.e.m.c.i.embedder.EclipseLogger - Using 'UTF-8' encoding to copy filtered resources.
2026-05-06 14:48:09,836 [Worker-99: Building] INFO  o.e.m.c.i.embedder.EclipseLogger - skip non existing resourceDirectory C:\Edu\Spring\springFramework\workSpace\step01_SpringDI\src\main\resources
2026-05-06 14:48:09,837 [Worker-99: Building] INFO  o.e.m.c.i.embedder.EclipseLogger - Using 'UTF-8' encoding to copy filtered resources.
2026-05-06 14:48:09,838 [Worker-99: Building] INFO  o.e.m.c.i.embedder.EclipseLogger - skip non existing resourceDirectory C:\Edu\Spring\springFramework\workSpace\step01_SpringDI\src\test\resources
2026-05-06 14:48:24,285 [Worker-98: Building] INFO  o.e.m.c.i.embedder.EclipseLogger - Using 'UTF-8' encoding to copy filtered resources.
2026-05-06 14:48:24,285 [Worker-98: Building] INFO  o.e.m.c.i.embedder.EclipseLogger - skip non existing resourceDirectory C:\Edu\Spring\springFramework\workSpace\step01_SpringDI\src\main\resources
2026-05-06 14:48:24,286 [Worker-98: Building] INFO  o.e.m.c.i.embedder.EclipseLogger - Using 'UTF-8' encoding to copy filtered resources.
2026-05-06 14:48:24,286 [Worker-98: Building] INFO  o.e.m.c.i.embedder.EclipseLogger - skip non existing resourceDirectory C:\Edu\Spring\springFramework\workSpace\step01_SpringDI\src\test\resources
2026-05-06 14:48:34,204 [Worker-94: Building] INFO  o.e.m.c.i.embedder.EclipseLogger - Using 'UTF-8' encoding to copy filtered resources.
2026-05-06 14:48:34,205 [Worker-94: Building] INFO  o.e.m.c.i.embedder.EclipseLogger - skip non existing resourceDirectory C:\Edu\Spring\springFramework\workSpace\step01_SpringDI\src\main\resources
2026-05-06 14:48:34,205 [Worker-94: Building] INFO  o.e.m.c.i.embedder.EclipseLogger - Using 'UTF-8' encoding to copy filtered resources.
2026-05-06 14:48:34,206 [Worker-94: Building] INFO  o.e.m.c.i.embedder.EclipseLogger - skip non existing resourceDirectory C:\Edu\Spring\springFramework\workSpace\step01_SpringDI\src\test\resources
2026-05-06 14:48:46,165 [Worker-98: Building] INFO  o.e.m.c.i.embedder.EclipseLogger - Using 'UTF-8' encoding to copy filtered resources.
2026-05-06 14:48:46,165 [Worker-98: Building] INFO  o.e.m.c.i.embedder.EclipseLogger - skip non existing resourceDirectory C:\Edu\Spring\springFramework\workSpace\step01_SpringDI\src\main\resources
2026-05-06 14:48:46,166 [Worker-98: Building] INFO  o.e.m.c.i.embedder.EclipseLogger - Using 'UTF-8' encoding to copy filtered resources.
2026-05-06 14:48:46,166 [Worker-98: Building] INFO  o.e.m.c.i.embedder.EclipseLogger - skip non existing resourceDirectory C:\Edu\Spring\springFramework\workSpace\step01_SpringDI\src\test\resources
2026-05-06 14:50:25,066 [Worker-96: Building] INFO  o.e.m.c.i.embedder.EclipseLogger - Using 'UTF-8' encoding to copy filtered resources.
2026-05-06 14:50:25,066 [Worker-96: Building] INFO  o.e.m.c.i.embedder.EclipseLogger - skip non existing resourceDirectory C:\Edu\Spring\springFramework\workSpace\step01_SpringDI\src\main\resources
2026-05-06 14:50:25,068 [Worker-96: Building] INFO  o.e.m.c.i.embedder.EclipseLogger - Using 'UTF-8' encoding to copy filtered resources.
2026-05-06 14:50:25,068 [Worker-96: Building] INFO  o.e.m.c.i.embedder.EclipseLogger - skip non existing resourceDirectory C:\Edu\Spring\springFramework\workSpace\step01_SpringDI\src\test\resources
2026-05-06 14:50:57,460 [Worker-98: Building] INFO  o.e.m.c.i.embedder.EclipseLogger - Using 'UTF-8' encoding to copy filtered resources.
2026-05-06 14:50:57,460 [Worker-98: Building] INFO  o.e.m.c.i.embedder.EclipseLogger - skip non existing resourceDirectory C:\Edu\Spring\springFramework\workSpace\step01_SpringDI\src\main\resources
2026-05-06 14:50:57,461 [Worker-98: Building] INFO  o.e.m.c.i.embedder.EclipseLogger - Using 'UTF-8' encoding to copy filtered resources.
2026-05-06 14:50:57,461 [Worker-98: Building] INFO  o.e.m.c.i.embedder.EclipseLogger - skip non existing resourceDirectory C:\Edu\Spring\springFramework\workSpace\step01_SpringDI\src\test\resources
2026-05-06 14:51:05,824 [Worker-98: Building] INFO  o.e.m.c.i.embedder.EclipseLogger - Using 'UTF-8' encoding to copy filtered resources.
2026-05-06 14:51:05,824 [Worker-98: Building] INFO  o.e.m.c.i.embedder.EclipseLogger - skip non existing resourceDirectory C:\Edu\Spring\springFramework\workSpace\step01_SpringDI\src\main\resources
2026-05-06 14:51:05,825 [Worker-98: Building] INFO  o.e.m.c.i.embedder.EclipseLogger - Using 'UTF-8' encoding to copy filtered resources.
2026-05-06 14:51:05,825 [Worker-98: Building] INFO  o.e.m.c.i.embedder.EclipseLogger - skip non existing resourceDirectory C:\Edu\Spring\springFramework\workSpace\step01_SpringDI\src\test\resources
2026-05-06 14:54:02,984 [Worker-98: Building] INFO  o.e.m.c.i.embedder.EclipseLogger - Using 'UTF-8' encoding to copy filtered resources.
2026-05-06 14:54:02,985 [Worker-98: Building] INFO  o.e.m.c.i.embedder.EclipseLogger - skip non existing resourceDirectory C:\Edu\Spring\springFramework\workSpace\step01_SpringDI\src\main\resources
2026-05-06 14:54:02,986 [Worker-98: Building] INFO  o.e.m.c.i.embedder.EclipseLogger - Using 'UTF-8' encoding to copy filtered resources.
2026-05-06 14:54:02,986 [Worker-98: Building] INFO  o.e.m.c.i.embedder.EclipseLogger - skip non existing resourceDirectory C:\Edu\Spring\springFramework\workSpace\step01_SpringDI\src\test\resources
2026-05-06 14:55:37,520 [Worker-102: Building] INFO  o.e.m.c.i.embedder.EclipseLogger - Using 'UTF-8' encoding to copy filtered resources.
2026-05-06 14:55:37,520 [Worker-102: Building] INFO  o.e.m.c.i.embedder.EclipseLogger - skip non existing resourceDirectory C:\Edu\Spring\springFramework\workSpace\step01_SpringDI\src\main\resources
2026-05-06 14:55:37,521 [Worker-102: Building] INFO  o.e.m.c.i.embedder.EclipseLogger - Using 'UTF-8' encoding to copy filtered resources.
2026-05-06 14:55:37,521 [Worker-102: Building] INFO  o.e.m.c.i.embedder.EclipseLogger - skip non existing resourceDirectory C:\Edu\Spring\springFramework\workSpace\step01_SpringDI\src\test\resources
2026-05-06 14:56:11,841 [Worker-101: Building] INFO  o.e.m.c.i.embedder.EclipseLogger - Using 'UTF-8' encoding to copy filtered resources.
2026-05-06 14:56:11,841 [Worker-101: Building] INFO  o.e.m.c.i.embedder.EclipseLogger - skip non existing resourceDirectory C:\Edu\Spring\springFramework\workSpace\step01_SpringDI\src\main\resources
2026-05-06 14:56:11,842 [Worker-101: Building] INFO  o.e.m.c.i.embedder.EclipseLogger - Using 'UTF-8' encoding to copy filtered resources.
2026-05-06 14:56:11,843 [Worker-101: Building] INFO  o.e.m.c.i.embedder.EclipseLogger - skip non existing resourceDirectory C:\Edu\Spring\springFramework\workSpace\step01_SpringDI\src\test\resources
2026-05-06 14:56:27,182 [Worker-98: Building] INFO  o.e.m.c.i.embedder.EclipseLogger - Using 'UTF-8' encoding to copy filtered resources.
2026-05-06 14:56:27,182 [Worker-98: Building] INFO  o.e.m.c.i.embedder.EclipseLogger - skip non existing resourceDirectory C:\Edu\Spring\springFramework\workSpace\step01_SpringDI\src\main\resources
2026-05-06 14:56:27,183 [Worker-98: Building] INFO  o.e.m.c.i.embedder.EclipseLogger - Using 'UTF-8' encoding to copy filtered resources.
2026-05-06 14:56:27,183 [Worker-98: Building] INFO  o.e.m.c.i.embedder.EclipseLogger - skip non existing resourceDirectory C:\Edu\Spring\springFramework\workSpace\step01_SpringDI\src\test\resources
2026-05-06 14:57:00,759 [Worker-101: Building] INFO  o.e.m.c.i.embedder.EclipseLogger - Using 'UTF-8' encoding to copy filtered resources.
2026-05-06 14:57:00,760 [Worker-101: Building] INFO  o.e.m.c.i.embedder.EclipseLogger - skip non existing resourceDirectory C:\Edu\Spring\springFramework\workSpace\step01_SpringDI\src\main\resources
2026-05-06 14:57:00,760 [Worker-101: Building] INFO  o.e.m.c.i.embedder.EclipseLogger - Using 'UTF-8' encoding to copy filtered resources.
2026-05-06 14:57:00,760 [Worker-101: Building] INFO  o.e.m.c.i.embedder.EclipseLogger - skip non existing resourceDirectory C:\Edu\Spring\springFramework\workSpace\step01_SpringDI\src\test\resources
2026-05-06 14:57:18,008 [Worker-100: Building] INFO  o.e.m.c.i.embedder.EclipseLogger - Using 'UTF-8' encoding to copy filtered resources.
2026-05-06 14:57:18,008 [Worker-100: Building] INFO  o.e.m.c.i.embedder.EclipseLogger - skip non existing resourceDirectory C:\Edu\Spring\springFramework\workSpace\step01_SpringDI\src\main\resources
2026-05-06 14:57:18,009 [Worker-100: Building] INFO  o.e.m.c.i.embedder.EclipseLogger - Using 'UTF-8' encoding to copy filtered resources.
2026-05-06 14:57:18,009 [Worker-100: Building] INFO  o.e.m.c.i.embedder.EclipseLogger - skip non existing resourceDirectory C:\Edu\Spring\springFramework\workSpace\step01_SpringDI\src\test\resources
2026-05-06 14:58:28,130 [Start Help Server] INFO  org.eclipse.jetty.server.Server - jetty-10.0.5; built: 2021-06-11T14:18:43.438Z; git: dc21b2d73cafd78a56e8e532cf50863739bd7027; jvm 11.0.0.1+3-5
2026-05-06 14:58:28,163 [Start Help Server] INFO  o.e.j.s.s.DefaultSessionIdManager - Session workerName=node0
2026-05-06 14:58:28,193 [Start Help Server] INFO  o.e.j.server.handler.ContextHandler - Started o.e.j.s.ServletContextHandler@9be289c{/help,null,AVAILABLE}
2026-05-06 14:58:28,208 [Start Help Server] INFO  o.e.jetty.server.AbstractConnector - Started ServerConnector@5a7f44c0{HTTP/1.1, (http/1.1)}{127.0.0.1:63174}
2026-05-06 14:58:28,210 [Start Help Server] INFO  org.eclipse.jetty.server.Server - Started Server@5553ab10{STARTING}[10.0.5,sto=0] @12684851ms
2026-05-06 15:01:10,757 [Worker-101: Building] INFO  o.e.m.c.i.embedder.EclipseLogger - Using 'UTF-8' encoding to copy filtered resources.
2026-05-06 15:01:10,757 [Worker-101: Building] INFO  o.e.m.c.i.embedder.EclipseLogger - skip non existing resourceDirectory C:\Edu\Spring\springFramework\workSpace\step01_SpringDI\src\main\resources
2026-05-06 15:01:10,758 [Worker-101: Building] INFO  o.e.m.c.i.embedder.EclipseLogger - Using 'UTF-8' encoding to copy filtered resources.
2026-05-06 15:01:10,759 [Worker-101: Building] INFO  o.e.m.c.i.embedder.EclipseLogger - skip non existing resourceDirectory C:\Edu\Spring\springFramework\workSpace\step01_SpringDI\src\test\resources
2026-05-06 15:01:49,602 [Worker-101: Launching MainApp] INFO  o.e.m.c.i.embedder.EclipseLogger - Using 'UTF-8' encoding to copy filtered resources.
2026-05-06 15:01:49,603 [Worker-101: Launching MainApp] INFO  o.e.m.c.i.embedder.EclipseLogger - skip non existing resourceDirectory C:\Edu\Spring\springFramework\workSpace\step01_SpringDI\src\main\resources
2026-05-06 15:01:49,604 [Worker-101: Launching MainApp] INFO  o.e.m.c.i.embedder.EclipseLogger - Using 'UTF-8' encoding to copy filtered resources.
2026-05-06 15:01:49,604 [Worker-101: Launching MainApp] INFO  o.e.m.c.i.embedder.EclipseLogger - skip non existing resourceDirectory C:\Edu\Spring\springFramework\workSpace\step01_SpringDI\src\test\resources
2026-05-06 15:04:18,669 [Worker-101: Building] INFO  o.e.m.c.i.embedder.EclipseLogger - Using 'UTF-8' encoding to copy filtered resources.
2026-05-06 15:04:18,669 [Worker-101: Building] INFO  o.e.m.c.i.embedder.EclipseLogger - skip non existing resourceDirectory C:\Edu\Spring\springFramework\workSpace\step01_SpringDI\src\main\resources
2026-05-06 15:04:18,669 [Worker-101: Building] INFO  o.e.m.c.i.embedder.EclipseLogger - Using 'UTF-8' encoding to copy filtered resources.
2026-05-06 15:04:18,669 [Worker-101: Building] INFO  o.e.m.c.i.embedder.EclipseLogger - skip non existing resourceDirectory C:\Edu\Spring\springFramework\workSpace\step01_SpringDI\src\test\resources
2026-05-06 15:05:56,640 [Worker-108: Building] INFO  o.e.m.c.i.embedder.EclipseLogger - Using 'UTF-8' encoding to copy filtered resources.
2026-05-06 15:05:56,640 [Worker-108: Building] INFO  o.e.m.c.i.embedder.EclipseLogger - skip non existing resourceDirectory C:\Edu\Spring\springFramework\workSpace\step01_SpringDI\src\main\resources
2026-05-06 15:05:56,641 [Worker-108: Building] INFO  o.e.m.c.i.embedder.EclipseLogger - Using 'UTF-8' encoding to copy filtered resources.
2026-05-06 15:05:56,641 [Worker-108: Building] INFO  o.e.m.c.i.embedder.EclipseLogger - skip non existing resourceDirectory C:\Edu\Spring\springFramework\workSpace\step01_SpringDI\src\test\resources
2026-05-06 15:05:57,720 [Worker-103: Building] INFO  o.e.m.c.i.embedder.EclipseLogger - Using 'UTF-8' encoding to copy filtered resources.
2026-05-06 15:05:57,720 [Worker-103: Building] INFO  o.e.m.c.i.embedder.EclipseLogger - skip non existing resourceDirectory C:\Edu\Spring\springFramework\workSpace\step01_SpringDI\src\main\resources
2026-05-06 15:05:57,721 [Worker-103: Building] INFO  o.e.m.c.i.embedder.EclipseLogger - Using 'UTF-8' encoding to copy filtered resources.
2026-05-06 15:05:57,721 [Worker-103: Building] INFO  o.e.m.c.i.embedder.EclipseLogger - skip non existing resourceDirectory C:\Edu\Spring\springFramework\workSpace\step01_SpringDI\src\test\resources
2026-05-06 15:33:53,309 [Worker-119: Building] INFO  o.e.m.c.i.embedder.EclipseLogger - Using 'UTF-8' encoding to copy filtered resources.
2026-05-06 15:33:53,309 [Worker-119: Building] INFO  o.e.m.c.i.embedder.EclipseLogger - skip non existing resourceDirectory C:\Edu\Spring\springFramework\workSpace\step01_SpringDI\src\main\resources
2026-05-06 15:33:53,310 [Worker-119: Building] INFO  o.e.m.c.i.embedder.EclipseLogger - Using 'UTF-8' encoding to copy filtered resources.
2026-05-06 15:33:53,310 [Worker-119: Building] INFO  o.e.m.c.i.embedder.EclipseLogger - skip non existing resourceDirectory C:\Edu\Spring\springFramework\workSpace\step01_SpringDI\src\test\resources
2026-05-06 15:35:05,619 [Worker-101: Building] INFO  o.e.m.c.i.embedder.EclipseLogger - Using 'UTF-8' encoding to copy filtered resources.
2026-05-06 15:35:05,619 [Worker-101: Building] INFO  o.e.m.c.i.embedder.EclipseLogger - skip non existing resourceDirectory C:\Edu\Spring\springFramework\workSpace\step01_SpringDI\src\main\resources
2026-05-06 15:35:05,620 [Worker-101: Building] INFO  o.e.m.c.i.embedder.EclipseLogger - Using 'UTF-8' encoding to copy filtered resources.
2026-05-06 15:35:05,620 [Worker-101: Building] INFO  o.e.m.c.i.embedder.EclipseLogger - skip non existing resourceDirectory C:\Edu\Spring\springFramework\workSpace\step01_SpringDI\src\test\resources
2026-05-06 15:35:35,955 [Worker-118: Building] INFO  o.e.m.c.i.embedder.EclipseLogger - Using 'UTF-8' encoding to copy filtered resources.
2026-05-06 15:35:35,955 [Worker-118: Building] INFO  o.e.m.c.i.embedder.EclipseLogger - skip non existing resourceDirectory C:\Edu\Spring\springFramework\workSpace\step01_SpringDI\src\main\resources
2026-05-06 15:35:35,956 [Worker-118: Building] INFO  o.e.m.c.i.embedder.EclipseLogger - Using 'UTF-8' encoding to copy filtered resources.
2026-05-06 15:35:35,956 [Worker-118: Building] INFO  o.e.m.c.i.embedder.EclipseLogger - skip non existing resourceDirectory C:\Edu\Spring\springFramework\workSpace\step01_SpringDI\src\test\resources
2026-05-06 15:38:19,830 [Worker-123: Building] INFO  o.e.m.c.i.embedder.EclipseLogger - Using 'UTF-8' encoding to copy filtered resources.
2026-05-06 15:38:19,831 [Worker-123: Building] INFO  o.e.m.c.i.embedder.EclipseLogger - skip non existing resourceDirectory C:\Edu\Spring\springFramework\workSpace\step01_SpringDI\src\main\resources
2026-05-06 15:38:19,831 [Worker-123: Building] INFO  o.e.m.c.i.embedder.EclipseLogger - Using 'UTF-8' encoding to copy filtered resources.
2026-05-06 15:38:19,832 [Worker-123: Building] INFO  o.e.m.c.i.embedder.EclipseLogger - skip non existing resourceDirectory C:\Edu\Spring\springFramework\workSpace\step01_SpringDI\src\test\resources
2026-05-06 15:39:48,969 [Worker-101: Building] INFO  o.e.m.c.i.embedder.EclipseLogger - Using 'UTF-8' encoding to copy filtered resources.
2026-05-06 15:39:48,970 [Worker-101: Building] INFO  o.e.m.c.i.embedder.EclipseLogger - skip non existing resourceDirectory C:\Edu\Spring\springFramework\workSpace\step01_SpringDI\src\main\resources
2026-05-06 15:39:48,970 [Worker-101: Building] INFO  o.e.m.c.i.embedder.EclipseLogger - Using 'UTF-8' encoding to copy filtered resources.
2026-05-06 15:39:48,971 [Worker-101: Building] INFO  o.e.m.c.i.embedder.EclipseLogger - skip non existing resourceDirectory C:\Edu\Spring\springFramework\workSpace\step01_SpringDI\src\test\resources
2026-05-06 15:39:51,185 [Worker-122: Launching MainApp] INFO  o.e.m.c.i.embedder.EclipseLogger - Using 'UTF-8' encoding to copy filtered resources.
2026-05-06 15:39:51,186 [Worker-122: Launching MainApp] INFO  o.e.m.c.i.embedder.EclipseLogger - skip non existing resourceDirectory C:\Edu\Spring\springFramework\workSpace\step01_SpringDI\src\main\resources
2026-05-06 15:39:51,186 [Worker-122: Launching MainApp] INFO  o.e.m.c.i.embedder.EclipseLogger - Using 'UTF-8' encoding to copy filtered resources.
2026-05-06 15:39:51,187 [Worker-122: Launching MainApp] INFO  o.e.m.c.i.embedder.EclipseLogger - skip non existing resourceDirectory C:\Edu\Spring\springFramework\workSpace\step01_SpringDI\src\test\resources
2026-05-06 15:40:15,615 [Worker-101: Building] INFO  o.e.m.c.i.embedder.EclipseLogger - Using 'UTF-8' encoding to copy filtered resources.
2026-05-06 15:40:15,615 [Worker-101: Building] INFO  o.e.m.c.i.embedder.EclipseLogger - skip non existing resourceDirectory C:\Edu\Spring\springFramework\workSpace\step01_SpringDI\src\main\resources
2026-05-06 15:40:15,616 [Worker-101: Building] INFO  o.e.m.c.i.embedder.EclipseLogger - Using 'UTF-8' encoding to copy filtered resources.
2026-05-06 15:40:15,617 [Worker-101: Building] INFO  o.e.m.c.i.embedder.EclipseLogger - skip non existing resourceDirectory C:\Edu\Spring\springFramework\workSpace\step01_SpringDI\src\test\resources
2026-05-06 15:40:32,848 [Worker-124: Building] INFO  o.e.m.c.i.embedder.EclipseLogger - Using 'UTF-8' encoding to copy filtered resources.
2026-05-06 15:40:32,848 [Worker-124: Building] INFO  o.e.m.c.i.embedder.EclipseLogger - skip non existing resourceDirectory C:\Edu\Spring\springFramework\workSpace\step01_SpringDI\src\main\resources
2026-05-06 15:40:32,849 [Worker-124: Building] INFO  o.e.m.c.i.embedder.EclipseLogger - Using 'UTF-8' encoding to copy filtered resources.
2026-05-06 15:40:32,849 [Worker-124: Building] INFO  o.e.m.c.i.embedder.EclipseLogger - skip non existing resourceDirectory C:\Edu\Spring\springFramework\workSpace\step01_SpringDI\src\test\resources
2026-05-06 15:40:59,688 [Worker-122: Building] INFO  o.e.m.c.i.embedder.EclipseLogger - Using 'UTF-8' encoding to copy filtered resources.
2026-05-06 15:40:59,688 [Worker-122: Building] INFO  o.e.m.c.i.embedder.EclipseLogger - skip non existing resourceDirectory C:\Edu\Spring\springFramework\workSpace\step01_SpringDI\src\main\resources
2026-05-06 15:40:59,689 [Worker-122: Building] INFO  o.e.m.c.i.embedder.EclipseLogger - Using 'UTF-8' encoding to copy filtered resources.
2026-05-06 15:40:59,689 [Worker-122: Building] INFO  o.e.m.c.i.embedder.EclipseLogger - skip non existing resourceDirectory C:\Edu\Spring\springFramework\workSpace\step01_SpringDI\src\test\resources
2026-05-06 15:49:57,892 [Worker-128: Building] INFO  o.e.m.c.i.embedder.EclipseLogger - Using 'UTF-8' encoding to copy filtered resources.
2026-05-06 15:49:57,892 [Worker-128: Building] INFO  o.e.m.c.i.embedder.EclipseLogger - skip non existing resourceDirectory C:\Edu\Spring\springFramework\workSpace\step01_SpringDI\src\main\resources
2026-05-06 15:49:57,893 [Worker-128: Building] INFO  o.e.m.c.i.embedder.EclipseLogger - Using 'UTF-8' encoding to copy filtered resources.
2026-05-06 15:49:57,893 [Worker-128: Building] INFO  o.e.m.c.i.embedder.EclipseLogger - skip non existing resourceDirectory C:\Edu\Spring\springFramework\workSpace\step01_SpringDI\src\test\resources
2026-05-06 15:56:58,084 [Worker-131: Building] INFO  o.e.m.c.i.embedder.EclipseLogger - Using 'UTF-8' encoding to copy filtered resources.
2026-05-06 15:56:58,084 [Worker-131: Building] INFO  o.e.m.c.i.embedder.EclipseLogger - skip non existing resourceDirectory C:\Edu\Spring\springFramework\workSpace\step01_SpringDI\src\main\resources
2026-05-06 15:56:58,085 [Worker-131: Building] INFO  o.e.m.c.i.embedder.EclipseLogger - Using 'UTF-8' encoding to copy filtered resources.
2026-05-06 15:56:58,086 [Worker-131: Building] INFO  o.e.m.c.i.embedder.EclipseLogger - skip non existing resourceDirectory C:\Edu\Spring\springFramework\workSpace\step01_SpringDI\src\test\resources
2026-05-06 15:59:51,228 [Worker-131: Building] INFO  o.e.m.c.i.embedder.EclipseLogger - Using 'UTF-8' encoding to copy filtered resources.
2026-05-06 15:59:51,228 [Worker-131: Building] INFO  o.e.m.c.i.embedder.EclipseLogger - skip non existing resourceDirectory C:\Edu\Spring\springFramework\workSpace\step01_SpringDI\src\main\resources
2026-05-06 15:59:51,229 [Worker-131: Building] INFO  o.e.m.c.i.embedder.EclipseLogger - Using 'UTF-8' encoding to copy filtered resources.
2026-05-06 15:59:51,229 [Worker-131: Building] INFO  o.e.m.c.i.embedder.EclipseLogger - skip non existing resourceDirectory C:\Edu\Spring\springFramework\workSpace\step01_SpringDI\src\test\resources
2026-05-06 16:01:52,290 [Worker-128: Building] INFO  o.e.m.c.i.embedder.EclipseLogger - Using 'UTF-8' encoding to copy filtered resources.
2026-05-06 16:01:52,290 [Worker-128: Building] INFO  o.e.m.c.i.embedder.EclipseLogger - skip non existing resourceDirectory C:\Edu\Spring\springFramework\workSpace\step01_SpringDI\src\main\resources
2026-05-06 16:01:52,291 [Worker-128: Building] INFO  o.e.m.c.i.embedder.EclipseLogger - Using 'UTF-8' encoding to copy filtered resources.
2026-05-06 16:01:52,291 [Worker-128: Building] INFO  o.e.m.c.i.embedder.EclipseLogger - skip non existing resourceDirectory C:\Edu\Spring\springFramework\workSpace\step01_SpringDI\src\test\resources
2026-05-06 16:03:00,136 [Worker-129: Building] INFO  o.e.m.c.i.embedder.EclipseLogger - Using 'UTF-8' encoding to copy filtered resources.
2026-05-06 16:03:00,136 [Worker-129: Building] INFO  o.e.m.c.i.embedder.EclipseLogger - skip non existing resourceDirectory C:\Edu\Spring\springFramework\workSpace\step01_SpringDI\src\main\resources
2026-05-06 16:03:00,137 [Worker-129: Building] INFO  o.e.m.c.i.embedder.EclipseLogger - Using 'UTF-8' encoding to copy filtered resources.
2026-05-06 16:03:00,137 [Worker-129: Building] INFO  o.e.m.c.i.embedder.EclipseLogger - skip non existing resourceDirectory C:\Edu\Spring\springFramework\workSpace\step01_SpringDI\src\test\resources
2026-05-06 16:04:15,121 [Worker-129: Building] INFO  o.e.m.c.i.embedder.EclipseLogger - Using 'UTF-8' encoding to copy filtered resources.
2026-05-06 16:04:15,121 [Worker-129: Building] INFO  o.e.m.c.i.embedder.EclipseLogger - skip non existing resourceDirectory C:\Edu\Spring\springFramework\workSpace\step01_SpringDI\src\main\resources
2026-05-06 16:04:15,122 [Worker-129: Building] INFO  o.e.m.c.i.embedder.EclipseLogger - Using 'UTF-8' encoding to copy filtered resources.
2026-05-06 16:04:15,122 [Worker-129: Building] INFO  o.e.m.c.i.embedder.EclipseLogger - skip non existing resourceDirectory C:\Edu\Spring\springFramework\workSpace\step01_SpringDI\src\test\resources
2026-05-06 16:04:27,535 [Worker-129: Building] INFO  o.e.m.c.i.embedder.EclipseLogger - Using 'UTF-8' encoding to copy filtered resources.
2026-05-06 16:04:27,535 [Worker-129: Building] INFO  o.e.m.c.i.embedder.EclipseLogger - skip non existing resourceDirectory C:\Edu\Spring\springFramework\workSpace\step01_SpringDI\src\main\resources
2026-05-06 16:04:27,536 [Worker-129: Building] INFO  o.e.m.c.i.embedder.EclipseLogger - Using 'UTF-8' encoding to copy filtered resources.
2026-05-06 16:04:27,536 [Worker-129: Building] INFO  o.e.m.c.i.embedder.EclipseLogger - skip non existing resourceDirectory C:\Edu\Spring\springFramework\workSpace\step01_SpringDI\src\test\resources
2026-05-06 16:05:23,235 [Worker-132: Building] INFO  o.e.m.c.i.embedder.EclipseLogger - Using 'UTF-8' encoding to copy filtered resources.
2026-05-06 16:05:23,236 [Worker-132: Building] INFO  o.e.m.c.i.embedder.EclipseLogger - skip non existing resourceDirectory C:\Edu\Spring\springFramework\workSpace\step01_SpringDI\src\main\resources
2026-05-06 16:05:23,236 [Worker-132: Building] INFO  o.e.m.c.i.embedder.EclipseLogger - Using 'UTF-8' encoding to copy filtered resources.
2026-05-06 16:05:23,237 [Worker-132: Building] INFO  o.e.m.c.i.embedder.EclipseLogger - skip non existing resourceDirectory C:\Edu\Spring\springFramework\workSpace\step01_SpringDI\src\test\resources
2026-05-06 16:07:15,596 [Worker-129: Building] INFO  o.e.m.c.i.embedder.EclipseLogger - Using 'UTF-8' encoding to copy filtered resources.
2026-05-06 16:07:15,597 [Worker-129: Building] INFO  o.e.m.c.i.embedder.EclipseLogger - skip non existing resourceDirectory C:\Edu\Spring\springFramework\workSpace\step01_SpringDI\src\main\resources
2026-05-06 16:07:15,597 [Worker-129: Building] INFO  o.e.m.c.i.embedder.EclipseLogger - Using 'UTF-8' encoding to copy filtered resources.
2026-05-06 16:07:15,598 [Worker-129: Building] INFO  o.e.m.c.i.embedder.EclipseLogger - skip non existing resourceDirectory C:\Edu\Spring\springFramework\workSpace\step01_SpringDI\src\test\resources
2026-05-06 16:08:14,079 [Worker-135: Building] INFO  o.e.m.c.i.embedder.EclipseLogger - Using 'UTF-8' encoding to copy filtered resources.
2026-05-06 16:08:14,080 [Worker-135: Building] INFO  o.e.m.c.i.embedder.EclipseLogger - skip non existing resourceDirectory C:\Edu\Spring\springFramework\workSpace\step01_SpringDI\src\main\resources
2026-05-06 16:08:14,080 [Worker-135: Building] INFO  o.e.m.c.i.embedder.EclipseLogger - Using 'UTF-8' encoding to copy filtered resources.
2026-05-06 16:08:14,081 [Worker-135: Building] INFO  o.e.m.c.i.embedder.EclipseLogger - skip non existing resourceDirectory C:\Edu\Spring\springFramework\workSpace\step01_SpringDI\src\test\resources
2026-05-06 16:10:00,563 [Worker-132: Building] INFO  o.e.m.c.i.embedder.EclipseLogger - Using 'UTF-8' encoding to copy filtered resources.
2026-05-06 16:10:00,563 [Worker-132: Building] INFO  o.e.m.c.i.embedder.EclipseLogger - skip non existing resourceDirectory C:\Edu\Spring\springFramework\workSpace\step01_SpringDI\src\main\resources
2026-05-06 16:10:00,564 [Worker-132: Building] INFO  o.e.m.c.i.embedder.EclipseLogger - Using 'UTF-8' encoding to copy filtered resources.
2026-05-06 16:10:00,564 [Worker-132: Building] INFO  o.e.m.c.i.embedder.EclipseLogger - skip non existing resourceDirectory C:\Edu\Spring\springFramework\workSpace\step01_SpringDI\src\test\resources
2026-05-06 16:13:21,263 [Worker-139: Building] INFO  o.e.m.c.i.embedder.EclipseLogger - Using 'UTF-8' encoding to copy filtered resources.
2026-05-06 16:13:21,263 [Worker-139: Building] INFO  o.e.m.c.i.embedder.EclipseLogger - skip non existing resourceDirectory C:\Edu\Spring\springFramework\workSpace\step01_SpringDI\src\main\resources
2026-05-06 16:13:21,264 [Worker-139: Building] INFO  o.e.m.c.i.embedder.EclipseLogger - Using 'UTF-8' encoding to copy filtered resources.
2026-05-06 16:13:21,264 [Worker-139: Building] INFO  o.e.m.c.i.embedder.EclipseLogger - skip non existing resourceDirectory C:\Edu\Spring\springFramework\workSpace\step01_SpringDI\src\test\resources
2026-05-06 16:13:23,956 [Worker-139: Building] INFO  o.e.m.c.i.embedder.EclipseLogger - Using 'UTF-8' encoding to copy filtered resources.
2026-05-06 16:13:23,957 [Worker-139: Building] INFO  o.e.m.c.i.embedder.EclipseLogger - skip non existing resourceDirectory C:\Edu\Spring\springFramework\workSpace\step01_SpringDI\src\main\resources
2026-05-06 16:13:23,958 [Worker-139: Building] INFO  o.e.m.c.i.embedder.EclipseLogger - Using 'UTF-8' encoding to copy filtered resources.
2026-05-06 16:13:23,958 [Worker-139: Building] INFO  o.e.m.c.i.embedder.EclipseLogger - skip non existing resourceDirectory C:\Edu\Spring\springFramework\workSpace\step01_SpringDI\src\test\resources
2026-05-06 16:14:50,599 [Worker-139: Building] INFO  o.e.m.c.i.embedder.EclipseLogger - Using 'UTF-8' encoding to copy filtered resources.
2026-05-06 16:14:50,599 [Worker-139: Building] INFO  o.e.m.c.i.embedder.EclipseLogger - skip non existing resourceDirectory C:\Edu\Spring\springFramework\workSpace\step01_SpringDI\src\main\resources
2026-05-06 16:14:50,603 [Worker-139: Building] INFO  o.e.m.c.i.embedder.EclipseLogger - Using 'UTF-8' encoding to copy filtered resources.
2026-05-06 16:14:50,603 [Worker-139: Building] INFO  o.e.m.c.i.embedder.EclipseLogger - skip non existing resourceDirectory C:\Edu\Spring\springFramework\workSpace\step01_SpringDI\src\test\resources
2026-05-06 16:17:09,892 [Worker-134: Building] INFO  o.e.m.c.i.embedder.EclipseLogger - Using 'UTF-8' encoding to copy filtered resources.
2026-05-06 16:17:09,892 [Worker-134: Building] INFO  o.e.m.c.i.embedder.EclipseLogger - skip non existing resourceDirectory C:\Edu\Spring\springFramework\workSpace\step01_SpringDI\src\main\resources
2026-05-06 16:17:09,893 [Worker-134: Building] INFO  o.e.m.c.i.embedder.EclipseLogger - Using 'UTF-8' encoding to copy filtered resources.
2026-05-06 16:17:09,893 [Worker-134: Building] INFO  o.e.m.c.i.embedder.EclipseLogger - skip non existing resourceDirectory C:\Edu\Spring\springFramework\workSpace\step01_SpringDI\src\test\resources
2026-05-06 16:19:10,618 [Worker-143: Building] INFO  o.e.m.c.i.embedder.EclipseLogger - Using 'UTF-8' encoding to copy filtered resources.
2026-05-06 16:19:10,618 [Worker-143: Building] INFO  o.e.m.c.i.embedder.EclipseLogger - skip non existing resourceDirectory C:\Edu\Spring\springFramework\workSpace\step01_SpringDI\src\main\resources
2026-05-06 16:19:10,619 [Worker-143: Building] INFO  o.e.m.c.i.embedder.EclipseLogger - Using 'UTF-8' encoding to copy filtered resources.
2026-05-06 16:19:10,619 [Worker-143: Building] INFO  o.e.m.c.i.embedder.EclipseLogger - skip non existing resourceDirectory C:\Edu\Spring\springFramework\workSpace\step01_SpringDI\src\test\resources
2026-05-06 16:20:17,684 [Worker-145: Building] INFO  o.e.m.c.i.embedder.EclipseLogger - Using 'UTF-8' encoding to copy filtered resources.
2026-05-06 16:20:17,685 [Worker-145: Building] INFO  o.e.m.c.i.embedder.EclipseLogger - skip non existing resourceDirectory C:\Edu\Spring\springFramework\workSpace\step01_SpringDI\src\main\resources
2026-05-06 16:20:17,685 [Worker-145: Building] INFO  o.e.m.c.i.embedder.EclipseLogger - Using 'UTF-8' encoding to copy filtered resources.
2026-05-06 16:20:17,686 [Worker-145: Building] INFO  o.e.m.c.i.embedder.EclipseLogger - skip non existing resourceDirectory C:\Edu\Spring\springFramework\workSpace\step01_SpringDI\src\test\resources
2026-05-06 16:23:11,454 [Worker-134: Building] INFO  o.e.m.c.i.embedder.EclipseLogger - Using 'UTF-8' encoding to copy filtered resources.
2026-05-06 16:23:11,455 [Worker-134: Building] INFO  o.e.m.c.i.embedder.EclipseLogger - skip non existing resourceDirectory C:\Edu\Spring\springFramework\workSpace\step01_SpringDI\src\main\resources
2026-05-06 16:23:11,455 [Worker-134: Building] INFO  o.e.m.c.i.embedder.EclipseLogger - Using 'UTF-8' encoding to copy filtered resources.
2026-05-06 16:23:11,456 [Worker-134: Building] INFO  o.e.m.c.i.embedder.EclipseLogger - skip non existing resourceDirectory C:\Edu\Spring\springFramework\workSpace\step01_SpringDI\src\test\resources
2026-05-06 16:24:58,642 [Worker-134: Building] INFO  o.e.m.c.i.embedder.EclipseLogger - Using 'UTF-8' encoding to copy filtered resources.
2026-05-06 16:24:58,643 [Worker-134: Building] INFO  o.e.m.c.i.embedder.EclipseLogger - skip non existing resourceDirectory C:\Edu\Spring\springFramework\workSpace\step01_SpringDI\src\main\resources
2026-05-06 16:24:58,643 [Worker-134: Building] INFO  o.e.m.c.i.embedder.EclipseLogger - Using 'UTF-8' encoding to copy filtered resources.
2026-05-06 16:24:58,644 [Worker-134: Building] INFO  o.e.m.c.i.embedder.EclipseLogger - skip non existing resourceDirectory C:\Edu\Spring\springFramework\workSpace\step01_SpringDI\src\test\resources
2026-05-06 16:25:04,941 [Worker-148: Building] INFO  o.e.m.c.i.embedder.EclipseLogger - Using 'UTF-8' encoding to copy filtered resources.
2026-05-06 16:25:04,941 [Worker-148: Building] INFO  o.e.m.c.i.embedder.EclipseLogger - skip non existing resourceDirectory C:\Edu\Spring\springFramework\workSpace\step01_SpringDI\src\main\resources
2026-05-06 16:25:04,942 [Worker-148: Building] INFO  o.e.m.c.i.embedder.EclipseLogger - Using 'UTF-8' encoding to copy filtered resources.
2026-05-06 16:25:04,942 [Worker-148: Building] INFO  o.e.m.c.i.embedder.EclipseLogger - skip non existing resourceDirectory C:\Edu\Spring\springFramework\workSpace\step01_SpringDI\src\test\resources
2026-05-06 16:32:37,869 [Worker-150: Building] INFO  o.e.m.c.i.embedder.EclipseLogger - Using 'UTF-8' encoding to copy filtered resources.
2026-05-06 16:32:37,869 [Worker-150: Building] INFO  o.e.m.c.i.embedder.EclipseLogger - skip non existing resourceDirectory C:\Edu\Spring\springFramework\workSpace\step01_SpringDI\src\main\resources
2026-05-06 16:32:37,870 [Worker-150: Building] INFO  o.e.m.c.i.embedder.EclipseLogger - Using 'UTF-8' encoding to copy filtered resources.
2026-05-06 16:32:37,870 [Worker-150: Building] INFO  o.e.m.c.i.embedder.EclipseLogger - skip non existing resourceDirectory C:\Edu\Spring\springFramework\workSpace\step01_SpringDI\src\test\resources
2026-05-06 16:56:15,731 [Worker-158: Launching MainApp (1)] INFO  o.e.m.c.i.embedder.EclipseLogger - Using 'UTF-8' encoding to copy filtered resources.
2026-05-06 16:56:15,731 [Worker-158: Launching MainApp (1)] INFO  o.e.m.c.i.embedder.EclipseLogger - skip non existing resourceDirectory C:\Edu\Spring\springFramework\workSpace\step01_SpringDI\src\main\resources
2026-05-06 16:56:15,732 [Worker-158: Launching MainApp (1)] INFO  o.e.m.c.i.embedder.EclipseLogger - Using 'UTF-8' encoding to copy filtered resources.
2026-05-06 16:56:15,733 [Worker-158: Launching MainApp (1)] INFO  o.e.m.c.i.embedder.EclipseLogger - skip non existing resourceDirectory C:\Edu\Spring\springFramework\workSpace\step01_SpringDI\src\test\resources
2026-05-06 17:02:37,821 [Worker-161: Building] INFO  o.e.m.c.i.embedder.EclipseLogger - Using 'UTF-8' encoding to copy filtered resources.
2026-05-06 17:02:37,821 [Worker-161: Building] INFO  o.e.m.c.i.embedder.EclipseLogger - skip non existing resourceDirectory C:\Edu\Spring\springFramework\workSpace\step01_SpringDI\src\main\resources
2026-05-06 17:02:37,822 [Worker-161: Building] INFO  o.e.m.c.i.embedder.EclipseLogger - Using 'UTF-8' encoding to copy filtered resources.
2026-05-06 17:02:37,822 [Worker-161: Building] INFO  o.e.m.c.i.embedder.EclipseLogger - skip non existing resourceDirectory C:\Edu\Spring\springFramework\workSpace\step01_SpringDI\src\test\resources
2026-05-06 17:04:20,200 [Worker-165: Building] INFO  o.e.m.c.i.embedder.EclipseLogger - Using 'UTF-8' encoding to copy filtered resources.
2026-05-06 17:04:20,201 [Worker-165: Building] INFO  o.e.m.c.i.embedder.EclipseLogger - skip non existing resourceDirectory C:\Edu\Spring\springFramework\workSpace\step01_SpringDI\src\main\resources
2026-05-06 17:04:20,201 [Worker-165: Building] INFO  o.e.m.c.i.embedder.EclipseLogger - Using 'UTF-8' encoding to copy filtered resources.
2026-05-06 17:04:20,201 [Worker-165: Building] INFO  o.e.m.c.i.embedder.EclipseLogger - skip non existing resourceDirectory C:\Edu\Spring\springFramework\workSpace\step01_SpringDI\src\test\resources
2026-05-06 17:05:10,323 [Worker-164: Building] INFO  o.e.m.c.i.embedder.EclipseLogger - Using 'UTF-8' encoding to copy filtered resources.
2026-05-06 17:05:10,323 [Worker-164: Building] INFO  o.e.m.c.i.embedder.EclipseLogger - skip non existing resourceDirectory C:\Edu\Spring\springFramework\workSpace\step01_SpringDI\src\main\resources
2026-05-06 17:05:10,324 [Worker-164: Building] INFO  o.e.m.c.i.embedder.EclipseLogger - Using 'UTF-8' encoding to copy filtered resources.
2026-05-06 17:05:10,324 [Worker-164: Building] INFO  o.e.m.c.i.embedder.EclipseLogger - skip non existing resourceDirectory C:\Edu\Spring\springFramework\workSpace\step01_SpringDI\src\test\resources
2026-05-06 17:05:26,576 [Worker-165: Building] INFO  o.e.m.c.i.embedder.EclipseLogger - Using 'UTF-8' encoding to copy filtered resources.
2026-05-06 17:05:26,577 [Worker-165: Building] INFO  o.e.m.c.i.embedder.EclipseLogger - skip non existing resourceDirectory C:\Edu\Spring\springFramework\workSpace\step01_SpringDI\src\main\resources
2026-05-06 17:05:26,577 [Worker-165: Building] INFO  o.e.m.c.i.embedder.EclipseLogger - Using 'UTF-8' encoding to copy filtered resources.
2026-05-06 17:05:26,578 [Worker-165: Building] INFO  o.e.m.c.i.embedder.EclipseLogger - skip non existing resourceDirectory C:\Edu\Spring\springFramework\workSpace\step01_SpringDI\src\test\resources
2026-05-06 17:05:33,420 [Worker-161: Building] INFO  o.e.m.c.i.embedder.EclipseLogger - Using 'UTF-8' encoding to copy filtered resources.
2026-05-06 17:05:33,420 [Worker-161: Building] INFO  o.e.m.c.i.embedder.EclipseLogger - skip non existing resourceDirectory C:\Edu\Spring\springFramework\workSpace\step01_SpringDI\src\main\resources
2026-05-06 17:05:33,421 [Worker-161: Building] INFO  o.e.m.c.i.embedder.EclipseLogger - Using 'UTF-8' encoding to copy filtered resources.
2026-05-06 17:05:33,421 [Worker-161: Building] INFO  o.e.m.c.i.embedder.EclipseLogger - skip non existing resourceDirectory C:\Edu\Spring\springFramework\workSpace\step01_SpringDI\src\test\resources
2026-05-06 17:06:00,371 [Worker-164: Building] INFO  o.e.m.c.i.embedder.EclipseLogger - Using 'UTF-8' encoding to copy filtered resources.
2026-05-06 17:06:00,371 [Worker-164: Building] INFO  o.e.m.c.i.embedder.EclipseLogger - skip non existing resourceDirectory C:\Edu\Spring\springFramework\workSpace\step01_SpringDI\src\main\resources
2026-05-06 17:06:00,372 [Worker-164: Building] INFO  o.e.m.c.i.embedder.EclipseLogger - Using 'UTF-8' encoding to copy filtered resources.
2026-05-06 17:06:00,372 [Worker-164: Building] INFO  o.e.m.c.i.embedder.EclipseLogger - skip non existing resourceDirectory C:\Edu\Spring\springFramework\workSpace\step01_SpringDI\src\test\resources
2026-05-06 17:06:12,073 [Worker-165: Building] INFO  o.e.m.c.i.embedder.EclipseLogger - Using 'UTF-8' encoding to copy filtered resources.
2026-05-06 17:06:12,073 [Worker-165: Building] INFO  o.e.m.c.i.embedder.EclipseLogger - skip non existing resourceDirectory C:\Edu\Spring\springFramework\workSpace\step01_SpringDI\src\main\resources
2026-05-06 17:06:12,074 [Worker-165: Building] INFO  o.e.m.c.i.embedder.EclipseLogger - Using 'UTF-8' encoding to copy filtered resources.
2026-05-06 17:06:12,074 [Worker-165: Building] INFO  o.e.m.c.i.embedder.EclipseLogger - skip non existing resourceDirectory C:\Edu\Spring\springFramework\workSpace\step01_SpringDI\src\test\resources
2026-05-06 17:06:23,603 [Worker-164: Building] INFO  o.e.m.c.i.embedder.EclipseLogger - Using 'UTF-8' encoding to copy filtered resources.
2026-05-06 17:06:23,603 [Worker-164: Building] INFO  o.e.m.c.i.embedder.EclipseLogger - skip non existing resourceDirectory C:\Edu\Spring\springFramework\workSpace\step01_SpringDI\src\main\resources
2026-05-06 17:06:23,604 [Worker-164: Building] INFO  o.e.m.c.i.embedder.EclipseLogger - Using 'UTF-8' encoding to copy filtered resources.
2026-05-06 17:06:23,604 [Worker-164: Building] INFO  o.e.m.c.i.embedder.EclipseLogger - skip non existing resourceDirectory C:\Edu\Spring\springFramework\workSpace\step01_SpringDI\src\test\resources
2026-05-06 17:07:01,401 [Worker-161: Building] INFO  o.e.m.c.i.embedder.EclipseLogger - Using 'UTF-8' encoding to copy filtered resources.
2026-05-06 17:07:01,401 [Worker-161: Building] INFO  o.e.m.c.i.embedder.EclipseLogger - skip non existing resourceDirectory C:\Edu\Spring\springFramework\workSpace\step01_SpringDI\src\main\resources
2026-05-06 17:07:01,402 [Worker-161: Building] INFO  o.e.m.c.i.embedder.EclipseLogger - Using 'UTF-8' encoding to copy filtered resources.
2026-05-06 17:07:01,402 [Worker-161: Building] INFO  o.e.m.c.i.embedder.EclipseLogger - skip non existing resourceDirectory C:\Edu\Spring\springFramework\workSpace\step01_SpringDI\src\test\resources
2026-05-06 17:07:32,207 [Worker-166: Building] INFO  o.e.m.c.i.embedder.EclipseLogger - Using 'UTF-8' encoding to copy filtered resources.
2026-05-06 17:07:32,207 [Worker-166: Building] INFO  o.e.m.c.i.embedder.EclipseLogger - skip non existing resourceDirectory C:\Edu\Spring\springFramework\workSpace\step01_SpringDI\src\main\resources
2026-05-06 17:07:32,208 [Worker-166: Building] INFO  o.e.m.c.i.embedder.EclipseLogger - Using 'UTF-8' encoding to copy filtered resources.
2026-05-06 17:07:32,208 [Worker-166: Building] INFO  o.e.m.c.i.embedder.EclipseLogger - skip non existing resourceDirectory C:\Edu\Spring\springFramework\workSpace\step01_SpringDI\src\test\resources
2026-05-06 17:07:38,951 [Worker-161: Building] INFO  o.e.m.c.i.embedder.EclipseLogger - Using 'UTF-8' encoding to copy filtered resources.
2026-05-06 17:07:38,952 [Worker-161: Building] INFO  o.e.m.c.i.embedder.EclipseLogger - skip non existing resourceDirectory C:\Edu\Spring\springFramework\workSpace\step01_SpringDI\src\main\resources
2026-05-06 17:07:38,953 [Worker-161: Building] INFO  o.e.m.c.i.embedder.EclipseLogger - Using 'UTF-8' encoding to copy filtered resources.
2026-05-06 17:07:38,953 [Worker-161: Building] INFO  o.e.m.c.i.embedder.EclipseLogger - skip non existing resourceDirectory C:\Edu\Spring\springFramework\workSpace\step01_SpringDI\src\test\resources
2026-05-06 17:08:02,375 [Worker-162: Building] INFO  o.e.m.c.i.embedder.EclipseLogger - Using 'UTF-8' encoding to copy filtered resources.
2026-05-06 17:08:02,376 [Worker-162: Building] INFO  o.e.m.c.i.embedder.EclipseLogger - skip non existing resourceDirectory C:\Edu\Spring\springFramework\workSpace\step01_SpringDI\src\main\resources
2026-05-06 17:08:02,376 [Worker-162: Building] INFO  o.e.m.c.i.embedder.EclipseLogger - Using 'UTF-8' encoding to copy filtered resources.
2026-05-06 17:08:02,377 [Worker-162: Building] INFO  o.e.m.c.i.embedder.EclipseLogger - skip non existing resourceDirectory C:\Edu\Spring\springFramework\workSpace\step01_SpringDI\src\test\resources
2026-05-06 17:09:56,770 [Worker-161: Building] INFO  o.e.m.c.i.embedder.EclipseLogger - Using 'UTF-8' encoding to copy filtered resources.
2026-05-06 17:09:56,770 [Worker-161: Building] INFO  o.e.m.c.i.embedder.EclipseLogger - skip non existing resourceDirectory C:\Edu\Spring\springFramework\workSpace\step01_SpringDI\src\main\resources
2026-05-06 17:09:56,771 [Worker-161: Building] INFO  o.e.m.c.i.embedder.EclipseLogger - Using 'UTF-8' encoding to copy filtered resources.
2026-05-06 17:09:56,771 [Worker-161: Building] INFO  o.e.m.c.i.embedder.EclipseLogger - skip non existing resourceDirectory C:\Edu\Spring\springFramework\workSpace\step01_SpringDI\src\test\resources
2026-05-06 17:10:05,915 [Worker-166: Building] INFO  o.e.m.c.i.embedder.EclipseLogger - Using 'UTF-8' encoding to copy filtered resources.
2026-05-06 17:10:05,915 [Worker-166: Building] INFO  o.e.m.c.i.embedder.EclipseLogger - skip non existing resourceDirectory C:\Edu\Spring\springFramework\workSpace\step01_SpringDI\src\main\resources
2026-05-06 17:10:05,916 [Worker-166: Building] INFO  o.e.m.c.i.embedder.EclipseLogger - Using 'UTF-8' encoding to copy filtered resources.
2026-05-06 17:10:05,916 [Worker-166: Building] INFO  o.e.m.c.i.embedder.EclipseLogger - skip non existing resourceDirectory C:\Edu\Spring\springFramework\workSpace\step01_SpringDI\src\test\resources
2026-05-06 17:10:08,608 [Worker-161: Building] INFO  o.e.m.c.i.embedder.EclipseLogger - Using 'UTF-8' encoding to copy filtered resources.
2026-05-06 17:10:08,608 [Worker-161: Building] INFO  o.e.m.c.i.embedder.EclipseLogger - skip non existing resourceDirectory C:\Edu\Spring\springFramework\workSpace\step01_SpringDI\src\main\resources
2026-05-06 17:10:08,608 [Worker-161: Building] INFO  o.e.m.c.i.embedder.EclipseLogger - Using 'UTF-8' encoding to copy filtered resources.
2026-05-06 17:10:08,609 [Worker-161: Building] INFO  o.e.m.c.i.embedder.EclipseLogger - skip non existing resourceDirectory C:\Edu\Spring\springFramework\workSpace\step01_SpringDI\src\test\resources
2026-05-06 17:11:00,775 [Worker-168: Building] INFO  o.e.m.c.i.embedder.EclipseLogger - Using 'UTF-8' encoding to copy filtered resources.
2026-05-06 17:11:00,775 [Worker-168: Building] INFO  o.e.m.c.i.embedder.EclipseLogger - skip non existing resourceDirectory C:\Edu\Spring\springFramework\workSpace\step01_SpringDI\src\main\resources
2026-05-06 17:11:00,776 [Worker-168: Building] INFO  o.e.m.c.i.embedder.EclipseLogger - Using 'UTF-8' encoding to copy filtered resources.
2026-05-06 17:11:00,777 [Worker-168: Building] INFO  o.e.m.c.i.embedder.EclipseLogger - skip non existing resourceDirectory C:\Edu\Spring\springFramework\workSpace\step01_SpringDI\src\test\resources
2026-05-06 17:12:40,174 [Worker-165: Building] INFO  o.e.m.c.i.embedder.EclipseLogger - Using 'UTF-8' encoding to copy filtered resources.
2026-05-06 17:12:40,175 [Worker-165: Building] INFO  o.e.m.c.i.embedder.EclipseLogger - skip non existing resourceDirectory C:\Edu\Spring\springFramework\workSpace\step01_SpringDI\src\main\resources
2026-05-06 17:12:40,175 [Worker-165: Building] INFO  o.e.m.c.i.embedder.EclipseLogger - Using 'UTF-8' encoding to copy filtered resources.
2026-05-06 17:12:40,175 [Worker-165: Building] INFO  o.e.m.c.i.embedder.EclipseLogger - skip non existing resourceDirectory C:\Edu\Spring\springFramework\workSpace\step01_SpringDI\src\test\resources
2026-05-06 17:13:18,420 [Worker-166: Building] INFO  o.e.m.c.i.embedder.EclipseLogger - Using 'UTF-8' encoding to copy filtered resources.
2026-05-06 17:13:18,421 [Worker-166: Building] INFO  o.e.m.c.i.embedder.EclipseLogger - skip non existing resourceDirectory C:\Edu\Spring\springFramework\workSpace\step01_SpringDI\src\main\resources
2026-05-06 17:13:18,421 [Worker-166: Building] INFO  o.e.m.c.i.embedder.EclipseLogger - Using 'UTF-8' encoding to copy filtered resources.
2026-05-06 17:13:18,421 [Worker-166: Building] INFO  o.e.m.c.i.embedder.EclipseLogger - skip non existing resourceDirectory C:\Edu\Spring\springFramework\workSpace\step01_SpringDI\src\test\resources
2026-05-06 17:14:13,977 [Worker-162: Building] INFO  o.e.m.c.i.embedder.EclipseLogger - Using 'UTF-8' encoding to copy filtered resources.
2026-05-06 17:14:13,978 [Worker-162: Building] INFO  o.e.m.c.i.embedder.EclipseLogger - skip non existing resourceDirectory C:\Edu\Spring\springFramework\workSpace\step01_SpringDI\src\main\resources
2026-05-06 17:14:13,978 [Worker-162: Building] INFO  o.e.m.c.i.embedder.EclipseLogger - Using 'UTF-8' encoding to copy filtered resources.
2026-05-06 17:14:13,979 [Worker-162: Building] INFO  o.e.m.c.i.embedder.EclipseLogger - skip non existing resourceDirectory C:\Edu\Spring\springFramework\workSpace\step01_SpringDI\src\test\resources
2026-05-06 17:15:50,396 [Worker-161: Building] INFO  o.e.m.c.i.embedder.EclipseLogger - Using 'UTF-8' encoding to copy filtered resources.
2026-05-06 17:15:50,396 [Worker-161: Building] INFO  o.e.m.c.i.embedder.EclipseLogger - skip non existing resourceDirectory C:\Edu\Spring\springFramework\workSpace\step01_SpringDI\src\main\resources
2026-05-06 17:15:50,397 [Worker-161: Building] INFO  o.e.m.c.i.embedder.EclipseLogger - Using 'UTF-8' encoding to copy filtered resources.
2026-05-06 17:15:50,397 [Worker-161: Building] INFO  o.e.m.c.i.embedder.EclipseLogger - skip non existing resourceDirectory C:\Edu\Spring\springFramework\workSpace\step01_SpringDI\src\test\resources
2026-05-06 17:17:08,105 [Worker-168: Building] INFO  o.e.m.c.i.embedder.EclipseLogger - Using 'UTF-8' encoding to copy filtered resources.
2026-05-06 17:17:08,105 [Worker-168: Building] INFO  o.e.m.c.i.embedder.EclipseLogger - skip non existing resourceDirectory C:\Edu\Spring\springFramework\workSpace\step01_SpringDI\src\main\resources
2026-05-06 17:17:08,106 [Worker-168: Building] INFO  o.e.m.c.i.embedder.EclipseLogger - Using 'UTF-8' encoding to copy filtered resources.
2026-05-06 17:17:08,106 [Worker-168: Building] INFO  o.e.m.c.i.embedder.EclipseLogger - skip non existing resourceDirectory C:\Edu\Spring\springFramework\workSpace\step01_SpringDI\src\test\resources
2026-05-06 17:17:56,567 [Worker-165: Building] INFO  o.e.m.c.i.embedder.EclipseLogger - Using 'UTF-8' encoding to copy filtered resources.
2026-05-06 17:17:56,567 [Worker-165: Building] INFO  o.e.m.c.i.embedder.EclipseLogger - skip non existing resourceDirectory C:\Edu\Spring\springFramework\workSpace\step01_SpringDI\src\main\resources
2026-05-06 17:17:56,568 [Worker-165: Building] INFO  o.e.m.c.i.embedder.EclipseLogger - Using 'UTF-8' encoding to copy filtered resources.
2026-05-06 17:17:56,568 [Worker-165: Building] INFO  o.e.m.c.i.embedder.EclipseLogger - skip non existing resourceDirectory C:\Edu\Spring\springFramework\workSpace\step01_SpringDI\src\test\resources
2026-05-06 17:18:16,086 [Worker-167: Building] INFO  o.e.m.c.i.embedder.EclipseLogger - Using 'UTF-8' encoding to copy filtered resources.
2026-05-06 17:18:16,087 [Worker-167: Building] INFO  o.e.m.c.i.embedder.EclipseLogger - skip non existing resourceDirectory C:\Edu\Spring\springFramework\workSpace\step01_SpringDI\src\main\resources
2026-05-06 17:18:16,087 [Worker-167: Building] INFO  o.e.m.c.i.embedder.EclipseLogger - Using 'UTF-8' encoding to copy filtered resources.
2026-05-06 17:18:16,087 [Worker-167: Building] INFO  o.e.m.c.i.embedder.EclipseLogger - skip non existing resourceDirectory C:\Edu\Spring\springFramework\workSpace\step01_SpringDI\src\test\resources
2026-05-06 17:18:59,478 [Worker-165: Building] INFO  o.e.m.c.i.embedder.EclipseLogger - Using 'UTF-8' encoding to copy filtered resources.
2026-05-06 17:18:59,478 [Worker-165: Building] INFO  o.e.m.c.i.embedder.EclipseLogger - skip non existing resourceDirectory C:\Edu\Spring\springFramework\workSpace\step01_SpringDI\src\main\resources
2026-05-06 17:18:59,479 [Worker-165: Building] INFO  o.e.m.c.i.embedder.EclipseLogger - Using 'UTF-8' encoding to copy filtered resources.
2026-05-06 17:18:59,479 [Worker-165: Building] INFO  o.e.m.c.i.embedder.EclipseLogger - skip non existing resourceDirectory C:\Edu\Spring\springFramework\workSpace\step01_SpringDI\src\test\resources
2026-05-06 17:20:17,159 [Worker-167: Building] INFO  o.e.m.c.i.embedder.EclipseLogger - Using 'UTF-8' encoding to copy filtered resources.
2026-05-06 17:20:17,159 [Worker-167: Building] INFO  o.e.m.c.i.embedder.EclipseLogger - skip non existing resourceDirectory C:\Edu\Spring\springFramework\workSpace\step01_SpringDI\src\main\resources
2026-05-06 17:20:17,160 [Worker-167: Building] INFO  o.e.m.c.i.embedder.EclipseLogger - Using 'UTF-8' encoding to copy filtered resources.
2026-05-06 17:20:17,160 [Worker-167: Building] INFO  o.e.m.c.i.embedder.EclipseLogger - skip non existing resourceDirectory C:\Edu\Spring\springFramework\workSpace\step01_SpringDI\src\test\resources
2026-05-06 17:20:26,625 [Worker-165: Building] INFO  o.e.m.c.i.embedder.EclipseLogger - Using 'UTF-8' encoding to copy filtered resources.
2026-05-06 17:20:26,625 [Worker-165: Building] INFO  o.e.m.c.i.embedder.EclipseLogger - skip non existing resourceDirectory C:\Edu\Spring\springFramework\workSpace\step01_SpringDI\src\main\resources
2026-05-06 17:20:26,625 [Worker-165: Building] INFO  o.e.m.c.i.embedder.EclipseLogger - Using 'UTF-8' encoding to copy filtered resources.
2026-05-06 17:20:26,627 [Worker-165: Building] INFO  o.e.m.c.i.embedder.EclipseLogger - skip non existing resourceDirectory C:\Edu\Spring\springFramework\workSpace\step01_SpringDI\src\test\resources
2026-05-06 17:50:43,832 [Stop Help Server] INFO  org.eclipse.jetty.server.Server - Stopped Server@5553ab10{STOPPING}[10.0.5,sto=0]
2026-05-06 17:50:43,838 [Stop Help Server] INFO  o.e.jetty.server.AbstractConnector - Stopped ServerConnector@5a7f44c0{HTTP/1.1, (http/1.1)}{127.0.0.1:0}
2026-05-06 17:50:43,848 [Stop Help Server] INFO  o.e.j.server.handler.ContextHandler - Stopped o.e.j.s.ServletContextHandler@9be289c{/help,null,STOPPED}
2026-05-08 09:18:16,757 [Worker-5: Loading available Gradle versions] INFO  o.e.b.c.i.u.g.PublishedGradleVersions - Gradle version information cache is out-of-date. Trying to update.
2026-05-08 09:18:35,360 [Worker-10: Building] WARN  o.e.m.c.i.embedder.EclipseLogger - Using platform encoding (MS949 actually) to copy filtered resources, i.e. build is platform dependent!
2026-05-08 09:18:35,370 [Worker-10: Building] INFO  o.e.m.c.i.embedder.EclipseLogger - Copying 1 resource
2026-05-08 09:18:35,379 [Worker-10: Building] WARN  o.e.m.c.i.embedder.EclipseLogger - Using platform encoding (MS949 actually) to copy filtered resources, i.e. build is platform dependent!
2026-05-08 09:18:35,381 [Worker-10: Building] INFO  o.e.m.c.i.embedder.EclipseLogger - Copying 1 resource
2026-05-08 09:18:40,086 [Worker-8: Building] INFO  o.e.m.c.i.embedder.EclipseLogger - Using 'UTF-8' encoding to copy filtered resources.
2026-05-08 09:18:40,087 [Worker-8: Building] INFO  o.e.m.c.i.embedder.EclipseLogger - Copying 0 resource
2026-05-08 09:18:40,088 [Worker-8: Building] INFO  o.e.m.c.i.embedder.EclipseLogger - Using 'UTF-8' encoding to copy filtered resources.
2026-05-08 09:18:40,089 [Worker-8: Building] INFO  o.e.m.c.i.embedder.EclipseLogger - skip non existing resourceDirectory C:\Edu\Spring\springFramework\workSpace\step01_SpringDI\src\test\resources
2026-05-08 09:18:43,524 [Worker-6: Building] INFO  o.e.m.c.i.l.LifecycleMappingFactory - Using org.eclipse.m2e.jdt.JarLifecycleMapping lifecycle mapping for MavenProject: step01_SpringDI:step01_SpringDI:0.0.1-SNAPSHOT @ C:\Edu\Spring\springFramework\workSpace\step01_SpringDI\pom.xml.
2026-05-08 09:18:43,896 [Worker-6: Building] INFO  o.e.m.c.i.embedder.EclipseLogger - Using 'UTF-8' encoding to copy filtered resources.
2026-05-08 09:18:43,899 [Worker-6: Building] INFO  o.e.m.c.i.embedder.EclipseLogger - Copying 0 resource
2026-05-08 09:18:43,900 [Worker-6: Building] INFO  o.e.m.c.i.embedder.EclipseLogger - Using 'UTF-8' encoding to copy filtered resources.
2026-05-08 09:18:43,900 [Worker-6: Building] INFO  o.e.m.c.i.embedder.EclipseLogger - skip non existing resourceDirectory C:\Edu\Spring\springFramework\workSpace\step01_SpringDI\src\test\resources
2026-05-08 09:18:45,417 [Worker-11: Building] INFO  o.e.m.c.i.embedder.EclipseLogger - Using 'UTF-8' encoding to copy filtered resources.
2026-05-08 09:18:45,417 [Worker-11: Building] INFO  o.e.m.c.i.embedder.EclipseLogger - Copying 0 resource
2026-05-08 09:18:45,420 [Worker-11: Building] INFO  o.e.m.c.i.embedder.EclipseLogger - Using 'UTF-8' encoding to copy filtered resources.
2026-05-08 09:18:45,420 [Worker-11: Building] INFO  o.e.m.c.i.embedder.EclipseLogger - skip non existing resourceDirectory C:\Edu\Spring\springFramework\workSpace\step01_SpringDI\src\test\resources
2026-05-08 09:18:46,402 [Worker-11: Building] WARN  o.e.m.c.i.embedder.EclipseLogger - Using platform encoding (MS949 actually) to copy filtered resources, i.e. build is platform dependent!
2026-05-08 09:18:46,404 [Worker-11: Building] INFO  o.e.m.c.i.embedder.EclipseLogger - Copying 1 resource
2026-05-08 09:18:46,406 [Worker-11: Building] WARN  o.e.m.c.i.embedder.EclipseLogger - Using platform encoding (MS949 actually) to copy filtered resources, i.e. build is platform dependent!
2026-05-08 09:18:46,407 [Worker-11: Building] INFO  o.e.m.c.i.embedder.EclipseLogger - Copying 1 resource
2026-05-08 09:31:44,637 [Worker-20: Updating Maven Dependencies] ERROR o.e.m.j.i.l.MavenLaunchConfigurationListener - Launch configuration MainApp (1) references non-existing project step01_SpringDI.
org.eclipse.core.runtime.CoreException: Launch configuration MainApp (1) references non-existing project step01_SpringDI.
	at org.eclipse.jdt.launching.JavaRuntime.abort(JavaRuntime.java:1843)
	at org.eclipse.jdt.launching.JavaRuntime.getJavaProject(JavaRuntime.java:1718)
	at org.eclipse.m2e.jdt.internal.launch.MavenLaunchConfigurationListener.updateLaunchConfiguration(MavenLaunchConfigurationListener.java:59)
	at org.eclipse.m2e.jdt.internal.launch.MavenLaunchConfigurationListener.launchConfigurationChanged(MavenLaunchConfigurationListener.java:46)
	at org.eclipse.debug.internal.core.LaunchManager$ConfigurationNotifier.run(LaunchManager.java:225)
	at org.eclipse.core.runtime.SafeRunner.run(SafeRunner.java:45)
	at org.eclipse.debug.internal.core.LaunchManager$ConfigurationNotifier.notify(LaunchManager.java:209)
	at org.eclipse.debug.internal.core.LaunchConfigurationWorkingCopy.setDirty(LaunchConfigurationWorkingCopy.java:523)
	at org.eclipse.debug.internal.core.LaunchConfigurationWorkingCopy.setAttribute(LaunchConfigurationWorkingCopy.java:411)
	at org.eclipse.m2e.jdt.internal.launch.MavenRuntimeClasspathProvider.disable(MavenRuntimeClasspathProvider.java:401)
	at org.eclipse.m2e.jdt.internal.launch.MavenRuntimeClasspathProvider.disable(MavenRuntimeClasspathProvider.java:427)
	at org.eclipse.m2e.jdt.internal.launch.MavenLaunchConfigurationListener.mavenProjectChanged(MavenLaunchConfigurationListener.java:130)
	at org.eclipse.m2e.core.internal.project.registry.ProjectRegistryManager.notifyProjectChangeListeners(ProjectRegistryManager.java:824)
	at org.eclipse.m2e.core.internal.project.registry.ProjectRegistryManager.applyMutableProjectRegistry(ProjectRegistryManager.java:991)
	at org.eclipse.m2e.core.internal.project.registry.ProjectRegistryRefreshJob.lambda$0(ProjectRegistryRefreshJob.java:149)
	at org.eclipse.m2e.core.internal.embedder.MavenExecutionContext.executeBare(MavenExecutionContext.java:179)
	at org.eclipse.m2e.core.internal.embedder.MavenExecutionContext.execute(MavenExecutionContext.java:153)
	at org.eclipse.m2e.core.internal.embedder.MavenExecutionContext.execute(MavenExecutionContext.java:101)
	at org.eclipse.m2e.core.internal.embedder.MavenImpl.execute(MavenImpl.java:1374)
	at org.eclipse.m2e.core.internal.project.registry.ProjectRegistryRefreshJob.run(ProjectRegistryRefreshJob.java:84)
	at org.eclipse.core.internal.jobs.Worker.run(Worker.java:63)
2026-05-08 09:31:44,638 [Worker-20: Updating Maven Dependencies] ERROR o.e.m.j.i.l.MavenLaunchConfigurationListener - Launch configuration MainApp (1) references non-existing project step01_SpringDI.
org.eclipse.core.runtime.CoreException: Launch configuration MainApp (1) references non-existing project step01_SpringDI.
	at org.eclipse.jdt.launching.JavaRuntime.abort(JavaRuntime.java:1843)
	at org.eclipse.jdt.launching.JavaRuntime.getJavaProject(JavaRuntime.java:1718)
	at org.eclipse.m2e.jdt.internal.launch.MavenLaunchConfigurationListener.updateLaunchConfiguration(MavenLaunchConfigurationListener.java:59)
	at org.eclipse.m2e.jdt.internal.launch.MavenLaunchConfigurationListener.launchConfigurationChanged(MavenLaunchConfigurationListener.java:46)
	at org.eclipse.debug.internal.core.LaunchManager$ConfigurationNotifier.run(LaunchManager.java:225)
	at org.eclipse.core.runtime.SafeRunner.run(SafeRunner.java:45)
	at org.eclipse.debug.internal.core.LaunchManager$ConfigurationNotifier.notify(LaunchManager.java:209)
	at org.eclipse.debug.internal.core.LaunchConfigurationWorkingCopy.setDirty(LaunchConfigurationWorkingCopy.java:523)
	at org.eclipse.debug.internal.core.LaunchConfigurationWorkingCopy.setAttribute(LaunchConfigurationWorkingCopy.java:411)
	at org.eclipse.m2e.jdt.internal.launch.MavenRuntimeClasspathProvider.disable(MavenRuntimeClasspathProvider.java:402)
	at org.eclipse.m2e.jdt.internal.launch.MavenRuntimeClasspathProvider.disable(MavenRuntimeClasspathProvider.java:427)
	at org.eclipse.m2e.jdt.internal.launch.MavenLaunchConfigurationListener.mavenProjectChanged(MavenLaunchConfigurationListener.java:130)
	at org.eclipse.m2e.core.internal.project.registry.ProjectRegistryManager.notifyProjectChangeListeners(ProjectRegistryManager.java:824)
	at org.eclipse.m2e.core.internal.project.registry.ProjectRegistryManager.applyMutableProjectRegistry(ProjectRegistryManager.java:991)
	at org.eclipse.m2e.core.internal.project.registry.ProjectRegistryRefreshJob.lambda$0(ProjectRegistryRefreshJob.java:149)
	at org.eclipse.m2e.core.internal.embedder.MavenExecutionContext.executeBare(MavenExecutionContext.java:179)
	at org.eclipse.m2e.core.internal.embedder.MavenExecutionContext.execute(MavenExecutionContext.java:153)
	at org.eclipse.m2e.core.internal.embedder.MavenExecutionContext.execute(MavenExecutionContext.java:101)
	at org.eclipse.m2e.core.internal.embedder.MavenImpl.execute(MavenImpl.java:1374)
	at org.eclipse.m2e.core.internal.project.registry.ProjectRegistryRefreshJob.run(ProjectRegistryRefreshJob.java:84)
	at org.eclipse.core.internal.jobs.Worker.run(Worker.java:63)
2026-05-08 09:31:44,650 [Worker-20: Updating Maven Dependencies] ERROR o.e.m.j.i.l.MavenLaunchConfigurationListener - Launch configuration MainApp (1) references non-existing project step01_SpringDI.
org.eclipse.core.runtime.CoreException: Launch configuration MainApp (1) references non-existing project step01_SpringDI.
	at org.eclipse.jdt.launching.JavaRuntime.abort(JavaRuntime.java:1843)
	at org.eclipse.jdt.launching.JavaRuntime.getJavaProject(JavaRuntime.java:1718)
	at org.eclipse.m2e.jdt.internal.launch.MavenLaunchConfigurationListener.updateLaunchConfiguration(MavenLaunchConfigurationListener.java:59)
	at org.eclipse.m2e.jdt.internal.launch.MavenLaunchConfigurationListener.launchConfigurationChanged(MavenLaunchConfigurationListener.java:46)
	at org.eclipse.debug.internal.core.LaunchManager$ConfigurationNotifier.run(LaunchManager.java:225)
	at org.eclipse.core.runtime.SafeRunner.run(SafeRunner.java:45)
	at org.eclipse.debug.internal.core.LaunchManager$ConfigurationNotifier.notify(LaunchManager.java:209)
	at org.eclipse.debug.internal.core.LaunchManager.launchConfigurationChanged(LaunchManager.java:2128)
	at org.eclipse.debug.internal.core.LaunchConfigurationWorkingCopy.writeNewFile(LaunchConfigurationWorkingCopy.java:376)
	at org.eclipse.debug.internal.core.LaunchConfigurationWorkingCopy.doSave0(LaunchConfigurationWorkingCopy.java:259)
	at org.eclipse.debug.internal.core.LaunchConfigurationWorkingCopy.doSave(LaunchConfigurationWorkingCopy.java:229)
	at org.eclipse.debug.internal.core.LaunchConfigurationWorkingCopy.doSave(LaunchConfigurationWorkingCopy.java:187)
	at org.eclipse.m2e.jdt.internal.launch.MavenRuntimeClasspathProvider.disable(MavenRuntimeClasspathProvider.java:403)
	at org.eclipse.m2e.jdt.internal.launch.MavenRuntimeClasspathProvider.disable(MavenRuntimeClasspathProvider.java:427)
	at org.eclipse.m2e.jdt.internal.launch.MavenLaunchConfigurationListener.mavenProjectChanged(MavenLaunchConfigurationListener.java:130)
	at org.eclipse.m2e.core.internal.project.registry.ProjectRegistryManager.notifyProjectChangeListeners(ProjectRegistryManager.java:824)
	at org.eclipse.m2e.core.internal.project.registry.ProjectRegistryManager.applyMutableProjectRegistry(ProjectRegistryManager.java:991)
	at org.eclipse.m2e.core.internal.project.registry.ProjectRegistryRefreshJob.lambda$0(ProjectRegistryRefreshJob.java:149)
	at org.eclipse.m2e.core.internal.embedder.MavenExecutionContext.executeBare(MavenExecutionContext.java:179)
	at org.eclipse.m2e.core.internal.embedder.MavenExecutionContext.execute(MavenExecutionContext.java:153)
	at org.eclipse.m2e.core.internal.embedder.MavenExecutionContext.execute(MavenExecutionContext.java:101)
	at org.eclipse.m2e.core.internal.embedder.MavenImpl.execute(MavenImpl.java:1374)
	at org.eclipse.m2e.core.internal.project.registry.ProjectRegistryRefreshJob.run(ProjectRegistryRefreshJob.java:84)
	at org.eclipse.core.internal.jobs.Worker.run(Worker.java:63)
2026-05-08 09:31:44,652 [Worker-20: Updating Maven Dependencies] ERROR o.e.m.j.i.l.MavenLaunchConfigurationListener - Launch configuration MainApp (2) references non-existing project step01_SpringDI.
org.eclipse.core.runtime.CoreException: Launch configuration MainApp (2) references non-existing project step01_SpringDI.
	at org.eclipse.jdt.launching.JavaRuntime.abort(JavaRuntime.java:1843)
	at org.eclipse.jdt.launching.JavaRuntime.getJavaProject(JavaRuntime.java:1718)
	at org.eclipse.m2e.jdt.internal.launch.MavenLaunchConfigurationListener.updateLaunchConfiguration(MavenLaunchConfigurationListener.java:59)
	at org.eclipse.m2e.jdt.internal.launch.MavenLaunchConfigurationListener.launchConfigurationChanged(MavenLaunchConfigurationListener.java:46)
	at org.eclipse.debug.internal.core.LaunchManager$ConfigurationNotifier.run(LaunchManager.java:225)
	at org.eclipse.core.runtime.SafeRunner.run(SafeRunner.java:45)
	at org.eclipse.debug.internal.core.LaunchManager$ConfigurationNotifier.notify(LaunchManager.java:209)
	at org.eclipse.debug.internal.core.LaunchConfigurationWorkingCopy.setDirty(LaunchConfigurationWorkingCopy.java:523)
	at org.eclipse.debug.internal.core.LaunchConfigurationWorkingCopy.setAttribute(LaunchConfigurationWorkingCopy.java:411)
	at org.eclipse.m2e.jdt.internal.launch.MavenRuntimeClasspathProvider.disable(MavenRuntimeClasspathProvider.java:401)
	at org.eclipse.m2e.jdt.internal.launch.MavenRuntimeClasspathProvider.disable(MavenRuntimeClasspathProvider.java:427)
	at org.eclipse.m2e.jdt.internal.launch.MavenLaunchConfigurationListener.mavenProjectChanged(MavenLaunchConfigurationListener.java:130)
	at org.eclipse.m2e.core.internal.project.registry.ProjectRegistryManager.notifyProjectChangeListeners(ProjectRegistryManager.java:824)
	at org.eclipse.m2e.core.internal.project.registry.ProjectRegistryManager.applyMutableProjectRegistry(ProjectRegistryManager.java:991)
	at org.eclipse.m2e.core.internal.project.registry.ProjectRegistryRefreshJob.lambda$0(ProjectRegistryRefreshJob.java:149)
	at org.eclipse.m2e.core.internal.embedder.MavenExecutionContext.executeBare(MavenExecutionContext.java:179)
	at org.eclipse.m2e.core.internal.embedder.MavenExecutionContext.execute(MavenExecutionContext.java:153)
	at org.eclipse.m2e.core.internal.embedder.MavenExecutionContext.execute(MavenExecutionContext.java:101)
	at org.eclipse.m2e.core.internal.embedder.MavenImpl.execute(MavenImpl.java:1374)
	at org.eclipse.m2e.core.internal.project.registry.ProjectRegistryRefreshJob.run(ProjectRegistryRefreshJob.java:84)
	at org.eclipse.core.internal.jobs.Worker.run(Worker.java:63)
2026-05-08 09:31:44,653 [Worker-20: Updating Maven Dependencies] ERROR o.e.m.j.i.l.MavenLaunchConfigurationListener - Launch configuration MainApp (2) references non-existing project step01_SpringDI.
org.eclipse.core.runtime.CoreException: Launch configuration MainApp (2) references non-existing project step01_SpringDI.
	at org.eclipse.jdt.launching.JavaRuntime.abort(JavaRuntime.java:1843)
	at org.eclipse.jdt.launching.JavaRuntime.getJavaProject(JavaRuntime.java:1718)
	at org.eclipse.m2e.jdt.internal.launch.MavenLaunchConfigurationListener.updateLaunchConfiguration(MavenLaunchConfigurationListener.java:59)
	at org.eclipse.m2e.jdt.internal.launch.MavenLaunchConfigurationListener.launchConfigurationChanged(MavenLaunchConfigurationListener.java:46)
	at org.eclipse.debug.internal.core.LaunchManager$ConfigurationNotifier.run(LaunchManager.java:225)
	at org.eclipse.core.runtime.SafeRunner.run(SafeRunner.java:45)
	at org.eclipse.debug.internal.core.LaunchManager$ConfigurationNotifier.notify(LaunchManager.java:209)
	at org.eclipse.debug.internal.core.LaunchConfigurationWorkingCopy.setDirty(LaunchConfigurationWorkingCopy.java:523)
	at org.eclipse.debug.internal.core.LaunchConfigurationWorkingCopy.setAttribute(LaunchConfigurationWorkingCopy.java:411)
	at org.eclipse.m2e.jdt.internal.launch.MavenRuntimeClasspathProvider.disable(MavenRuntimeClasspathProvider.java:402)
	at org.eclipse.m2e.jdt.internal.launch.MavenRuntimeClasspathProvider.disable(MavenRuntimeClasspathProvider.java:427)
	at org.eclipse.m2e.jdt.internal.launch.MavenLaunchConfigurationListener.mavenProjectChanged(MavenLaunchConfigurationListener.java:130)
	at org.eclipse.m2e.core.internal.project.registry.ProjectRegistryManager.notifyProjectChangeListeners(ProjectRegistryManager.java:824)
	at org.eclipse.m2e.core.internal.project.registry.ProjectRegistryManager.applyMutableProjectRegistry(ProjectRegistryManager.java:991)
	at org.eclipse.m2e.core.internal.project.registry.ProjectRegistryRefreshJob.lambda$0(ProjectRegistryRefreshJob.java:149)
	at org.eclipse.m2e.core.internal.embedder.MavenExecutionContext.executeBare(MavenExecutionContext.java:179)
	at org.eclipse.m2e.core.internal.embedder.MavenExecutionContext.execute(MavenExecutionContext.java:153)
	at org.eclipse.m2e.core.internal.embedder.MavenExecutionContext.execute(MavenExecutionContext.java:101)
	at org.eclipse.m2e.core.internal.embedder.MavenImpl.execute(MavenImpl.java:1374)
	at org.eclipse.m2e.core.internal.project.registry.ProjectRegistryRefreshJob.run(ProjectRegistryRefreshJob.java:84)
	at org.eclipse.core.internal.jobs.Worker.run(Worker.java:63)
2026-05-08 09:31:44,666 [Worker-20: Updating Maven Dependencies] ERROR o.e.m.j.i.l.MavenLaunchConfigurationListener - Launch configuration MainApp (2) references non-existing project step01_SpringDI.
org.eclipse.core.runtime.CoreException: Launch configuration MainApp (2) references non-existing project step01_SpringDI.
	at org.eclipse.jdt.launching.JavaRuntime.abort(JavaRuntime.java:1843)
	at org.eclipse.jdt.launching.JavaRuntime.getJavaProject(JavaRuntime.java:1718)
	at org.eclipse.m2e.jdt.internal.launch.MavenLaunchConfigurationListener.updateLaunchConfiguration(MavenLaunchConfigurationListener.java:59)
	at org.eclipse.m2e.jdt.internal.launch.MavenLaunchConfigurationListener.launchConfigurationChanged(MavenLaunchConfigurationListener.java:46)
	at org.eclipse.debug.internal.core.LaunchManager$ConfigurationNotifier.run(LaunchManager.java:225)
	at org.eclipse.core.runtime.SafeRunner.run(SafeRunner.java:45)
	at org.eclipse.debug.internal.core.LaunchManager$ConfigurationNotifier.notify(LaunchManager.java:209)
	at org.eclipse.debug.internal.core.LaunchManager.launchConfigurationChanged(LaunchManager.java:2128)
	at org.eclipse.debug.internal.core.LaunchConfigurationWorkingCopy.writeNewFile(LaunchConfigurationWorkingCopy.java:376)
	at org.eclipse.debug.internal.core.LaunchConfigurationWorkingCopy.doSave0(LaunchConfigurationWorkingCopy.java:259)
	at org.eclipse.debug.internal.core.LaunchConfigurationWorkingCopy.doSave(LaunchConfigurationWorkingCopy.java:229)
	at org.eclipse.debug.internal.core.LaunchConfigurationWorkingCopy.doSave(LaunchConfigurationWorkingCopy.java:187)
	at org.eclipse.m2e.jdt.internal.launch.MavenRuntimeClasspathProvider.disable(MavenRuntimeClasspathProvider.java:403)
	at org.eclipse.m2e.jdt.internal.launch.MavenRuntimeClasspathProvider.disable(MavenRuntimeClasspathProvider.java:427)
	at org.eclipse.m2e.jdt.internal.launch.MavenLaunchConfigurationListener.mavenProjectChanged(MavenLaunchConfigurationListener.java:130)
	at org.eclipse.m2e.core.internal.project.registry.ProjectRegistryManager.notifyProjectChangeListeners(ProjectRegistryManager.java:824)
	at org.eclipse.m2e.core.internal.project.registry.ProjectRegistryManager.applyMutableProjectRegistry(ProjectRegistryManager.java:991)
	at org.eclipse.m2e.core.internal.project.registry.ProjectRegistryRefreshJob.lambda$0(ProjectRegistryRefreshJob.java:149)
	at org.eclipse.m2e.core.internal.embedder.MavenExecutionContext.executeBare(MavenExecutionContext.java:179)
	at org.eclipse.m2e.core.internal.embedder.MavenExecutionContext.execute(MavenExecutionContext.java:153)
	at org.eclipse.m2e.core.internal.embedder.MavenExecutionContext.execute(MavenExecutionContext.java:101)
	at org.eclipse.m2e.core.internal.embedder.MavenImpl.execute(MavenImpl.java:1374)
	at org.eclipse.m2e.core.internal.project.registry.ProjectRegistryRefreshJob.run(ProjectRegistryRefreshJob.java:84)
	at org.eclipse.core.internal.jobs.Worker.run(Worker.java:63)
2026-05-08 09:31:44,668 [Worker-20: Updating Maven Dependencies] ERROR o.e.m.j.i.l.MavenLaunchConfigurationListener - Launch configuration MainApp references non-existing project step01_SpringDI.
org.eclipse.core.runtime.CoreException: Launch configuration MainApp references non-existing project step01_SpringDI.
	at org.eclipse.jdt.launching.JavaRuntime.abort(JavaRuntime.java:1843)
	at org.eclipse.jdt.launching.JavaRuntime.getJavaProject(JavaRuntime.java:1718)
	at org.eclipse.m2e.jdt.internal.launch.MavenLaunchConfigurationListener.updateLaunchConfiguration(MavenLaunchConfigurationListener.java:59)
	at org.eclipse.m2e.jdt.internal.launch.MavenLaunchConfigurationListener.launchConfigurationChanged(MavenLaunchConfigurationListener.java:46)
	at org.eclipse.debug.internal.core.LaunchManager$ConfigurationNotifier.run(LaunchManager.java:225)
	at org.eclipse.core.runtime.SafeRunner.run(SafeRunner.java:45)
	at org.eclipse.debug.internal.core.LaunchManager$ConfigurationNotifier.notify(LaunchManager.java:209)
	at org.eclipse.debug.internal.core.LaunchConfigurationWorkingCopy.setDirty(LaunchConfigurationWorkingCopy.java:523)
	at org.eclipse.debug.internal.core.LaunchConfigurationWorkingCopy.setAttribute(LaunchConfigurationWorkingCopy.java:411)
	at org.eclipse.m2e.jdt.internal.launch.MavenRuntimeClasspathProvider.disable(MavenRuntimeClasspathProvider.java:401)
	at org.eclipse.m2e.jdt.internal.launch.MavenRuntimeClasspathProvider.disable(MavenRuntimeClasspathProvider.java:427)
	at org.eclipse.m2e.jdt.internal.launch.MavenLaunchConfigurationListener.mavenProjectChanged(MavenLaunchConfigurationListener.java:130)
	at org.eclipse.m2e.core.internal.project.registry.ProjectRegistryManager.notifyProjectChangeListeners(ProjectRegistryManager.java:824)
	at org.eclipse.m2e.core.internal.project.registry.ProjectRegistryManager.applyMutableProjectRegistry(ProjectRegistryManager.java:991)
	at org.eclipse.m2e.core.internal.project.registry.ProjectRegistryRefreshJob.lambda$0(ProjectRegistryRefreshJob.java:149)
	at org.eclipse.m2e.core.internal.embedder.MavenExecutionContext.executeBare(MavenExecutionContext.java:179)
	at org.eclipse.m2e.core.internal.embedder.MavenExecutionContext.execute(MavenExecutionContext.java:153)
	at org.eclipse.m2e.core.internal.embedder.MavenExecutionContext.execute(MavenExecutionContext.java:101)
	at org.eclipse.m2e.core.internal.embedder.MavenImpl.execute(MavenImpl.java:1374)
	at org.eclipse.m2e.core.internal.project.registry.ProjectRegistryRefreshJob.run(ProjectRegistryRefreshJob.java:84)
	at org.eclipse.core.internal.jobs.Worker.run(Worker.java:63)
2026-05-08 09:31:44,669 [Worker-20: Updating Maven Dependencies] ERROR o.e.m.j.i.l.MavenLaunchConfigurationListener - Launch configuration MainApp references non-existing project step01_SpringDI.
org.eclipse.core.runtime.CoreException: Launch configuration MainApp references non-existing project step01_SpringDI.
	at org.eclipse.jdt.launching.JavaRuntime.abort(JavaRuntime.java:1843)
	at org.eclipse.jdt.launching.JavaRuntime.getJavaProject(JavaRuntime.java:1718)
	at org.eclipse.m2e.jdt.internal.launch.MavenLaunchConfigurationListener.updateLaunchConfiguration(MavenLaunchConfigurationListener.java:59)
	at org.eclipse.m2e.jdt.internal.launch.MavenLaunchConfigurationListener.launchConfigurationChanged(MavenLaunchConfigurationListener.java:46)
	at org.eclipse.debug.internal.core.LaunchManager$ConfigurationNotifier.run(LaunchManager.java:225)
	at org.eclipse.core.runtime.SafeRunner.run(SafeRunner.java:45)
	at org.eclipse.debug.internal.core.LaunchManager$ConfigurationNotifier.notify(LaunchManager.java:209)
	at org.eclipse.debug.internal.core.LaunchConfigurationWorkingCopy.setDirty(LaunchConfigurationWorkingCopy.java:523)
	at org.eclipse.debug.internal.core.LaunchConfigurationWorkingCopy.setAttribute(LaunchConfigurationWorkingCopy.java:411)
	at org.eclipse.m2e.jdt.internal.launch.MavenRuntimeClasspathProvider.disable(MavenRuntimeClasspathProvider.java:402)
	at org.eclipse.m2e.jdt.internal.launch.MavenRuntimeClasspathProvider.disable(MavenRuntimeClasspathProvider.java:427)
	at org.eclipse.m2e.jdt.internal.launch.MavenLaunchConfigurationListener.mavenProjectChanged(MavenLaunchConfigurationListener.java:130)
	at org.eclipse.m2e.core.internal.project.registry.ProjectRegistryManager.notifyProjectChangeListeners(ProjectRegistryManager.java:824)
	at org.eclipse.m2e.core.internal.project.registry.ProjectRegistryManager.applyMutableProjectRegistry(ProjectRegistryManager.java:991)
	at org.eclipse.m2e.core.internal.project.registry.ProjectRegistryRefreshJob.lambda$0(ProjectRegistryRefreshJob.java:149)
	at org.eclipse.m2e.core.internal.embedder.MavenExecutionContext.executeBare(MavenExecutionContext.java:179)
	at org.eclipse.m2e.core.internal.embedder.MavenExecutionContext.execute(MavenExecutionContext.java:153)
	at org.eclipse.m2e.core.internal.embedder.MavenExecutionContext.execute(MavenExecutionContext.java:101)
	at org.eclipse.m2e.core.internal.embedder.MavenImpl.execute(MavenImpl.java:1374)
	at org.eclipse.m2e.core.internal.project.registry.ProjectRegistryRefreshJob.run(ProjectRegistryRefreshJob.java:84)
	at org.eclipse.core.internal.jobs.Worker.run(Worker.java:63)
2026-05-08 09:31:44,681 [Worker-20: Updating Maven Dependencies] ERROR o.e.m.j.i.l.MavenLaunchConfigurationListener - Launch configuration MainApp references non-existing project step01_SpringDI.
org.eclipse.core.runtime.CoreException: Launch configuration MainApp references non-existing project step01_SpringDI.
	at org.eclipse.jdt.launching.JavaRuntime.abort(JavaRuntime.java:1843)
	at org.eclipse.jdt.launching.JavaRuntime.getJavaProject(JavaRuntime.java:1718)
	at org.eclipse.m2e.jdt.internal.launch.MavenLaunchConfigurationListener.updateLaunchConfiguration(MavenLaunchConfigurationListener.java:59)
	at org.eclipse.m2e.jdt.internal.launch.MavenLaunchConfigurationListener.launchConfigurationChanged(MavenLaunchConfigurationListener.java:46)
	at org.eclipse.debug.internal.core.LaunchManager$ConfigurationNotifier.run(LaunchManager.java:225)
	at org.eclipse.core.runtime.SafeRunner.run(SafeRunner.java:45)
	at org.eclipse.debug.internal.core.LaunchManager$ConfigurationNotifier.notify(LaunchManager.java:209)
	at org.eclipse.debug.internal.core.LaunchManager.launchConfigurationChanged(LaunchManager.java:2128)
	at org.eclipse.debug.internal.core.LaunchConfigurationWorkingCopy.writeNewFile(LaunchConfigurationWorkingCopy.java:376)
	at org.eclipse.debug.internal.core.LaunchConfigurationWorkingCopy.doSave0(LaunchConfigurationWorkingCopy.java:259)
	at org.eclipse.debug.internal.core.LaunchConfigurationWorkingCopy.doSave(LaunchConfigurationWorkingCopy.java:229)
	at org.eclipse.debug.internal.core.LaunchConfigurationWorkingCopy.doSave(LaunchConfigurationWorkingCopy.java:187)
	at org.eclipse.m2e.jdt.internal.launch.MavenRuntimeClasspathProvider.disable(MavenRuntimeClasspathProvider.java:403)
	at org.eclipse.m2e.jdt.internal.launch.MavenRuntimeClasspathProvider.disable(MavenRuntimeClasspathProvider.java:427)
	at org.eclipse.m2e.jdt.internal.launch.MavenLaunchConfigurationListener.mavenProjectChanged(MavenLaunchConfigurationListener.java:130)
	at org.eclipse.m2e.core.internal.project.registry.ProjectRegistryManager.notifyProjectChangeListeners(ProjectRegistryManager.java:824)
	at org.eclipse.m2e.core.internal.project.registry.ProjectRegistryManager.applyMutableProjectRegistry(ProjectRegistryManager.java:991)
	at org.eclipse.m2e.core.internal.project.registry.ProjectRegistryRefreshJob.lambda$0(ProjectRegistryRefreshJob.java:149)
	at org.eclipse.m2e.core.internal.embedder.MavenExecutionContext.executeBare(MavenExecutionContext.java:179)
	at org.eclipse.m2e.core.internal.embedder.MavenExecutionContext.execute(MavenExecutionContext.java:153)
	at org.eclipse.m2e.core.internal.embedder.MavenExecutionContext.execute(MavenExecutionContext.java:101)
	at org.eclipse.m2e.core.internal.embedder.MavenImpl.execute(MavenImpl.java:1374)
	at org.eclipse.m2e.core.internal.project.registry.ProjectRegistryRefreshJob.run(ProjectRegistryRefreshJob.java:84)
	at org.eclipse.core.internal.jobs.Worker.run(Worker.java:63)
2026-05-08 09:31:57,589 [Worker-2: Importing Maven projects] INFO  o.e.m.c.i.l.LifecycleMappingFactory - Using org.eclipse.m2e.jdt.JarLifecycleMapping lifecycle mapping for MavenProject: step01_SpringDI:step01_SpringDI:0.0.1-SNAPSHOT @ C:\Edu\Spring\springFramework\workSpace\step01_SpringDI\pom.xml.
2026-05-08 09:31:57,794 [Worker-2: Importing Maven projects] INFO  o.e.m.j.i.AbstractJavaProjectConfigurator - Adding source folder /step01_SpringDI/src/main/java
2026-05-08 09:31:57,794 [Worker-2: Importing Maven projects] INFO  o.e.m.j.i.AbstractJavaProjectConfigurator - Adding resource folder /step01_SpringDI/src/main/resources
2026-05-08 09:31:57,801 [Worker-2: Importing Maven projects] INFO  o.e.m.j.i.AbstractJavaProjectConfigurator - Adding source folder /step01_SpringDI/src/test/java
2026-05-08 09:31:57,892 [Worker-2: Importing Maven projects] INFO  o.e.m.c.i.p.ProjectConfigurationManager - Imported and configured 1 project(s) in 0 sec
2026-05-08 09:31:59,299 [Worker-2: Building] INFO  o.e.m.c.i.embedder.EclipseLogger - Using 'UTF-8' encoding to copy filtered resources.
2026-05-08 09:31:59,299 [Worker-2: Building] INFO  o.e.m.c.i.embedder.EclipseLogger - Copying 2 resources
2026-05-08 09:31:59,318 [Worker-2: Building] INFO  o.e.m.c.i.embedder.EclipseLogger - Using 'UTF-8' encoding to copy filtered resources.
2026-05-08 09:31:59,318 [Worker-2: Building] INFO  o.e.m.c.i.embedder.EclipseLogger - skip non existing resourceDirectory C:\Edu\Spring\springFramework\workSpace\step01_SpringDI\src\test\resources
2026-05-08 09:48:25,742 [Worker-30: Building] INFO  o.e.m.c.i.embedder.EclipseLogger - Using 'UTF-8' encoding to copy filtered resources.
2026-05-08 09:48:25,748 [Worker-30: Building] INFO  o.e.m.c.i.embedder.EclipseLogger - Copying 2 resources
2026-05-08 09:48:25,749 [Worker-30: Building] INFO  o.e.m.c.i.embedder.EclipseLogger - Using 'UTF-8' encoding to copy filtered resources.
2026-05-08 09:48:25,750 [Worker-30: Building] INFO  o.e.m.c.i.embedder.EclipseLogger - skip non existing resourceDirectory C:\Edu\Spring\springFramework\workSpace\step01_SpringDI\src\test\resources
2026-05-08 09:51:03,951 [Worker-30: Building] INFO  o.e.m.c.i.embedder.EclipseLogger - Using 'UTF-8' encoding to copy filtered resources.
2026-05-08 09:51:03,952 [Worker-30: Building] INFO  o.e.m.c.i.embedder.EclipseLogger - Copying 2 resources
2026-05-08 09:51:03,960 [Worker-30: Building] INFO  o.e.m.c.i.embedder.EclipseLogger - Using 'UTF-8' encoding to copy filtered resources.
2026-05-08 09:51:03,960 [Worker-30: Building] INFO  o.e.m.c.i.embedder.EclipseLogger - skip non existing resourceDirectory C:\Edu\Spring\springFramework\workSpace\step01_SpringDI\src\test\resources
2026-05-08 09:52:43,001 [Worker-28: Building] INFO  o.e.m.c.i.embedder.EclipseLogger - Using 'UTF-8' encoding to copy filtered resources.
2026-05-08 09:52:43,002 [Worker-28: Building] INFO  o.e.m.c.i.embedder.EclipseLogger - Copying 2 resources
2026-05-08 09:52:43,003 [Worker-28: Building] INFO  o.e.m.c.i.embedder.EclipseLogger - Using 'UTF-8' encoding to copy filtered resources.
2026-05-08 09:52:43,003 [Worker-28: Building] INFO  o.e.m.c.i.embedder.EclipseLogger - skip non existing resourceDirectory C:\Edu\Spring\springFramework\workSpace\step01_SpringDI\src\test\resources
2026-05-08 09:54:02,304 [Worker-30: Building] INFO  o.e.m.c.i.embedder.EclipseLogger - Using 'UTF-8' encoding to copy filtered resources.
2026-05-08 09:54:02,305 [Worker-30: Building] INFO  o.e.m.c.i.embedder.EclipseLogger - Copying 2 resources
2026-05-08 09:54:02,306 [Worker-30: Building] INFO  o.e.m.c.i.embedder.EclipseLogger - Using 'UTF-8' encoding to copy filtered resources.
2026-05-08 09:54:02,306 [Worker-30: Building] INFO  o.e.m.c.i.embedder.EclipseLogger - skip non existing resourceDirectory C:\Edu\Spring\springFramework\workSpace\step01_SpringDI\src\test\resources
2026-05-08 09:55:49,372 [Worker-30: Launching Executing clean in C__Edu_Spring_springFramework_workSpace_step01_SpringDI] INFO  o.e.m.i.launch.MavenLaunchDelegate - C:\Edu\Spring\springFramework\workSpace\step01_SpringDI
2026-05-08 09:55:49,374 [Worker-30: Launching Executing clean in C__Edu_Spring_springFramework_workSpace_step01_SpringDI] INFO  o.e.m.i.launch.MavenLaunchDelegate -  mvn -B clean -Dstyle.color=always
2026-05-08 09:55:51,260 [Worker-30: Building] INFO  o.e.m.c.i.embedder.EclipseLogger - Using 'UTF-8' encoding to copy filtered resources.
2026-05-08 09:55:51,261 [Worker-30: Building] INFO  o.e.m.c.i.embedder.EclipseLogger - Copying 2 resources
2026-05-08 09:55:51,264 [Worker-30: Building] INFO  o.e.m.c.i.embedder.EclipseLogger - Using 'UTF-8' encoding to copy filtered resources.
2026-05-08 09:55:51,264 [Worker-30: Building] INFO  o.e.m.c.i.embedder.EclipseLogger - skip non existing resourceDirectory C:\Edu\Spring\springFramework\workSpace\step01_SpringDI\src\test\resources
2026-05-08 09:55:58,480 [Worker-31: Launching Executing install in C__Edu_Spring_springFramework_workSpace_step01_SpringDI] INFO  o.e.m.i.launch.MavenLaunchDelegate - C:\Edu\Spring\springFramework\workSpace\step01_SpringDI
2026-05-08 09:55:58,481 [Worker-31: Launching Executing install in C__Edu_Spring_springFramework_workSpace_step01_SpringDI] INFO  o.e.m.i.launch.MavenLaunchDelegate -  mvn -B install -Dstyle.color=always
2026-05-08 09:56:01,679 [Worker-27: Building] INFO  o.e.m.c.i.embedder.EclipseLogger - Using 'UTF-8' encoding to copy filtered resources.
2026-05-08 09:56:01,680 [Worker-27: Building] INFO  o.e.m.c.i.embedder.EclipseLogger - Copying 0 resource
2026-05-08 09:56:01,680 [Worker-27: Building] INFO  o.e.m.c.i.embedder.EclipseLogger - Using 'UTF-8' encoding to copy filtered resources.
2026-05-08 09:56:01,681 [Worker-27: Building] INFO  o.e.m.c.i.embedder.EclipseLogger - skip non existing resourceDirectory C:\Edu\Spring\springFramework\workSpace\step01_SpringDI\src\test\resources
2026-05-08 09:56:11,184 [main] INFO  o.e.m2e.actions.ExecutePomAction - Creating new launch configuration
2026-05-08 09:56:21,902 [main] INFO  o.e.m2e.actions.ExecutePomAction - Creating new launch configuration
2026-05-08 09:56:27,627 [Worker-30: Launching step01_SpringDI (1)] INFO  o.e.m.i.launch.MavenLaunchDelegate - C:\Edu\Spring\springFramework\workSpace\step01_SpringDI
2026-05-08 09:56:27,627 [Worker-30: Launching step01_SpringDI (1)] INFO  o.e.m.i.launch.MavenLaunchDelegate -  mvn -B  -Dstyle.color=always
2026-05-08 09:57:00,001 [Worker-29: Launching Executing install in C__Edu_Spring_springFramework_workSpace_step01_SpringDI] INFO  o.e.m.i.launch.MavenLaunchDelegate - C:\Edu\Spring\springFramework\workSpace\step01_SpringDI
2026-05-08 09:57:00,002 [Worker-29: Launching Executing install in C__Edu_Spring_springFramework_workSpace_step01_SpringDI] INFO  o.e.m.i.launch.MavenLaunchDelegate -  mvn -B install -Dstyle.color=always
2026-05-08 09:57:02,238 [Worker-32: Building] INFO  o.e.m.c.i.embedder.EclipseLogger - Using 'UTF-8' encoding to copy filtered resources.
2026-05-08 09:57:02,238 [Worker-32: Building] INFO  o.e.m.c.i.embedder.EclipseLogger - Copying 0 resource
2026-05-08 09:57:02,239 [Worker-32: Building] INFO  o.e.m.c.i.embedder.EclipseLogger - Using 'UTF-8' encoding to copy filtered resources.
2026-05-08 09:57:02,240 [Worker-32: Building] INFO  o.e.m.c.i.embedder.EclipseLogger - skip non existing resourceDirectory C:\Edu\Spring\springFramework\workSpace\step01_SpringDI\src\test\resources
2026-05-08 09:58:33,948 [Worker-7: Loading available Gradle versions] INFO  o.e.b.c.i.u.g.PublishedGradleVersions - Gradle version information cache is up-to-date. Trying to read.
2026-05-08 10:02:56,735 [Worker-13: Building] WARN  o.e.m.c.i.embedder.EclipseLogger - Using platform encoding (MS949 actually) to copy filtered resources, i.e. build is platform dependent!
2026-05-08 10:02:56,740 [Worker-13: Building] INFO  o.e.m.c.i.embedder.EclipseLogger - Copying 1 resource
2026-05-08 10:02:56,745 [Worker-13: Building] WARN  o.e.m.c.i.embedder.EclipseLogger - Using platform encoding (MS949 actually) to copy filtered resources, i.e. build is platform dependent!
2026-05-08 10:02:56,746 [Worker-13: Building] INFO  o.e.m.c.i.embedder.EclipseLogger - Copying 1 resource
2026-05-08 10:02:57,150 [Worker-13: Building] INFO  o.e.m.c.i.embedder.EclipseLogger - Using 'UTF-8' encoding to copy filtered resources.
2026-05-08 10:02:57,151 [Worker-13: Building] INFO  o.e.m.c.i.embedder.EclipseLogger - Copying 2 resources
2026-05-08 10:02:57,152 [Worker-13: Building] INFO  o.e.m.c.i.embedder.EclipseLogger - Using 'UTF-8' encoding to copy filtered resources.
2026-05-08 10:02:57,153 [Worker-13: Building] INFO  o.e.m.c.i.embedder.EclipseLogger - skip non existing resourceDirectory C:\Edu\Spring\springFramework\workSpace\step01_SpringDI\src\test\resources
2026-05-08 10:02:57,419 [Worker-13: Building] WARN  o.e.m.c.i.embedder.EclipseLogger - Using platform encoding (MS949 actually) to copy filtered resources, i.e. build is platform dependent!
2026-05-08 10:02:57,420 [Worker-13: Building] INFO  o.e.m.c.i.embedder.EclipseLogger - Copying 1 resource
2026-05-08 10:02:57,422 [Worker-13: Building] WARN  o.e.m.c.i.embedder.EclipseLogger - Using platform encoding (MS949 actually) to copy filtered resources, i.e. build is platform dependent!
2026-05-08 10:02:57,423 [Worker-13: Building] INFO  o.e.m.c.i.embedder.EclipseLogger - Copying 1 resource
2026-05-08 10:02:59,737 [Worker-19: Rebuilding] WARN  o.e.m.c.i.embedder.EclipseLogger - Using platform encoding (MS949 actually) to copy filtered resources, i.e. build is platform dependent!
2026-05-08 10:02:59,739 [Worker-19: Rebuilding] INFO  o.e.m.c.i.embedder.EclipseLogger - Copying 1 resource
2026-05-08 10:02:59,746 [Worker-19: Rebuilding] WARN  o.e.m.c.i.embedder.EclipseLogger - Using platform encoding (MS949 actually) to copy filtered resources, i.e. build is platform dependent!
2026-05-08 10:02:59,748 [Worker-19: Rebuilding] INFO  o.e.m.c.i.embedder.EclipseLogger - Copying 1 resource
2026-05-08 10:03:00,491 [Worker-19: Rebuilding] INFO  o.e.m.c.i.embedder.EclipseLogger - Using 'UTF-8' encoding to copy filtered resources.
2026-05-08 10:03:00,491 [Worker-19: Rebuilding] INFO  o.e.m.c.i.embedder.EclipseLogger - Copying 2 resources
2026-05-08 10:03:00,496 [Worker-19: Rebuilding] INFO  o.e.m.c.i.embedder.EclipseLogger - Using 'UTF-8' encoding to copy filtered resources.
2026-05-08 10:03:00,497 [Worker-19: Rebuilding] INFO  o.e.m.c.i.embedder.EclipseLogger - skip non existing resourceDirectory C:\Edu\Spring\springFramework\workSpace\step01_SpringDI\src\test\resources
2026-05-08 10:03:00,735 [Worker-19: Rebuilding] WARN  o.e.m.c.i.embedder.EclipseLogger - Using platform encoding (MS949 actually) to copy filtered resources, i.e. build is platform dependent!
2026-05-08 10:03:00,737 [Worker-19: Rebuilding] INFO  o.e.m.c.i.embedder.EclipseLogger - Copying 1 resource
2026-05-08 10:03:00,755 [Worker-19: Rebuilding] WARN  o.e.m.c.i.embedder.EclipseLogger - Using platform encoding (MS949 actually) to copy filtered resources, i.e. build is platform dependent!
2026-05-08 10:03:00,756 [Worker-19: Rebuilding] INFO  o.e.m.c.i.embedder.EclipseLogger - Copying 1 resource
2026-05-08 10:03:24,312 [Worker-13: Building] INFO  o.e.m.c.i.embedder.EclipseLogger - Using 'UTF-8' encoding to copy filtered resources.
2026-05-08 10:03:24,318 [Worker-13: Building] INFO  o.e.m.c.i.embedder.EclipseLogger - Copying 2 resources
2026-05-08 10:03:24,323 [Worker-13: Building] INFO  o.e.m.c.i.embedder.EclipseLogger - Using 'UTF-8' encoding to copy filtered resources.
2026-05-08 10:03:24,323 [Worker-13: Building] INFO  o.e.m.c.i.embedder.EclipseLogger - skip non existing resourceDirectory C:\Edu\Spring\springFramework\workSpace\step01_SpringDI\src\test\resources
2026-05-08 10:17:10,378 [Worker-22: Building] INFO  o.e.m.c.i.embedder.EclipseLogger - Using 'UTF-8' encoding to copy filtered resources.
2026-05-08 10:17:10,380 [Worker-22: Building] INFO  o.e.m.c.i.embedder.EclipseLogger - Copying 2 resources
2026-05-08 10:17:10,383 [Worker-22: Building] INFO  o.e.m.c.i.embedder.EclipseLogger - Using 'UTF-8' encoding to copy filtered resources.
2026-05-08 10:17:10,383 [Worker-22: Building] INFO  o.e.m.c.i.embedder.EclipseLogger - skip non existing resourceDirectory C:\Edu\Spring\springFramework\workSpace\step01_SpringDI\src\test\resources
2026-05-08 10:19:41,843 [Worker-28: Building] INFO  o.e.m.c.i.embedder.EclipseLogger - Using 'UTF-8' encoding to copy filtered resources.
2026-05-08 10:19:41,843 [Worker-28: Building] INFO  o.e.m.c.i.embedder.EclipseLogger - Copying 2 resources
2026-05-08 10:19:41,844 [Worker-28: Building] INFO  o.e.m.c.i.embedder.EclipseLogger - Using 'UTF-8' encoding to copy filtered resources.
2026-05-08 10:19:41,845 [Worker-28: Building] INFO  o.e.m.c.i.embedder.EclipseLogger - skip non existing resourceDirectory C:\Edu\Spring\springFramework\workSpace\step01_SpringDI\src\test\resources
2026-05-08 10:20:44,780 [Start Help Server] INFO  org.eclipse.jetty.server.Server - jetty-10.0.5; built: 2021-06-11T14:18:43.438Z; git: dc21b2d73cafd78a56e8e532cf50863739bd7027; jvm 11.0.0.1+3-5
2026-05-08 10:20:44,812 [Start Help Server] INFO  o.e.j.s.s.DefaultSessionIdManager - Session workerName=node0
2026-05-08 10:20:44,843 [Start Help Server] INFO  o.e.j.server.handler.ContextHandler - Started o.e.j.s.ServletContextHandler@d472dc6{/help,null,AVAILABLE}
2026-05-08 10:20:44,862 [Start Help Server] INFO  o.e.jetty.server.AbstractConnector - Started ServerConnector@32218a3d{HTTP/1.1, (http/1.1)}{127.0.0.1:64009}
2026-05-08 10:20:44,866 [Start Help Server] INFO  org.eclipse.jetty.server.Server - Started Server@7509f26c{STARTING}[10.0.5,sto=0] @1343976ms
2026-05-08 10:28:18,440 [Worker-25: Building] INFO  o.e.m.c.i.embedder.EclipseLogger - Using 'UTF-8' encoding to copy filtered resources.
2026-05-08 10:28:18,441 [Worker-25: Building] INFO  o.e.m.c.i.embedder.EclipseLogger - Copying 2 resources
2026-05-08 10:28:18,442 [Worker-25: Building] INFO  o.e.m.c.i.embedder.EclipseLogger - Using 'UTF-8' encoding to copy filtered resources.
2026-05-08 10:28:18,443 [Worker-25: Building] INFO  o.e.m.c.i.embedder.EclipseLogger - skip non existing resourceDirectory C:\Edu\Spring\springFramework\workSpace\step01_SpringDI\src\test\resources
2026-05-08 10:31:00,200 [Worker-25: Building] INFO  o.e.m.c.i.embedder.EclipseLogger - Using 'UTF-8' encoding to copy filtered resources.
2026-05-08 10:31:00,201 [Worker-25: Building] INFO  o.e.m.c.i.embedder.EclipseLogger - Copying 2 resources
2026-05-08 10:31:00,202 [Worker-25: Building] INFO  o.e.m.c.i.embedder.EclipseLogger - Using 'UTF-8' encoding to copy filtered resources.
2026-05-08 10:31:00,202 [Worker-25: Building] INFO  o.e.m.c.i.embedder.EclipseLogger - skip non existing resourceDirectory C:\Edu\Spring\springFramework\workSpace\step01_SpringDI\src\test\resources
2026-05-08 10:31:04,359 [Worker-32: Building] INFO  o.e.m.c.i.embedder.EclipseLogger - Using 'UTF-8' encoding to copy filtered resources.
2026-05-08 10:31:04,360 [Worker-32: Building] INFO  o.e.m.c.i.embedder.EclipseLogger - Copying 2 resources
2026-05-08 10:31:04,361 [Worker-32: Building] INFO  o.e.m.c.i.embedder.EclipseLogger - Using 'UTF-8' encoding to copy filtered resources.
2026-05-08 10:31:04,361 [Worker-32: Building] INFO  o.e.m.c.i.embedder.EclipseLogger - skip non existing resourceDirectory C:\Edu\Spring\springFramework\workSpace\step01_SpringDI\src\test\resources
2026-05-08 10:33:19,629 [Worker-25: Building] INFO  o.e.m.c.i.embedder.EclipseLogger - Using 'UTF-8' encoding to copy filtered resources.
2026-05-08 10:33:19,630 [Worker-25: Building] INFO  o.e.m.c.i.embedder.EclipseLogger - Copying 2 resources
2026-05-08 10:33:19,632 [Worker-25: Building] INFO  o.e.m.c.i.embedder.EclipseLogger - Using 'UTF-8' encoding to copy filtered resources.
2026-05-08 10:33:19,632 [Worker-25: Building] INFO  o.e.m.c.i.embedder.EclipseLogger - skip non existing resourceDirectory C:\Edu\Spring\springFramework\workSpace\step01_SpringDI\src\test\resources
2026-05-08 10:33:49,024 [Worker-35: Building] INFO  o.e.m.c.i.embedder.EclipseLogger - Using 'UTF-8' encoding to copy filtered resources.
2026-05-08 10:33:49,025 [Worker-35: Building] INFO  o.e.m.c.i.embedder.EclipseLogger - Copying 2 resources
2026-05-08 10:33:49,026 [Worker-35: Building] INFO  o.e.m.c.i.embedder.EclipseLogger - Using 'UTF-8' encoding to copy filtered resources.
2026-05-08 10:33:49,026 [Worker-35: Building] INFO  o.e.m.c.i.embedder.EclipseLogger - skip non existing resourceDirectory C:\Edu\Spring\springFramework\workSpace\step01_SpringDI\src\test\resources
2026-05-08 10:34:37,558 [Worker-32: Building] INFO  o.e.m.c.i.embedder.EclipseLogger - Using 'UTF-8' encoding to copy filtered resources.
2026-05-08 10:34:37,559 [Worker-32: Building] INFO  o.e.m.c.i.embedder.EclipseLogger - Copying 2 resources
2026-05-08 10:34:37,560 [Worker-32: Building] INFO  o.e.m.c.i.embedder.EclipseLogger - Using 'UTF-8' encoding to copy filtered resources.
2026-05-08 10:34:37,560 [Worker-32: Building] INFO  o.e.m.c.i.embedder.EclipseLogger - skip non existing resourceDirectory C:\Edu\Spring\springFramework\workSpace\step01_SpringDI\src\test\resources
2026-05-08 10:37:20,104 [Worker-37: Building] INFO  o.e.m.c.i.embedder.EclipseLogger - Using 'UTF-8' encoding to copy filtered resources.
2026-05-08 10:37:20,105 [Worker-37: Building] INFO  o.e.m.c.i.embedder.EclipseLogger - Copying 2 resources
2026-05-08 10:37:20,109 [Worker-37: Building] INFO  o.e.m.c.i.embedder.EclipseLogger - Using 'UTF-8' encoding to copy filtered resources.
2026-05-08 10:37:20,109 [Worker-37: Building] INFO  o.e.m.c.i.embedder.EclipseLogger - skip non existing resourceDirectory C:\Edu\Spring\springFramework\workSpace\step01_SpringDI\src\test\resources
2026-05-08 10:37:41,746 [Worker-36: Building] INFO  o.e.m.c.i.embedder.EclipseLogger - Using 'UTF-8' encoding to copy filtered resources.
2026-05-08 10:37:41,747 [Worker-36: Building] INFO  o.e.m.c.i.embedder.EclipseLogger - Copying 2 resources
2026-05-08 10:37:41,748 [Worker-36: Building] INFO  o.e.m.c.i.embedder.EclipseLogger - Using 'UTF-8' encoding to copy filtered resources.
2026-05-08 10:37:41,748 [Worker-36: Building] INFO  o.e.m.c.i.embedder.EclipseLogger - skip non existing resourceDirectory C:\Edu\Spring\springFramework\workSpace\step01_SpringDI\src\test\resources
2026-05-08 10:37:50,572 [Worker-35: Building] INFO  o.e.m.c.i.embedder.EclipseLogger - Using 'UTF-8' encoding to copy filtered resources.
2026-05-08 10:37:50,573 [Worker-35: Building] INFO  o.e.m.c.i.embedder.EclipseLogger - Copying 2 resources
2026-05-08 10:37:50,574 [Worker-35: Building] INFO  o.e.m.c.i.embedder.EclipseLogger - Using 'UTF-8' encoding to copy filtered resources.
2026-05-08 10:37:50,574 [Worker-35: Building] INFO  o.e.m.c.i.embedder.EclipseLogger - skip non existing resourceDirectory C:\Edu\Spring\springFramework\workSpace\step01_SpringDI\src\test\resources
2026-05-08 10:40:01,089 [Worker-37: Building] INFO  o.e.m.c.i.embedder.EclipseLogger - Using 'UTF-8' encoding to copy filtered resources.
2026-05-08 10:40:01,089 [Worker-37: Building] INFO  o.e.m.c.i.embedder.EclipseLogger - Copying 2 resources
2026-05-08 10:40:01,091 [Worker-37: Building] INFO  o.e.m.c.i.embedder.EclipseLogger - Using 'UTF-8' encoding to copy filtered resources.
2026-05-08 10:40:01,091 [Worker-37: Building] INFO  o.e.m.c.i.embedder.EclipseLogger - skip non existing resourceDirectory C:\Edu\Spring\springFramework\workSpace\step01_SpringDI\src\test\resources
2026-05-08 10:40:10,905 [Worker-35: Building] INFO  o.e.m.c.i.embedder.EclipseLogger - Using 'UTF-8' encoding to copy filtered resources.
2026-05-08 10:40:10,906 [Worker-35: Building] INFO  o.e.m.c.i.embedder.EclipseLogger - Copying 2 resources
2026-05-08 10:40:10,907 [Worker-35: Building] INFO  o.e.m.c.i.embedder.EclipseLogger - Using 'UTF-8' encoding to copy filtered resources.
2026-05-08 10:40:10,908 [Worker-35: Building] INFO  o.e.m.c.i.embedder.EclipseLogger - skip non existing resourceDirectory C:\Edu\Spring\springFramework\workSpace\step01_SpringDI\src\test\resources
2026-05-08 10:40:41,238 [Worker-35: Building] INFO  o.e.m.c.i.embedder.EclipseLogger - Using 'UTF-8' encoding to copy filtered resources.
2026-05-08 10:40:41,239 [Worker-35: Building] INFO  o.e.m.c.i.embedder.EclipseLogger - Copying 2 resources
2026-05-08 10:40:41,240 [Worker-35: Building] INFO  o.e.m.c.i.embedder.EclipseLogger - Using 'UTF-8' encoding to copy filtered resources.
2026-05-08 10:40:41,240 [Worker-35: Building] INFO  o.e.m.c.i.embedder.EclipseLogger - skip non existing resourceDirectory C:\Edu\Spring\springFramework\workSpace\step01_SpringDI\src\test\resources
2026-05-08 10:40:43,895 [Worker-39: Building] INFO  o.e.m.c.i.embedder.EclipseLogger - Using 'UTF-8' encoding to copy filtered resources.
2026-05-08 10:40:43,897 [Worker-39: Building] INFO  o.e.m.c.i.embedder.EclipseLogger - Copying 2 resources
2026-05-08 10:40:43,898 [Worker-39: Building] INFO  o.e.m.c.i.embedder.EclipseLogger - Using 'UTF-8' encoding to copy filtered resources.
2026-05-08 10:40:43,899 [Worker-39: Building] INFO  o.e.m.c.i.embedder.EclipseLogger - skip non existing resourceDirectory C:\Edu\Spring\springFramework\workSpace\step01_SpringDI\src\test\resources
2026-05-08 10:41:03,842 [Worker-38: Building] INFO  o.e.m.c.i.embedder.EclipseLogger - Using 'UTF-8' encoding to copy filtered resources.
2026-05-08 10:41:03,843 [Worker-38: Building] INFO  o.e.m.c.i.embedder.EclipseLogger - Copying 2 resources
2026-05-08 10:41:03,844 [Worker-38: Building] INFO  o.e.m.c.i.embedder.EclipseLogger - Using 'UTF-8' encoding to copy filtered resources.
2026-05-08 10:41:03,844 [Worker-38: Building] INFO  o.e.m.c.i.embedder.EclipseLogger - skip non existing resourceDirectory C:\Edu\Spring\springFramework\workSpace\step01_SpringDI\src\test\resources
2026-05-08 10:41:17,255 [Worker-36: Building] INFO  o.e.m.c.i.embedder.EclipseLogger - Using 'UTF-8' encoding to copy filtered resources.
2026-05-08 10:41:17,256 [Worker-36: Building] INFO  o.e.m.c.i.embedder.EclipseLogger - Copying 2 resources
2026-05-08 10:41:17,257 [Worker-36: Building] INFO  o.e.m.c.i.embedder.EclipseLogger - Using 'UTF-8' encoding to copy filtered resources.
2026-05-08 10:41:17,257 [Worker-36: Building] INFO  o.e.m.c.i.embedder.EclipseLogger - skip non existing resourceDirectory C:\Edu\Spring\springFramework\workSpace\step01_SpringDI\src\test\resources
2026-05-08 10:42:46,353 [Worker-39: Building] INFO  o.e.m.c.i.embedder.EclipseLogger - Using 'UTF-8' encoding to copy filtered resources.
2026-05-08 10:42:46,354 [Worker-39: Building] INFO  o.e.m.c.i.embedder.EclipseLogger - Copying 2 resources
2026-05-08 10:42:46,355 [Worker-39: Building] INFO  o.e.m.c.i.embedder.EclipseLogger - Using 'UTF-8' encoding to copy filtered resources.
2026-05-08 10:42:46,355 [Worker-39: Building] INFO  o.e.m.c.i.embedder.EclipseLogger - skip non existing resourceDirectory C:\Edu\Spring\springFramework\workSpace\step01_SpringDI\src\test\resources
2026-05-08 10:42:56,618 [Worker-39: Building] INFO  o.e.m.c.i.embedder.EclipseLogger - Using 'UTF-8' encoding to copy filtered resources.
2026-05-08 10:42:56,619 [Worker-39: Building] INFO  o.e.m.c.i.embedder.EclipseLogger - Copying 2 resources
2026-05-08 10:42:56,620 [Worker-39: Building] INFO  o.e.m.c.i.embedder.EclipseLogger - Using 'UTF-8' encoding to copy filtered resources.
2026-05-08 10:42:56,620 [Worker-39: Building] INFO  o.e.m.c.i.embedder.EclipseLogger - skip non existing resourceDirectory C:\Edu\Spring\springFramework\workSpace\step01_SpringDI\src\test\resources
2026-05-08 10:43:43,345 [Worker-41: Building] INFO  o.e.m.c.i.embedder.EclipseLogger - Using 'UTF-8' encoding to copy filtered resources.
2026-05-08 10:43:43,346 [Worker-41: Building] INFO  o.e.m.c.i.embedder.EclipseLogger - Copying 2 resources
2026-05-08 10:43:43,347 [Worker-41: Building] INFO  o.e.m.c.i.embedder.EclipseLogger - Using 'UTF-8' encoding to copy filtered resources.
2026-05-08 10:43:43,347 [Worker-41: Building] INFO  o.e.m.c.i.embedder.EclipseLogger - skip non existing resourceDirectory C:\Edu\Spring\springFramework\workSpace\step01_SpringDI\src\test\resources
2026-05-08 10:45:24,332 [Worker-35: Building] INFO  o.e.m.c.i.embedder.EclipseLogger - Using 'UTF-8' encoding to copy filtered resources.
2026-05-08 10:45:24,333 [Worker-35: Building] INFO  o.e.m.c.i.embedder.EclipseLogger - Copying 2 resources
2026-05-08 10:45:24,334 [Worker-35: Building] INFO  o.e.m.c.i.embedder.EclipseLogger - Using 'UTF-8' encoding to copy filtered resources.
2026-05-08 10:45:24,334 [Worker-35: Building] INFO  o.e.m.c.i.embedder.EclipseLogger - skip non existing resourceDirectory C:\Edu\Spring\springFramework\workSpace\step01_SpringDI\src\test\resources
2026-05-08 10:45:36,021 [Worker-39: Building] INFO  o.e.m.c.i.embedder.EclipseLogger - Using 'UTF-8' encoding to copy filtered resources.
2026-05-08 10:45:36,022 [Worker-39: Building] INFO  o.e.m.c.i.embedder.EclipseLogger - Copying 2 resources
2026-05-08 10:45:36,023 [Worker-39: Building] INFO  o.e.m.c.i.embedder.EclipseLogger - Using 'UTF-8' encoding to copy filtered resources.
2026-05-08 10:45:36,024 [Worker-39: Building] INFO  o.e.m.c.i.embedder.EclipseLogger - skip non existing resourceDirectory C:\Edu\Spring\springFramework\workSpace\step01_SpringDI\src\test\resources
2026-05-08 10:46:19,172 [Worker-42: Building] INFO  o.e.m.c.i.embedder.EclipseLogger - Using 'UTF-8' encoding to copy filtered resources.
2026-05-08 10:46:19,173 [Worker-42: Building] INFO  o.e.m.c.i.embedder.EclipseLogger - Copying 2 resources
2026-05-08 10:46:19,174 [Worker-42: Building] INFO  o.e.m.c.i.embedder.EclipseLogger - Using 'UTF-8' encoding to copy filtered resources.
2026-05-08 10:46:19,174 [Worker-42: Building] INFO  o.e.m.c.i.embedder.EclipseLogger - skip non existing resourceDirectory C:\Edu\Spring\springFramework\workSpace\step01_SpringDI\src\test\resources
2026-05-08 10:46:29,417 [Worker-39: Building] INFO  o.e.m.c.i.embedder.EclipseLogger - Using 'UTF-8' encoding to copy filtered resources.
2026-05-08 10:46:29,418 [Worker-39: Building] INFO  o.e.m.c.i.embedder.EclipseLogger - Copying 2 resources
2026-05-08 10:46:29,419 [Worker-39: Building] INFO  o.e.m.c.i.embedder.EclipseLogger - Using 'UTF-8' encoding to copy filtered resources.
2026-05-08 10:46:29,419 [Worker-39: Building] INFO  o.e.m.c.i.embedder.EclipseLogger - skip non existing resourceDirectory C:\Edu\Spring\springFramework\workSpace\step01_SpringDI\src\test\resources
2026-05-08 10:48:31,611 [Worker-44: Building] INFO  o.e.m.c.i.embedder.EclipseLogger - Using 'UTF-8' encoding to copy filtered resources.
2026-05-08 10:48:31,612 [Worker-44: Building] INFO  o.e.m.c.i.embedder.EclipseLogger - Copying 2 resources
2026-05-08 10:48:31,613 [Worker-44: Building] INFO  o.e.m.c.i.embedder.EclipseLogger - Using 'UTF-8' encoding to copy filtered resources.
2026-05-08 10:48:31,614 [Worker-44: Building] INFO  o.e.m.c.i.embedder.EclipseLogger - skip non existing resourceDirectory C:\Edu\Spring\springFramework\workSpace\step01_SpringDI\src\test\resources
2026-05-08 10:58:37,385 [Worker-46: Building] INFO  o.e.m.c.i.embedder.EclipseLogger - Using 'UTF-8' encoding to copy filtered resources.
2026-05-08 10:58:37,386 [Worker-46: Building] INFO  o.e.m.c.i.embedder.EclipseLogger - Copying 2 resources
2026-05-08 10:58:37,387 [Worker-46: Building] INFO  o.e.m.c.i.embedder.EclipseLogger - Using 'UTF-8' encoding to copy filtered resources.
2026-05-08 10:58:37,387 [Worker-46: Building] INFO  o.e.m.c.i.embedder.EclipseLogger - skip non existing resourceDirectory C:\Edu\Spring\springFramework\workSpace\step01_SpringDI\src\test\resources
2026-05-08 11:09:16,572 [Worker-58: Building] INFO  o.e.m.c.i.embedder.EclipseLogger - Using 'UTF-8' encoding to copy filtered resources.
2026-05-08 11:09:16,573 [Worker-58: Building] INFO  o.e.m.c.i.embedder.EclipseLogger - Copying 2 resources
2026-05-08 11:09:16,574 [Worker-58: Building] INFO  o.e.m.c.i.embedder.EclipseLogger - Using 'UTF-8' encoding to copy filtered resources.
2026-05-08 11:09:16,574 [Worker-58: Building] INFO  o.e.m.c.i.embedder.EclipseLogger - skip non existing resourceDirectory C:\Edu\Spring\springFramework\workSpace\step01_SpringDI\src\test\resources
2026-05-08 11:13:09,867 [Worker-59: Building] INFO  o.e.m.c.i.embedder.EclipseLogger - Using 'UTF-8' encoding to copy filtered resources.
2026-05-08 11:13:09,867 [Worker-59: Building] INFO  o.e.m.c.i.embedder.EclipseLogger - Copying 2 resources
2026-05-08 11:13:09,868 [Worker-59: Building] INFO  o.e.m.c.i.embedder.EclipseLogger - Using 'UTF-8' encoding to copy filtered resources.
2026-05-08 11:13:09,868 [Worker-59: Building] INFO  o.e.m.c.i.embedder.EclipseLogger - skip non existing resourceDirectory C:\Edu\Spring\springFramework\workSpace\step01_SpringDI\src\test\resources
2026-05-08 11:15:59,849 [Worker-60: Building] INFO  o.e.m.c.i.embedder.EclipseLogger - Using 'UTF-8' encoding to copy filtered resources.
2026-05-08 11:15:59,850 [Worker-60: Building] INFO  o.e.m.c.i.embedder.EclipseLogger - Copying 2 resources
2026-05-08 11:15:59,851 [Worker-60: Building] INFO  o.e.m.c.i.embedder.EclipseLogger - Using 'UTF-8' encoding to copy filtered resources.
2026-05-08 11:15:59,851 [Worker-60: Building] INFO  o.e.m.c.i.embedder.EclipseLogger - skip non existing resourceDirectory C:\Edu\Spring\springFramework\workSpace\step01_SpringDI\src\test\resources
2026-05-08 11:16:55,505 [Worker-57: Building] INFO  o.e.m.c.i.embedder.EclipseLogger - Using 'UTF-8' encoding to copy filtered resources.
2026-05-08 11:16:55,507 [Worker-57: Building] INFO  o.e.m.c.i.embedder.EclipseLogger - Copying 2 resources
2026-05-08 11:16:55,507 [Worker-57: Building] INFO  o.e.m.c.i.embedder.EclipseLogger - Using 'UTF-8' encoding to copy filtered resources.
2026-05-08 11:16:55,507 [Worker-57: Building] INFO  o.e.m.c.i.embedder.EclipseLogger - skip non existing resourceDirectory C:\Edu\Spring\springFramework\workSpace\step01_SpringDI\src\test\resources
2026-05-08 11:18:14,124 [Worker-61: Building] INFO  o.e.m.c.i.embedder.EclipseLogger - Using 'UTF-8' encoding to copy filtered resources.
2026-05-08 11:18:14,125 [Worker-61: Building] INFO  o.e.m.c.i.embedder.EclipseLogger - Copying 2 resources
2026-05-08 11:18:14,126 [Worker-61: Building] INFO  o.e.m.c.i.embedder.EclipseLogger - Using 'UTF-8' encoding to copy filtered resources.
2026-05-08 11:18:14,126 [Worker-61: Building] INFO  o.e.m.c.i.embedder.EclipseLogger - skip non existing resourceDirectory C:\Edu\Spring\springFramework\workSpace\step01_SpringDI\src\test\resources
2026-05-08 11:18:36,760 [Worker-57: Building] INFO  o.e.m.c.i.embedder.EclipseLogger - Using 'UTF-8' encoding to copy filtered resources.
2026-05-08 11:18:36,761 [Worker-57: Building] INFO  o.e.m.c.i.embedder.EclipseLogger - Copying 2 resources
2026-05-08 11:18:36,762 [Worker-57: Building] INFO  o.e.m.c.i.embedder.EclipseLogger - Using 'UTF-8' encoding to copy filtered resources.
2026-05-08 11:18:36,762 [Worker-57: Building] INFO  o.e.m.c.i.embedder.EclipseLogger - skip non existing resourceDirectory C:\Edu\Spring\springFramework\workSpace\step01_SpringDI\src\test\resources
2026-05-08 11:50:35,597 [Worker-68: Building] INFO  o.e.m.c.i.embedder.EclipseLogger - Using 'UTF-8' encoding to copy filtered resources.
2026-05-08 11:50:35,684 [Worker-68: Building] INFO  o.e.m.c.i.embedder.EclipseLogger - Copying 2 resources
2026-05-08 11:50:35,685 [Worker-68: Building] INFO  o.e.m.c.i.embedder.EclipseLogger - Using 'UTF-8' encoding to copy filtered resources.
2026-05-08 11:50:35,685 [Worker-68: Building] INFO  o.e.m.c.i.embedder.EclipseLogger - skip non existing resourceDirectory C:\Edu\Spring\springFramework\workSpace\step01_SpringDI\src\test\resources
2026-05-08 11:50:54,334 [Worker-65: Building] INFO  o.e.m.c.i.embedder.EclipseLogger - Using 'UTF-8' encoding to copy filtered resources.
2026-05-08 11:50:54,335 [Worker-65: Building] INFO  o.e.m.c.i.embedder.EclipseLogger - Copying 2 resources
2026-05-08 11:50:54,336 [Worker-65: Building] INFO  o.e.m.c.i.embedder.EclipseLogger - Using 'UTF-8' encoding to copy filtered resources.
2026-05-08 11:50:54,336 [Worker-65: Building] INFO  o.e.m.c.i.embedder.EclipseLogger - skip non existing resourceDirectory C:\Edu\Spring\springFramework\workSpace\step01_SpringDI\src\test\resources
2026-05-08 11:51:35,993 [Worker-63: Building] INFO  o.e.m.c.i.embedder.EclipseLogger - Using 'UTF-8' encoding to copy filtered resources.
2026-05-08 11:51:35,994 [Worker-63: Building] INFO  o.e.m.c.i.embedder.EclipseLogger - Copying 2 resources
2026-05-08 11:51:35,995 [Worker-63: Building] INFO  o.e.m.c.i.embedder.EclipseLogger - Using 'UTF-8' encoding to copy filtered resources.
2026-05-08 11:51:35,995 [Worker-63: Building] INFO  o.e.m.c.i.embedder.EclipseLogger - skip non existing resourceDirectory C:\Edu\Spring\springFramework\workSpace\step01_SpringDI\src\test\resources
2026-05-08 14:25:14,360 [Worker-130: Building] INFO  o.e.m.c.i.embedder.EclipseLogger - Using 'UTF-8' encoding to copy filtered resources.
2026-05-08 14:25:14,361 [Worker-130: Building] INFO  o.e.m.c.i.embedder.EclipseLogger - Copying 2 resources
2026-05-08 14:25:14,362 [Worker-130: Building] INFO  o.e.m.c.i.embedder.EclipseLogger - Using 'UTF-8' encoding to copy filtered resources.
2026-05-08 14:25:14,362 [Worker-130: Building] INFO  o.e.m.c.i.embedder.EclipseLogger - skip non existing resourceDirectory C:\Edu\Spring\springFramework\workSpace\step01_SpringDI\src\test\resources
2026-05-08 14:25:16,233 [Worker-128: Building] INFO  o.e.m.c.i.embedder.EclipseLogger - Using 'UTF-8' encoding to copy filtered resources.
2026-05-08 14:25:16,234 [Worker-128: Building] INFO  o.e.m.c.i.embedder.EclipseLogger - Copying 2 resources
2026-05-08 14:25:16,235 [Worker-128: Building] INFO  o.e.m.c.i.embedder.EclipseLogger - Using 'UTF-8' encoding to copy filtered resources.
2026-05-08 14:25:16,235 [Worker-128: Building] INFO  o.e.m.c.i.embedder.EclipseLogger - skip non existing resourceDirectory C:\Edu\Spring\springFramework\workSpace\step01_SpringDI\src\test\resources
2026-05-08 14:26:23,655 [Worker-128: Creating maven-archetype-quickstart] INFO  o.e.m.c.i.p.ProjectConfigurationManager - Collecting project info '/pom.xml' C:\Edu\Spring\springFramework\workSpace\step02_AOP\pom.xml
2026-05-08 14:26:28,265 [Worker-128: Creating maven-archetype-quickstart] INFO  o.e.m.c.i.l.LifecycleMappingFactory - Using org.eclipse.m2e.jdt.JarLifecycleMapping lifecycle mapping for MavenProject: step02_AOP:step02_AOP:0.0.1-SNAPSHOT @ C:\Edu\Spring\springFramework\workSpace\step02_AOP\pom.xml.
2026-05-08 14:26:28,999 [Worker-128: Creating maven-archetype-quickstart] INFO  o.e.m.j.i.AbstractJavaProjectConfigurator - Adding source folder /step02_AOP/src/main/java
2026-05-08 14:26:29,008 [Worker-128: Creating maven-archetype-quickstart] INFO  o.e.m.j.i.AbstractJavaProjectConfigurator - Adding source folder /step02_AOP/src/test/java
2026-05-08 14:26:29,151 [Worker-128: Creating maven-archetype-quickstart] INFO  o.e.m.c.i.p.ProjectConfigurationManager - Imported and configured 1 project(s) in 5 sec
2026-05-08 14:26:29,465 [Worker-130: Building] INFO  o.e.m.c.i.embedder.EclipseLogger - Using 'UTF-8' encoding to copy filtered resources.
2026-05-08 14:26:29,465 [Worker-130: Building] INFO  o.e.m.c.i.embedder.EclipseLogger - skip non existing resourceDirectory C:\Edu\Spring\springFramework\workSpace\step02_AOP\src\main\resources
2026-05-08 14:26:29,466 [Worker-130: Building] INFO  o.e.m.c.i.embedder.EclipseLogger - Using 'UTF-8' encoding to copy filtered resources.
2026-05-08 14:26:29,466 [Worker-130: Building] INFO  o.e.m.c.i.embedder.EclipseLogger - skip non existing resourceDirectory C:\Edu\Spring\springFramework\workSpace\step02_AOP\src\test\resources
2026-05-08 14:27:05,196 [Worker-128: Building] INFO  o.e.m.c.i.embedder.EclipseLogger - Using 'UTF-8' encoding to copy filtered resources.
2026-05-08 14:27:05,196 [Worker-128: Building] INFO  o.e.m.c.i.embedder.EclipseLogger - skip non existing resourceDirectory C:\Edu\Spring\springFramework\workSpace\step02_AOP\src\main\resources
2026-05-08 14:27:05,197 [Worker-128: Building] INFO  o.e.m.c.i.embedder.EclipseLogger - Using 'UTF-8' encoding to copy filtered resources.
2026-05-08 14:27:05,197 [Worker-128: Building] INFO  o.e.m.c.i.embedder.EclipseLogger - skip non existing resourceDirectory C:\Edu\Spring\springFramework\workSpace\step02_AOP\src\test\resources
2026-05-08 14:27:37,882 [Worker-132: Building] INFO  o.e.m.c.i.embedder.EclipseLogger - Using 'UTF-8' encoding to copy filtered resources.
2026-05-08 14:27:37,883 [Worker-132: Building] INFO  o.e.m.c.i.embedder.EclipseLogger - skip non existing resourceDirectory C:\Edu\Spring\springFramework\workSpace\step02_AOP\src\main\resources
2026-05-08 14:27:37,883 [Worker-132: Building] INFO  o.e.m.c.i.embedder.EclipseLogger - Using 'UTF-8' encoding to copy filtered resources.
2026-05-08 14:27:37,883 [Worker-132: Building] INFO  o.e.m.c.i.embedder.EclipseLogger - skip non existing resourceDirectory C:\Edu\Spring\springFramework\workSpace\step02_AOP\src\test\resources
2026-05-08 14:29:50,783 [Worker-128: Building] INFO  o.e.m.c.i.l.LifecycleMappingFactory - Using org.eclipse.m2e.jdt.JarLifecycleMapping lifecycle mapping for MavenProject: step02_AOP:step02_AOP:0.0.1-SNAPSHOT @ C:\Edu\Spring\springFramework\workSpace\step02_AOP\pom.xml.
2026-05-08 14:29:51,233 [Worker-128: Building] INFO  o.e.m.c.i.embedder.EclipseLogger - Using 'UTF-8' encoding to copy filtered resources.
2026-05-08 14:29:51,233 [Worker-128: Building] INFO  o.e.m.c.i.embedder.EclipseLogger - skip non existing resourceDirectory C:\Edu\Spring\springFramework\workSpace\step02_AOP\src\main\resources
2026-05-08 14:29:51,234 [Worker-128: Building] INFO  o.e.m.c.i.embedder.EclipseLogger - Using 'UTF-8' encoding to copy filtered resources.
2026-05-08 14:29:51,234 [Worker-128: Building] INFO  o.e.m.c.i.embedder.EclipseLogger - skip non existing resourceDirectory C:\Edu\Spring\springFramework\workSpace\step02_AOP\src\test\resources
2026-05-08 14:29:52,450 [Worker-128: Building] INFO  o.e.m.c.i.embedder.EclipseLogger - Using 'UTF-8' encoding to copy filtered resources.
2026-05-08 14:29:52,450 [Worker-128: Building] INFO  o.e.m.c.i.embedder.EclipseLogger - skip non existing resourceDirectory C:\Edu\Spring\springFramework\workSpace\step02_AOP\src\main\resources
2026-05-08 14:29:52,451 [Worker-128: Building] INFO  o.e.m.c.i.embedder.EclipseLogger - Using 'UTF-8' encoding to copy filtered resources.
2026-05-08 14:29:52,451 [Worker-128: Building] INFO  o.e.m.c.i.embedder.EclipseLogger - skip non existing resourceDirectory C:\Edu\Spring\springFramework\workSpace\step02_AOP\src\test\resources
2026-05-08 14:32:15,980 [Worker-134: Building] INFO  o.e.m.c.i.l.LifecycleMappingFactory - Using org.eclipse.m2e.jdt.JarLifecycleMapping lifecycle mapping for MavenProject: step02_AOP:step02_AOP:0.0.1-SNAPSHOT @ C:\Edu\Spring\springFramework\workSpace\step02_AOP\pom.xml.
2026-05-08 14:32:16,200 [Worker-134: Building] INFO  o.e.m.c.i.embedder.EclipseLogger - Using 'UTF-8' encoding to copy filtered resources.
2026-05-08 14:32:16,200 [Worker-134: Building] INFO  o.e.m.c.i.embedder.EclipseLogger - skip non existing resourceDirectory C:\Edu\Spring\springFramework\workSpace\step02_AOP\src\main\resources
2026-05-08 14:32:16,201 [Worker-134: Building] INFO  o.e.m.c.i.embedder.EclipseLogger - Using 'UTF-8' encoding to copy filtered resources.
2026-05-08 14:32:16,201 [Worker-134: Building] INFO  o.e.m.c.i.embedder.EclipseLogger - skip non existing resourceDirectory C:\Edu\Spring\springFramework\workSpace\step02_AOP\src\test\resources
2026-05-08 14:32:17,392 [Worker-128: Building] INFO  o.e.m.c.i.embedder.EclipseLogger - Using 'UTF-8' encoding to copy filtered resources.
2026-05-08 14:32:17,392 [Worker-128: Building] INFO  o.e.m.c.i.embedder.EclipseLogger - skip non existing resourceDirectory C:\Edu\Spring\springFramework\workSpace\step02_AOP\src\main\resources
2026-05-08 14:32:17,394 [Worker-128: Building] INFO  o.e.m.c.i.embedder.EclipseLogger - Using 'UTF-8' encoding to copy filtered resources.
2026-05-08 14:32:17,394 [Worker-128: Building] INFO  o.e.m.c.i.embedder.EclipseLogger - skip non existing resourceDirectory C:\Edu\Spring\springFramework\workSpace\step02_AOP\src\test\resources
2026-05-08 14:34:22,968 [Worker-136: Building] INFO  o.e.m.c.i.l.LifecycleMappingFactory - Using org.eclipse.m2e.jdt.JarLifecycleMapping lifecycle mapping for MavenProject: step02_AOP:step02_AOP:0.0.1-SNAPSHOT @ C:\Edu\Spring\springFramework\workSpace\step02_AOP\pom.xml.
2026-05-08 14:34:23,095 [Worker-136: Building] INFO  o.e.m.c.i.embedder.EclipseLogger - Using 'UTF-8' encoding to copy filtered resources.
2026-05-08 14:34:23,095 [Worker-136: Building] INFO  o.e.m.c.i.embedder.EclipseLogger - skip non existing resourceDirectory C:\Edu\Spring\springFramework\workSpace\step02_AOP\src\main\resources
2026-05-08 14:34:23,096 [Worker-136: Building] INFO  o.e.m.c.i.embedder.EclipseLogger - Using 'UTF-8' encoding to copy filtered resources.
2026-05-08 14:34:23,096 [Worker-136: Building] INFO  o.e.m.c.i.embedder.EclipseLogger - skip non existing resourceDirectory C:\Edu\Spring\springFramework\workSpace\step02_AOP\src\test\resources
2026-05-08 14:36:42,600 [Worker-128: Building] INFO  o.e.m.c.i.embedder.EclipseLogger - Using 'UTF-8' encoding to copy filtered resources.
2026-05-08 14:36:42,601 [Worker-128: Building] INFO  o.e.m.c.i.embedder.EclipseLogger - skip non existing resourceDirectory C:\Edu\Spring\springFramework\workSpace\step02_AOP\src\main\resources
2026-05-08 14:36:42,601 [Worker-128: Building] INFO  o.e.m.c.i.embedder.EclipseLogger - Using 'UTF-8' encoding to copy filtered resources.
2026-05-08 14:36:42,601 [Worker-128: Building] INFO  o.e.m.c.i.embedder.EclipseLogger - skip non existing resourceDirectory C:\Edu\Spring\springFramework\workSpace\step02_AOP\src\test\resources
2026-05-08 14:37:01,262 [Worker-137: Building] INFO  o.e.m.c.i.embedder.EclipseLogger - Using 'UTF-8' encoding to copy filtered resources.
2026-05-08 14:37:01,262 [Worker-137: Building] INFO  o.e.m.c.i.embedder.EclipseLogger - skip non existing resourceDirectory C:\Edu\Spring\springFramework\workSpace\step02_AOP\src\main\resources
2026-05-08 14:37:01,263 [Worker-137: Building] INFO  o.e.m.c.i.embedder.EclipseLogger - Using 'UTF-8' encoding to copy filtered resources.
2026-05-08 14:37:01,263 [Worker-137: Building] INFO  o.e.m.c.i.embedder.EclipseLogger - skip non existing resourceDirectory C:\Edu\Spring\springFramework\workSpace\step02_AOP\src\test\resources
2026-05-08 14:51:19,897 [Worker-148: Building] INFO  o.e.m.c.i.embedder.EclipseLogger - Using 'UTF-8' encoding to copy filtered resources.
2026-05-08 14:51:19,897 [Worker-148: Building] INFO  o.e.m.c.i.embedder.EclipseLogger - skip non existing resourceDirectory C:\Edu\Spring\springFramework\workSpace\step02_AOP\src\main\resources
2026-05-08 14:51:19,898 [Worker-148: Building] INFO  o.e.m.c.i.embedder.EclipseLogger - Using 'UTF-8' encoding to copy filtered resources.
2026-05-08 14:51:19,898 [Worker-148: Building] INFO  o.e.m.c.i.embedder.EclipseLogger - skip non existing resourceDirectory C:\Edu\Spring\springFramework\workSpace\step02_AOP\src\test\resources
2026-05-08 14:55:45,663 [Worker-151: Building] INFO  o.e.m.c.i.embedder.EclipseLogger - Using 'UTF-8' encoding to copy filtered resources.
2026-05-08 14:55:45,664 [Worker-151: Building] INFO  o.e.m.c.i.embedder.EclipseLogger - skip non existing resourceDirectory C:\Edu\Spring\springFramework\workSpace\step02_AOP\src\main\resources
2026-05-08 14:55:45,665 [Worker-151: Building] INFO  o.e.m.c.i.embedder.EclipseLogger - Using 'UTF-8' encoding to copy filtered resources.
2026-05-08 14:55:45,665 [Worker-151: Building] INFO  o.e.m.c.i.embedder.EclipseLogger - skip non existing resourceDirectory C:\Edu\Spring\springFramework\workSpace\step02_AOP\src\test\resources
2026-05-08 14:59:17,289 [Worker-153: Building] INFO  o.e.m.c.i.embedder.EclipseLogger - Using 'UTF-8' encoding to copy filtered resources.
2026-05-08 14:59:17,289 [Worker-153: Building] INFO  o.e.m.c.i.embedder.EclipseLogger - skip non existing resourceDirectory C:\Edu\Spring\springFramework\workSpace\step02_AOP\src\main\resources
2026-05-08 14:59:17,290 [Worker-153: Building] INFO  o.e.m.c.i.embedder.EclipseLogger - Using 'UTF-8' encoding to copy filtered resources.
2026-05-08 14:59:17,290 [Worker-153: Building] INFO  o.e.m.c.i.embedder.EclipseLogger - skip non existing resourceDirectory C:\Edu\Spring\springFramework\workSpace\step02_AOP\src\test\resources
2026-05-08 15:00:13,772 [Worker-151: Building] INFO  o.e.m.c.i.embedder.EclipseLogger - Using 'UTF-8' encoding to copy filtered resources.
2026-05-08 15:00:13,772 [Worker-151: Building] INFO  o.e.m.c.i.embedder.EclipseLogger - skip non existing resourceDirectory C:\Edu\Spring\springFramework\workSpace\step02_AOP\src\main\resources
2026-05-08 15:00:13,773 [Worker-151: Building] INFO  o.e.m.c.i.embedder.EclipseLogger - Using 'UTF-8' encoding to copy filtered resources.
2026-05-08 15:00:13,773 [Worker-151: Building] INFO  o.e.m.c.i.embedder.EclipseLogger - skip non existing resourceDirectory C:\Edu\Spring\springFramework\workSpace\step02_AOP\src\test\resources
2026-05-08 15:01:52,726 [Worker-155: Building] INFO  o.e.m.c.i.embedder.EclipseLogger - Using 'UTF-8' encoding to copy filtered resources.
2026-05-08 15:01:52,726 [Worker-155: Building] INFO  o.e.m.c.i.embedder.EclipseLogger - skip non existing resourceDirectory C:\Edu\Spring\springFramework\workSpace\step02_AOP\src\main\resources
2026-05-08 15:01:52,726 [Worker-155: Building] INFO  o.e.m.c.i.embedder.EclipseLogger - Using 'UTF-8' encoding to copy filtered resources.
2026-05-08 15:01:52,727 [Worker-155: Building] INFO  o.e.m.c.i.embedder.EclipseLogger - skip non existing resourceDirectory C:\Edu\Spring\springFramework\workSpace\step02_AOP\src\test\resources
2026-05-08 15:24:45,609 [Worker-151: Building] INFO  o.e.m.c.i.l.LifecycleMappingFactory - Using org.eclipse.m2e.jdt.JarLifecycleMapping lifecycle mapping for MavenProject: step02_AOP:step02_AOP:0.0.1-SNAPSHOT @ C:\Edu\Spring\springFramework\workSpace\step02_AOP\pom.xml.
2026-05-08 15:24:45,749 [Worker-151: Building] INFO  o.e.m.c.i.embedder.EclipseLogger - Using 'UTF-8' encoding to copy filtered resources.
2026-05-08 15:24:45,749 [Worker-151: Building] INFO  o.e.m.c.i.embedder.EclipseLogger - skip non existing resourceDirectory C:\Edu\Spring\springFramework\workSpace\step02_AOP\src\main\resources
2026-05-08 15:24:45,750 [Worker-151: Building] INFO  o.e.m.c.i.embedder.EclipseLogger - Using 'UTF-8' encoding to copy filtered resources.
2026-05-08 15:24:45,750 [Worker-151: Building] INFO  o.e.m.c.i.embedder.EclipseLogger - skip non existing resourceDirectory C:\Edu\Spring\springFramework\workSpace\step02_AOP\src\test\resources
2026-05-08 15:25:16,377 [Worker-162: Building] INFO  o.e.m.c.i.embedder.EclipseLogger - Using 'UTF-8' encoding to copy filtered resources.
2026-05-08 15:25:16,378 [Worker-162: Building] INFO  o.e.m.c.i.embedder.EclipseLogger - skip non existing resourceDirectory C:\Edu\Spring\springFramework\workSpace\step02_AOP\src\main\resources
2026-05-08 15:25:16,379 [Worker-162: Building] INFO  o.e.m.c.i.embedder.EclipseLogger - Using 'UTF-8' encoding to copy filtered resources.
2026-05-08 15:25:16,379 [Worker-162: Building] INFO  o.e.m.c.i.embedder.EclipseLogger - skip non existing resourceDirectory C:\Edu\Spring\springFramework\workSpace\step02_AOP\src\test\resources
2026-05-08 15:25:21,332 [Worker-151: Building] INFO  o.e.m.c.i.embedder.EclipseLogger - Using 'UTF-8' encoding to copy filtered resources.
2026-05-08 15:25:21,332 [Worker-151: Building] INFO  o.e.m.c.i.embedder.EclipseLogger - skip non existing resourceDirectory C:\Edu\Spring\springFramework\workSpace\step02_AOP\src\main\resources
2026-05-08 15:25:21,333 [Worker-151: Building] INFO  o.e.m.c.i.embedder.EclipseLogger - Using 'UTF-8' encoding to copy filtered resources.
2026-05-08 15:25:21,333 [Worker-151: Building] INFO  o.e.m.c.i.embedder.EclipseLogger - skip non existing resourceDirectory C:\Edu\Spring\springFramework\workSpace\step02_AOP\src\test\resources
2026-05-08 15:28:56,462 [Worker-164: Building] INFO  o.e.m.c.i.embedder.EclipseLogger - Using 'UTF-8' encoding to copy filtered resources.
2026-05-08 15:28:56,462 [Worker-164: Building] INFO  o.e.m.c.i.embedder.EclipseLogger - skip non existing resourceDirectory C:\Edu\Spring\springFramework\workSpace\step02_AOP\src\main\resources
2026-05-08 15:28:56,463 [Worker-164: Building] INFO  o.e.m.c.i.embedder.EclipseLogger - Using 'UTF-8' encoding to copy filtered resources.
2026-05-08 15:28:56,464 [Worker-164: Building] INFO  o.e.m.c.i.embedder.EclipseLogger - skip non existing resourceDirectory C:\Edu\Spring\springFramework\workSpace\step02_AOP\src\test\resources
2026-05-08 15:29:02,655 [Worker-162: Building] INFO  o.e.m.c.i.embedder.EclipseLogger - Using 'UTF-8' encoding to copy filtered resources.
2026-05-08 15:29:02,655 [Worker-162: Building] INFO  o.e.m.c.i.embedder.EclipseLogger - skip non existing resourceDirectory C:\Edu\Spring\springFramework\workSpace\step02_AOP\src\main\resources
2026-05-08 15:29:02,656 [Worker-162: Building] INFO  o.e.m.c.i.embedder.EclipseLogger - Using 'UTF-8' encoding to copy filtered resources.
2026-05-08 15:29:02,656 [Worker-162: Building] INFO  o.e.m.c.i.embedder.EclipseLogger - skip non existing resourceDirectory C:\Edu\Spring\springFramework\workSpace\step02_AOP\src\test\resources
2026-05-08 15:31:49,741 [Worker-164: Building] INFO  o.e.m.c.i.embedder.EclipseLogger - Using 'UTF-8' encoding to copy filtered resources.
2026-05-08 15:31:49,741 [Worker-164: Building] INFO  o.e.m.c.i.embedder.EclipseLogger - Copying 0 resource
2026-05-08 15:31:49,742 [Worker-164: Building] INFO  o.e.m.c.i.embedder.EclipseLogger - Using 'UTF-8' encoding to copy filtered resources.
2026-05-08 15:31:49,742 [Worker-164: Building] INFO  o.e.m.c.i.embedder.EclipseLogger - skip non existing resourceDirectory C:\Edu\Spring\springFramework\workSpace\step02_AOP\src\test\resources
2026-05-08 15:32:35,026 [Worker-164: Building] INFO  o.e.m.c.i.embedder.EclipseLogger - Using 'UTF-8' encoding to copy filtered resources.
2026-05-08 15:32:35,027 [Worker-164: Building] INFO  o.e.m.c.i.embedder.EclipseLogger - Copying 1 resource
2026-05-08 15:32:35,029 [Worker-164: Building] INFO  o.e.m.c.i.embedder.EclipseLogger - Using 'UTF-8' encoding to copy filtered resources.
2026-05-08 15:32:35,029 [Worker-164: Building] INFO  o.e.m.c.i.embedder.EclipseLogger - skip non existing resourceDirectory C:\Edu\Spring\springFramework\workSpace\step02_AOP\src\test\resources
2026-05-08 15:32:43,336 [Worker-174: Building] INFO  o.e.m.c.i.embedder.EclipseLogger - Using 'UTF-8' encoding to copy filtered resources.
2026-05-08 15:32:43,336 [Worker-174: Building] INFO  o.e.m.c.i.embedder.EclipseLogger - Copying 0 resource
2026-05-08 15:32:43,337 [Worker-174: Building] INFO  o.e.m.c.i.embedder.EclipseLogger - Using 'UTF-8' encoding to copy filtered resources.
2026-05-08 15:32:43,337 [Worker-174: Building] INFO  o.e.m.c.i.embedder.EclipseLogger - skip non existing resourceDirectory C:\Edu\Spring\springFramework\workSpace\step02_AOP\src\test\resources
2026-05-08 15:33:10,635 [Worker-173: Building] INFO  o.e.m.c.i.embedder.EclipseLogger - Using 'UTF-8' encoding to copy filtered resources.
2026-05-08 15:33:10,636 [Worker-173: Building] INFO  o.e.m.c.i.embedder.EclipseLogger - Copying 1 resource
2026-05-08 15:33:10,637 [Worker-173: Building] INFO  o.e.m.c.i.embedder.EclipseLogger - Using 'UTF-8' encoding to copy filtered resources.
2026-05-08 15:33:10,637 [Worker-173: Building] INFO  o.e.m.c.i.embedder.EclipseLogger - skip non existing resourceDirectory C:\Edu\Spring\springFramework\workSpace\step02_AOP\src\test\resources
2026-05-08 15:35:04,404 [Worker-170: Building] INFO  o.e.m.c.i.embedder.EclipseLogger - Using 'UTF-8' encoding to copy filtered resources.
2026-05-08 15:35:04,405 [Worker-170: Building] INFO  o.e.m.c.i.embedder.EclipseLogger - Copying 1 resource
2026-05-08 15:35:04,405 [Worker-170: Building] INFO  o.e.m.c.i.embedder.EclipseLogger - Using 'UTF-8' encoding to copy filtered resources.
2026-05-08 15:35:04,405 [Worker-170: Building] INFO  o.e.m.c.i.embedder.EclipseLogger - skip non existing resourceDirectory C:\Edu\Spring\springFramework\workSpace\step02_AOP\src\test\resources
2026-05-08 15:36:12,847 [Worker-169: Building] INFO  o.e.m.c.i.embedder.EclipseLogger - Using 'UTF-8' encoding to copy filtered resources.
2026-05-08 15:36:12,847 [Worker-169: Building] INFO  o.e.m.c.i.embedder.EclipseLogger - Copying 1 resource
2026-05-08 15:36:12,848 [Worker-169: Building] INFO  o.e.m.c.i.embedder.EclipseLogger - Using 'UTF-8' encoding to copy filtered resources.
2026-05-08 15:36:12,848 [Worker-169: Building] INFO  o.e.m.c.i.embedder.EclipseLogger - skip non existing resourceDirectory C:\Edu\Spring\springFramework\workSpace\step02_AOP\src\test\resources
2026-05-08 15:36:59,076 [Worker-170: Building] INFO  o.e.m.c.i.embedder.EclipseLogger - Using 'UTF-8' encoding to copy filtered resources.
2026-05-08 15:36:59,077 [Worker-170: Building] INFO  o.e.m.c.i.embedder.EclipseLogger - Copying 1 resource
2026-05-08 15:36:59,078 [Worker-170: Building] INFO  o.e.m.c.i.embedder.EclipseLogger - Using 'UTF-8' encoding to copy filtered resources.
2026-05-08 15:36:59,078 [Worker-170: Building] INFO  o.e.m.c.i.embedder.EclipseLogger - skip non existing resourceDirectory C:\Edu\Spring\springFramework\workSpace\step02_AOP\src\test\resources
2026-05-08 15:37:02,243 [Worker-169: Building] INFO  o.e.m.c.i.embedder.EclipseLogger - Using 'UTF-8' encoding to copy filtered resources.
2026-05-08 15:37:02,244 [Worker-169: Building] INFO  o.e.m.c.i.embedder.EclipseLogger - Copying 1 resource
2026-05-08 15:37:02,245 [Worker-169: Building] INFO  o.e.m.c.i.embedder.EclipseLogger - Using 'UTF-8' encoding to copy filtered resources.
2026-05-08 15:37:02,245 [Worker-169: Building] INFO  o.e.m.c.i.embedder.EclipseLogger - skip non existing resourceDirectory C:\Edu\Spring\springFramework\workSpace\step02_AOP\src\test\resources
2026-05-08 15:48:15,431 [Worker-175: Building] INFO  o.e.m.c.i.embedder.EclipseLogger - Using 'UTF-8' encoding to copy filtered resources.
2026-05-08 15:48:15,432 [Worker-175: Building] INFO  o.e.m.c.i.embedder.EclipseLogger - Copying 1 resource
2026-05-08 15:48:15,433 [Worker-175: Building] INFO  o.e.m.c.i.embedder.EclipseLogger - Using 'UTF-8' encoding to copy filtered resources.
2026-05-08 15:48:15,433 [Worker-175: Building] INFO  o.e.m.c.i.embedder.EclipseLogger - skip non existing resourceDirectory C:\Edu\Spring\springFramework\workSpace\step02_AOP\src\test\resources
2026-05-08 15:48:32,880 [Worker-177: Building] INFO  o.e.m.c.i.embedder.EclipseLogger - Using 'UTF-8' encoding to copy filtered resources.
2026-05-08 15:48:32,881 [Worker-177: Building] INFO  o.e.m.c.i.embedder.EclipseLogger - Copying 1 resource
2026-05-08 15:48:32,882 [Worker-177: Building] INFO  o.e.m.c.i.embedder.EclipseLogger - Using 'UTF-8' encoding to copy filtered resources.
2026-05-08 15:48:32,882 [Worker-177: Building] INFO  o.e.m.c.i.embedder.EclipseLogger - skip non existing resourceDirectory C:\Edu\Spring\springFramework\workSpace\step02_AOP\src\test\resources
2026-05-08 15:48:48,886 [Worker-170: Building] INFO  o.e.m.c.i.embedder.EclipseLogger - Using 'UTF-8' encoding to copy filtered resources.
2026-05-08 15:48:48,887 [Worker-170: Building] INFO  o.e.m.c.i.embedder.EclipseLogger - Copying 1 resource
2026-05-08 15:48:48,888 [Worker-170: Building] INFO  o.e.m.c.i.embedder.EclipseLogger - Using 'UTF-8' encoding to copy filtered resources.
2026-05-08 15:48:48,888 [Worker-170: Building] INFO  o.e.m.c.i.embedder.EclipseLogger - skip non existing resourceDirectory C:\Edu\Spring\springFramework\workSpace\step02_AOP\src\test\resources
2026-05-08 15:49:14,764 [Worker-175: Building] INFO  o.e.m.c.i.embedder.EclipseLogger - Using 'UTF-8' encoding to copy filtered resources.
2026-05-08 15:49:14,764 [Worker-175: Building] INFO  o.e.m.c.i.embedder.EclipseLogger - Copying 1 resource
2026-05-08 15:49:14,765 [Worker-175: Building] INFO  o.e.m.c.i.embedder.EclipseLogger - Using 'UTF-8' encoding to copy filtered resources.
2026-05-08 15:49:14,765 [Worker-175: Building] INFO  o.e.m.c.i.embedder.EclipseLogger - skip non existing resourceDirectory C:\Edu\Spring\springFramework\workSpace\step02_AOP\src\test\resources
2026-05-08 15:53:37,443 [Worker-178: Building] INFO  o.e.m.c.i.embedder.EclipseLogger - Using 'UTF-8' encoding to copy filtered resources.
2026-05-08 15:53:37,444 [Worker-178: Building] INFO  o.e.m.c.i.embedder.EclipseLogger - Copying 1 resource
2026-05-08 15:53:37,445 [Worker-178: Building] INFO  o.e.m.c.i.embedder.EclipseLogger - Using 'UTF-8' encoding to copy filtered resources.
2026-05-08 15:53:37,445 [Worker-178: Building] INFO  o.e.m.c.i.embedder.EclipseLogger - skip non existing resourceDirectory C:\Edu\Spring\springFramework\workSpace\step02_AOP\src\test\resources
2026-05-08 16:00:00,249 [Worker-182: Building] INFO  o.e.m.c.i.embedder.EclipseLogger - Using 'UTF-8' encoding to copy filtered resources.
2026-05-08 16:00:00,250 [Worker-182: Building] INFO  o.e.m.c.i.embedder.EclipseLogger - Copying 1 resource
2026-05-08 16:00:00,251 [Worker-182: Building] INFO  o.e.m.c.i.embedder.EclipseLogger - Using 'UTF-8' encoding to copy filtered resources.
2026-05-08 16:00:00,251 [Worker-182: Building] INFO  o.e.m.c.i.embedder.EclipseLogger - skip non existing resourceDirectory C:\Edu\Spring\springFramework\workSpace\step02_AOP\src\test\resources
2026-05-08 16:14:22,370 [Worker-190: Building] INFO  o.e.m.c.i.embedder.EclipseLogger - Using 'UTF-8' encoding to copy filtered resources.
2026-05-08 16:14:22,371 [Worker-190: Building] INFO  o.e.m.c.i.embedder.EclipseLogger - Copying 1 resource
2026-05-08 16:14:22,371 [Worker-190: Building] INFO  o.e.m.c.i.embedder.EclipseLogger - Using 'UTF-8' encoding to copy filtered resources.
2026-05-08 16:14:22,371 [Worker-190: Building] INFO  o.e.m.c.i.embedder.EclipseLogger - skip non existing resourceDirectory C:\Edu\Spring\springFramework\workSpace\step02_AOP\src\test\resources
2026-05-08 16:14:41,042 [Worker-188: Building] INFO  o.e.m.c.i.embedder.EclipseLogger - Using 'UTF-8' encoding to copy filtered resources.
2026-05-08 16:14:41,042 [Worker-188: Building] INFO  o.e.m.c.i.embedder.EclipseLogger - Copying 1 resource
2026-05-08 16:14:41,043 [Worker-188: Building] INFO  o.e.m.c.i.embedder.EclipseLogger - Using 'UTF-8' encoding to copy filtered resources.
2026-05-08 16:14:41,043 [Worker-188: Building] INFO  o.e.m.c.i.embedder.EclipseLogger - skip non existing resourceDirectory C:\Edu\Spring\springFramework\workSpace\step02_AOP\src\test\resources
2026-05-08 16:18:35,105 [Worker-192: Building] INFO  o.e.m.c.i.embedder.EclipseLogger - Using 'UTF-8' encoding to copy filtered resources.
2026-05-08 16:18:35,106 [Worker-192: Building] INFO  o.e.m.c.i.embedder.EclipseLogger - Copying 1 resource
2026-05-08 16:18:35,107 [Worker-192: Building] INFO  o.e.m.c.i.embedder.EclipseLogger - Using 'UTF-8' encoding to copy filtered resources.
2026-05-08 16:18:35,107 [Worker-192: Building] INFO  o.e.m.c.i.embedder.EclipseLogger - skip non existing resourceDirectory C:\Edu\Spring\springFramework\workSpace\step02_AOP\src\test\resources
2026-05-08 16:19:44,357 [Worker-192: Building] INFO  o.e.m.c.i.l.LifecycleMappingFactory - Using org.eclipse.m2e.jdt.JarLifecycleMapping lifecycle mapping for MavenProject: step02_AOP:step02_AOP:0.0.1-SNAPSHOT @ C:\Edu\Spring\springFramework\workSpace\step03_AOP_Annotation\pom.xml.
2026-05-08 16:19:44,492 [Worker-192: Building] INFO  o.e.m.c.i.embedder.EclipseLogger - Using 'UTF-8' encoding to copy filtered resources.
2026-05-08 16:19:44,493 [Worker-192: Building] INFO  o.e.m.c.i.embedder.EclipseLogger - Copying 1 resource
2026-05-08 16:19:44,493 [Worker-192: Building] INFO  o.e.m.c.i.embedder.EclipseLogger - Using 'UTF-8' encoding to copy filtered resources.
2026-05-08 16:19:44,493 [Worker-192: Building] INFO  o.e.m.c.i.embedder.EclipseLogger - skip non existing resourceDirectory C:\Edu\Spring\springFramework\workSpace\step03_AOP_Annotation\src\test\resources
2026-05-08 16:19:45,710 [Worker-193: Building] INFO  o.e.m.c.i.embedder.EclipseLogger - Using 'UTF-8' encoding to copy filtered resources.
2026-05-08 16:19:45,710 [Worker-193: Building] INFO  o.e.m.c.i.embedder.EclipseLogger - Copying 1 resource
2026-05-08 16:19:45,711 [Worker-193: Building] INFO  o.e.m.c.i.embedder.EclipseLogger - Using 'UTF-8' encoding to copy filtered resources.
2026-05-08 16:19:45,711 [Worker-193: Building] INFO  o.e.m.c.i.embedder.EclipseLogger - skip non existing resourceDirectory C:\Edu\Spring\springFramework\workSpace\step03_AOP_Annotation\src\test\resources
2026-05-08 16:22:03,036 [Worker-198: Building] INFO  o.e.m.c.i.embedder.EclipseLogger - Using 'UTF-8' encoding to copy filtered resources.
2026-05-08 16:22:03,037 [Worker-198: Building] INFO  o.e.m.c.i.embedder.EclipseLogger - Copying 1 resource
2026-05-08 16:22:03,038 [Worker-198: Building] INFO  o.e.m.c.i.embedder.EclipseLogger - Using 'UTF-8' encoding to copy filtered resources.
2026-05-08 16:22:03,038 [Worker-198: Building] INFO  o.e.m.c.i.embedder.EclipseLogger - skip non existing resourceDirectory C:\Edu\Spring\springFramework\workSpace\step03_AOP_Annotation\src\test\resources
2026-05-08 16:22:34,212 [Worker-200: Building] INFO  o.e.m.c.i.embedder.EclipseLogger - Using 'UTF-8' encoding to copy filtered resources.
2026-05-08 16:22:34,213 [Worker-200: Building] INFO  o.e.m.c.i.embedder.EclipseLogger - Copying 1 resource
2026-05-08 16:22:34,214 [Worker-200: Building] INFO  o.e.m.c.i.embedder.EclipseLogger - Using 'UTF-8' encoding to copy filtered resources.
2026-05-08 16:22:34,214 [Worker-200: Building] INFO  o.e.m.c.i.embedder.EclipseLogger - skip non existing resourceDirectory C:\Edu\Spring\springFramework\workSpace\step03_AOP_Annotation\src\test\resources
2026-05-08 16:22:44,693 [Worker-199: Building] INFO  o.e.m.c.i.embedder.EclipseLogger - Using 'UTF-8' encoding to copy filtered resources.
2026-05-08 16:22:44,694 [Worker-199: Building] INFO  o.e.m.c.i.embedder.EclipseLogger - Copying 1 resource
2026-05-08 16:22:44,695 [Worker-199: Building] INFO  o.e.m.c.i.embedder.EclipseLogger - Using 'UTF-8' encoding to copy filtered resources.
2026-05-08 16:22:44,695 [Worker-199: Building] INFO  o.e.m.c.i.embedder.EclipseLogger - skip non existing resourceDirectory C:\Edu\Spring\springFramework\workSpace\step03_AOP_Annotation\src\test\resources
2026-05-08 16:23:14,370 [Worker-196: Building] INFO  o.e.m.c.i.embedder.EclipseLogger - Using 'UTF-8' encoding to copy filtered resources.
2026-05-08 16:23:14,371 [Worker-196: Building] INFO  o.e.m.c.i.embedder.EclipseLogger - Copying 1 resource
2026-05-08 16:23:14,372 [Worker-196: Building] INFO  o.e.m.c.i.embedder.EclipseLogger - Using 'UTF-8' encoding to copy filtered resources.
2026-05-08 16:23:14,372 [Worker-196: Building] INFO  o.e.m.c.i.embedder.EclipseLogger - skip non existing resourceDirectory C:\Edu\Spring\springFramework\workSpace\step03_AOP_Annotation\src\test\resources
2026-05-08 16:23:18,942 [Worker-202: Building] INFO  o.e.m.c.i.embedder.EclipseLogger - Using 'UTF-8' encoding to copy filtered resources.
2026-05-08 16:23:18,942 [Worker-202: Building] INFO  o.e.m.c.i.embedder.EclipseLogger - Copying 1 resource
2026-05-08 16:23:18,943 [Worker-202: Building] INFO  o.e.m.c.i.embedder.EclipseLogger - Using 'UTF-8' encoding to copy filtered resources.
2026-05-08 16:23:18,943 [Worker-202: Building] INFO  o.e.m.c.i.embedder.EclipseLogger - skip non existing resourceDirectory C:\Edu\Spring\springFramework\workSpace\step03_AOP_Annotation\src\test\resources
2026-05-08 16:23:38,494 [Worker-198: Building] INFO  o.e.m.c.i.embedder.EclipseLogger - Using 'UTF-8' encoding to copy filtered resources.
2026-05-08 16:23:38,495 [Worker-198: Building] INFO  o.e.m.c.i.embedder.EclipseLogger - Copying 1 resource
2026-05-08 16:23:38,496 [Worker-198: Building] INFO  o.e.m.c.i.embedder.EclipseLogger - Using 'UTF-8' encoding to copy filtered resources.
2026-05-08 16:23:38,496 [Worker-198: Building] INFO  o.e.m.c.i.embedder.EclipseLogger - skip non existing resourceDirectory C:\Edu\Spring\springFramework\workSpace\step03_AOP_Annotation\src\test\resources
2026-05-08 16:23:50,366 [Worker-200: Building] INFO  o.e.m.c.i.embedder.EclipseLogger - Using 'UTF-8' encoding to copy filtered resources.
2026-05-08 16:23:50,367 [Worker-200: Building] INFO  o.e.m.c.i.embedder.EclipseLogger - Copying 1 resource
2026-05-08 16:23:50,368 [Worker-200: Building] INFO  o.e.m.c.i.embedder.EclipseLogger - Using 'UTF-8' encoding to copy filtered resources.
2026-05-08 16:23:50,368 [Worker-200: Building] INFO  o.e.m.c.i.embedder.EclipseLogger - skip non existing resourceDirectory C:\Edu\Spring\springFramework\workSpace\step03_AOP_Annotation\src\test\resources
2026-05-08 16:27:25,656 [Worker-196: Building] INFO  o.e.m.c.i.embedder.EclipseLogger - Using 'UTF-8' encoding to copy filtered resources.
2026-05-08 16:27:25,657 [Worker-196: Building] INFO  o.e.m.c.i.embedder.EclipseLogger - Copying 1 resource
2026-05-08 16:27:25,658 [Worker-196: Building] INFO  o.e.m.c.i.embedder.EclipseLogger - Using 'UTF-8' encoding to copy filtered resources.
2026-05-08 16:27:25,658 [Worker-196: Building] INFO  o.e.m.c.i.embedder.EclipseLogger - skip non existing resourceDirectory C:\Edu\Spring\springFramework\workSpace\step03_AOP_Annotation\src\test\resources
2026-05-08 16:27:33,762 [Worker-202: Building] INFO  o.e.m.c.i.embedder.EclipseLogger - Using 'UTF-8' encoding to copy filtered resources.
2026-05-08 16:27:33,762 [Worker-202: Building] INFO  o.e.m.c.i.embedder.EclipseLogger - Copying 1 resource
2026-05-08 16:27:33,763 [Worker-202: Building] INFO  o.e.m.c.i.embedder.EclipseLogger - Using 'UTF-8' encoding to copy filtered resources.
2026-05-08 16:27:33,763 [Worker-202: Building] INFO  o.e.m.c.i.embedder.EclipseLogger - skip non existing resourceDirectory C:\Edu\Spring\springFramework\workSpace\step03_AOP_Annotation\src\test\resources
2026-05-08 16:27:37,953 [Worker-196: Building] INFO  o.e.m.c.i.embedder.EclipseLogger - Using 'UTF-8' encoding to copy filtered resources.
2026-05-08 16:27:37,954 [Worker-196: Building] INFO  o.e.m.c.i.embedder.EclipseLogger - Copying 1 resource
2026-05-08 16:27:37,955 [Worker-196: Building] INFO  o.e.m.c.i.embedder.EclipseLogger - Using 'UTF-8' encoding to copy filtered resources.
2026-05-08 16:27:37,955 [Worker-196: Building] INFO  o.e.m.c.i.embedder.EclipseLogger - skip non existing resourceDirectory C:\Edu\Spring\springFramework\workSpace\step03_AOP_Annotation\src\test\resources
2026-05-08 16:44:06,795 [Worker-207: Importing Maven projects] INFO  o.e.m.c.i.l.LifecycleMappingFactory - Using org.eclipse.m2e.jdt.JarLifecycleMapping lifecycle mapping for MavenProject: step01_DI:step01_DI:0.0.1-SNAPSHOT @ C:\Edu\Spring\springFramework\workSpace\step04_AOP\pom.xml.
2026-05-08 16:44:07,140 [Worker-207: Importing Maven projects] INFO  o.e.m.j.i.AbstractJavaProjectConfigurator - Adding source folder /step04_AOP/src/main/java
2026-05-08 16:44:07,141 [Worker-207: Importing Maven projects] INFO  o.e.m.j.i.AbstractJavaProjectConfigurator - Adding resource folder /step04_AOP/src/main/resources
2026-05-08 16:44:07,145 [Worker-207: Importing Maven projects] INFO  o.e.m.j.i.AbstractJavaProjectConfigurator - Adding source folder /step04_AOP/src/test/java
2026-05-08 16:44:07,184 [Worker-207: Importing Maven projects] INFO  o.e.m.c.i.p.ProjectConfigurationManager - Imported and configured 1 project(s) in 0 sec
2026-05-08 16:44:07,581 [Worker-209: Building] INFO  o.e.m.c.i.embedder.EclipseLogger - Using 'UTF-8' encoding to copy filtered resources.
2026-05-08 16:44:07,582 [Worker-209: Building] INFO  o.e.m.c.i.embedder.EclipseLogger - Copying 1 resource
2026-05-08 16:44:07,584 [Worker-209: Building] INFO  o.e.m.c.i.embedder.EclipseLogger - Using 'UTF-8' encoding to copy filtered resources.
2026-05-08 16:44:07,585 [Worker-209: Building] INFO  o.e.m.c.i.embedder.EclipseLogger - skip non existing resourceDirectory C:\Edu\Spring\springFramework\workSpace\step04_AOP\src\test\resources
2026-05-08 16:44:29,305 [Worker-208: Building] INFO  o.e.m.c.i.embedder.EclipseLogger - Using 'UTF-8' encoding to copy filtered resources.
2026-05-08 16:44:29,305 [Worker-208: Building] INFO  o.e.m.c.i.embedder.EclipseLogger - Copying 1 resource
2026-05-08 16:44:29,308 [Worker-208: Building] INFO  o.e.m.c.i.embedder.EclipseLogger - Using 'UTF-8' encoding to copy filtered resources.
2026-05-08 16:44:29,308 [Worker-208: Building] INFO  o.e.m.c.i.embedder.EclipseLogger - skip non existing resourceDirectory C:\Edu\Spring\springFramework\workSpace\step04_AOP\src\test\resources
2026-05-08 16:44:46,795 [Worker-208: Building] INFO  o.e.m.c.i.embedder.EclipseLogger - Using 'UTF-8' encoding to copy filtered resources.
2026-05-08 16:44:46,796 [Worker-208: Building] INFO  o.e.m.c.i.embedder.EclipseLogger - Copying 1 resource
2026-05-08 16:44:46,797 [Worker-208: Building] INFO  o.e.m.c.i.embedder.EclipseLogger - Using 'UTF-8' encoding to copy filtered resources.
2026-05-08 16:44:46,797 [Worker-208: Building] INFO  o.e.m.c.i.embedder.EclipseLogger - skip non existing resourceDirectory C:\Edu\Spring\springFramework\workSpace\step03_AOP_Annotation\src\test\resources
2026-05-08 16:44:56,303 [Worker-207: Building] INFO  o.e.m.c.i.embedder.EclipseLogger - Using 'UTF-8' encoding to copy filtered resources.
2026-05-08 16:44:56,303 [Worker-207: Building] INFO  o.e.m.c.i.embedder.EclipseLogger - Copying 1 resource
2026-05-08 16:44:56,305 [Worker-207: Building] INFO  o.e.m.c.i.embedder.EclipseLogger - Using 'UTF-8' encoding to copy filtered resources.
2026-05-08 16:44:56,305 [Worker-207: Building] INFO  o.e.m.c.i.embedder.EclipseLogger - skip non existing resourceDirectory C:\Edu\Spring\springFramework\workSpace\step04_AOP\src\test\resources
2026-05-08 16:48:51,223 [Worker-207: Building] INFO  o.e.m.c.i.embedder.EclipseLogger - Using 'UTF-8' encoding to copy filtered resources.
2026-05-08 16:48:51,224 [Worker-207: Building] INFO  o.e.m.c.i.embedder.EclipseLogger - Copying 1 resource
2026-05-08 16:48:51,226 [Worker-207: Building] INFO  o.e.m.c.i.embedder.EclipseLogger - Using 'UTF-8' encoding to copy filtered resources.
2026-05-08 16:48:51,226 [Worker-207: Building] INFO  o.e.m.c.i.embedder.EclipseLogger - skip non existing resourceDirectory C:\Edu\Spring\springFramework\workSpace\step04_AOP\src\test\resources
2026-05-08 16:57:14,186 [Worker-215: Building] INFO  o.e.m.c.i.embedder.EclipseLogger - Using 'UTF-8' encoding to copy filtered resources.
2026-05-08 16:57:14,187 [Worker-215: Building] INFO  o.e.m.c.i.embedder.EclipseLogger - Copying 1 resource
2026-05-08 16:57:14,188 [Worker-215: Building] INFO  o.e.m.c.i.embedder.EclipseLogger - Using 'UTF-8' encoding to copy filtered resources.
2026-05-08 16:57:14,189 [Worker-215: Building] INFO  o.e.m.c.i.embedder.EclipseLogger - skip non existing resourceDirectory C:\Edu\Spring\springFramework\workSpace\step04_AOP\src\test\resources
2026-05-08 16:58:32,962 [Worker-216: Building] INFO  o.e.m.c.i.embedder.EclipseLogger - Using 'UTF-8' encoding to copy filtered resources.
2026-05-08 16:58:32,964 [Worker-216: Building] INFO  o.e.m.c.i.embedder.EclipseLogger - Copying 1 resource
2026-05-08 16:58:32,964 [Worker-216: Building] INFO  o.e.m.c.i.embedder.EclipseLogger - Using 'UTF-8' encoding to copy filtered resources.
2026-05-08 16:58:32,964 [Worker-216: Building] INFO  o.e.m.c.i.embedder.EclipseLogger - skip non existing resourceDirectory C:\Edu\Spring\springFramework\workSpace\step04_AOP\src\test\resources
2026-05-08 17:04:11,898 [Worker-218: Building] INFO  o.e.m.c.i.embedder.EclipseLogger - Using 'UTF-8' encoding to copy filtered resources.
2026-05-08 17:04:11,899 [Worker-218: Building] INFO  o.e.m.c.i.embedder.EclipseLogger - Copying 1 resource
2026-05-08 17:04:11,900 [Worker-218: Building] INFO  o.e.m.c.i.embedder.EclipseLogger - Using 'UTF-8' encoding to copy filtered resources.
2026-05-08 17:04:11,900 [Worker-218: Building] INFO  o.e.m.c.i.embedder.EclipseLogger - skip non existing resourceDirectory C:\Edu\Spring\springFramework\workSpace\step04_AOP\src\test\resources
2026-05-08 17:04:58,528 [Worker-218: Building] INFO  o.e.m.c.i.embedder.EclipseLogger - Using 'UTF-8' encoding to copy filtered resources.
2026-05-08 17:04:58,529 [Worker-218: Building] INFO  o.e.m.c.i.embedder.EclipseLogger - Copying 1 resource
2026-05-08 17:04:58,530 [Worker-218: Building] INFO  o.e.m.c.i.embedder.EclipseLogger - Using 'UTF-8' encoding to copy filtered resources.
2026-05-08 17:04:58,530 [Worker-218: Building] INFO  o.e.m.c.i.embedder.EclipseLogger - skip non existing resourceDirectory C:\Edu\Spring\springFramework\workSpace\step04_AOP\src\test\resources
2026-05-08 17:05:20,311 [Worker-219: Building] INFO  o.e.m.c.i.embedder.EclipseLogger - Using 'UTF-8' encoding to copy filtered resources.
2026-05-08 17:05:20,311 [Worker-219: Building] INFO  o.e.m.c.i.embedder.EclipseLogger - Copying 1 resource
2026-05-08 17:05:20,312 [Worker-219: Building] INFO  o.e.m.c.i.embedder.EclipseLogger - Using 'UTF-8' encoding to copy filtered resources.
2026-05-08 17:05:20,312 [Worker-219: Building] INFO  o.e.m.c.i.embedder.EclipseLogger - skip non existing resourceDirectory C:\Edu\Spring\springFramework\workSpace\step04_AOP\src\test\resources
2026-05-08 17:06:58,091 [Worker-218: Building] INFO  o.e.m.c.i.embedder.EclipseLogger - Using 'UTF-8' encoding to copy filtered resources.
2026-05-08 17:06:58,092 [Worker-218: Building] INFO  o.e.m.c.i.embedder.EclipseLogger - Copying 1 resource
2026-05-08 17:06:58,093 [Worker-218: Building] INFO  o.e.m.c.i.embedder.EclipseLogger - Using 'UTF-8' encoding to copy filtered resources.
2026-05-08 17:06:58,093 [Worker-218: Building] INFO  o.e.m.c.i.embedder.EclipseLogger - skip non existing resourceDirectory C:\Edu\Spring\springFramework\workSpace\step04_AOP\src\test\resources
2026-05-08 17:10:37,088 [Worker-218: Building] INFO  o.e.m.c.i.embedder.EclipseLogger - Using 'UTF-8' encoding to copy filtered resources.
2026-05-08 17:10:37,089 [Worker-218: Building] INFO  o.e.m.c.i.embedder.EclipseLogger - Copying 1 resource
2026-05-08 17:10:37,091 [Worker-218: Building] INFO  o.e.m.c.i.embedder.EclipseLogger - Using 'UTF-8' encoding to copy filtered resources.
2026-05-08 17:10:37,091 [Worker-218: Building] INFO  o.e.m.c.i.embedder.EclipseLogger - skip non existing resourceDirectory C:\Edu\Spring\springFramework\workSpace\step04_AOP\src\test\resources
2026-05-08 17:10:39,206 [Worker-219: Building] INFO  o.e.m.c.i.embedder.EclipseLogger - Using 'UTF-8' encoding to copy filtered resources.
2026-05-08 17:10:39,206 [Worker-219: Building] INFO  o.e.m.c.i.embedder.EclipseLogger - Copying 1 resource
2026-05-08 17:10:39,208 [Worker-219: Building] INFO  o.e.m.c.i.embedder.EclipseLogger - Using 'UTF-8' encoding to copy filtered resources.
2026-05-08 17:10:39,208 [Worker-219: Building] INFO  o.e.m.c.i.embedder.EclipseLogger - skip non existing resourceDirectory C:\Edu\Spring\springFramework\workSpace\step04_AOP\src\test\resources
2026-05-08 17:11:51,794 [Worker-215: Building] INFO  o.e.m.c.i.embedder.EclipseLogger - Using 'UTF-8' encoding to copy filtered resources.
2026-05-08 17:11:51,795 [Worker-215: Building] INFO  o.e.m.c.i.embedder.EclipseLogger - Copying 1 resource
2026-05-08 17:11:51,797 [Worker-215: Building] INFO  o.e.m.c.i.embedder.EclipseLogger - Using 'UTF-8' encoding to copy filtered resources.
2026-05-08 17:11:51,797 [Worker-215: Building] INFO  o.e.m.c.i.embedder.EclipseLogger - skip non existing resourceDirectory C:\Edu\Spring\springFramework\workSpace\step04_AOP\src\test\resources
2026-05-08 17:15:39,423 [Worker-218: Building] INFO  o.e.m.c.i.embedder.EclipseLogger - Using 'UTF-8' encoding to copy filtered resources.
2026-05-08 17:15:39,423 [Worker-218: Building] INFO  o.e.m.c.i.embedder.EclipseLogger - Copying 1 resource
2026-05-08 17:15:39,425 [Worker-218: Building] INFO  o.e.m.c.i.embedder.EclipseLogger - Using 'UTF-8' encoding to copy filtered resources.
2026-05-08 17:15:39,426 [Worker-218: Building] INFO  o.e.m.c.i.embedder.EclipseLogger - skip non existing resourceDirectory C:\Edu\Spring\springFramework\workSpace\step04_AOP\src\test\resources
2026-05-08 17:16:08,100 [Worker-222: Building] INFO  o.e.m.c.i.embedder.EclipseLogger - Using 'UTF-8' encoding to copy filtered resources.
2026-05-08 17:16:08,100 [Worker-222: Building] INFO  o.e.m.c.i.embedder.EclipseLogger - Copying 1 resource
2026-05-08 17:16:08,102 [Worker-222: Building] INFO  o.e.m.c.i.embedder.EclipseLogger - Using 'UTF-8' encoding to copy filtered resources.
2026-05-08 17:16:08,102 [Worker-222: Building] INFO  o.e.m.c.i.embedder.EclipseLogger - skip non existing resourceDirectory C:\Edu\Spring\springFramework\workSpace\step04_AOP\src\test\resources
2026-05-08 17:16:13,184 [Worker-215: Building] INFO  o.e.m.c.i.embedder.EclipseLogger - Using 'UTF-8' encoding to copy filtered resources.
2026-05-08 17:16:13,184 [Worker-215: Building] INFO  o.e.m.c.i.embedder.EclipseLogger - Copying 1 resource
2026-05-08 17:16:13,186 [Worker-215: Building] INFO  o.e.m.c.i.embedder.EclipseLogger - Using 'UTF-8' encoding to copy filtered resources.
2026-05-08 17:16:13,187 [Worker-215: Building] INFO  o.e.m.c.i.embedder.EclipseLogger - skip non existing resourceDirectory C:\Edu\Spring\springFramework\workSpace\step04_AOP\src\test\resources
2026-05-08 17:16:16,670 [Worker-222: Launching MainApp (7)] INFO  o.e.m.c.i.embedder.EclipseLogger - Using 'UTF-8' encoding to copy filtered resources.
2026-05-08 17:16:16,671 [Worker-222: Launching MainApp (7)] INFO  o.e.m.c.i.embedder.EclipseLogger - Copying 1 resource
2026-05-08 17:16:16,672 [Worker-222: Launching MainApp (7)] INFO  o.e.m.c.i.embedder.EclipseLogger - Using 'UTF-8' encoding to copy filtered resources.
2026-05-08 17:16:16,672 [Worker-222: Launching MainApp (7)] INFO  o.e.m.c.i.embedder.EclipseLogger - skip non existing resourceDirectory C:\Edu\Spring\springFramework\workSpace\step04_AOP\src\test\resources
2026-05-08 17:16:21,741 [Worker-224: Building] INFO  o.e.m.c.i.embedder.EclipseLogger - Using 'UTF-8' encoding to copy filtered resources.
2026-05-08 17:16:21,742 [Worker-224: Building] INFO  o.e.m.c.i.embedder.EclipseLogger - Copying 1 resource
2026-05-08 17:16:21,743 [Worker-224: Building] INFO  o.e.m.c.i.embedder.EclipseLogger - Using 'UTF-8' encoding to copy filtered resources.
2026-05-08 17:16:21,743 [Worker-224: Building] INFO  o.e.m.c.i.embedder.EclipseLogger - skip non existing resourceDirectory C:\Edu\Spring\springFramework\workSpace\step04_AOP\src\test\resources
2026-05-08 17:18:42,748 [Worker-222: Building] INFO  o.e.m.c.i.embedder.EclipseLogger - Using 'UTF-8' encoding to copy filtered resources.
2026-05-08 17:18:42,749 [Worker-222: Building] INFO  o.e.m.c.i.embedder.EclipseLogger - Copying 1 resource
2026-05-08 17:18:42,751 [Worker-222: Building] INFO  o.e.m.c.i.embedder.EclipseLogger - Using 'UTF-8' encoding to copy filtered resources.
2026-05-08 17:18:42,751 [Worker-222: Building] INFO  o.e.m.c.i.embedder.EclipseLogger - skip non existing resourceDirectory C:\Edu\Spring\springFramework\workSpace\step04_AOP\src\test\resources
2026-05-08 17:19:14,645 [Worker-215: Building] INFO  o.e.m.c.i.embedder.EclipseLogger - Using 'UTF-8' encoding to copy filtered resources.
2026-05-08 17:19:14,646 [Worker-215: Building] INFO  o.e.m.c.i.embedder.EclipseLogger - Copying 1 resource
2026-05-08 17:19:14,648 [Worker-215: Building] INFO  o.e.m.c.i.embedder.EclipseLogger - Using 'UTF-8' encoding to copy filtered resources.
2026-05-08 17:19:14,648 [Worker-215: Building] INFO  o.e.m.c.i.embedder.EclipseLogger - skip non existing resourceDirectory C:\Edu\Spring\springFramework\workSpace\step04_AOP\src\test\resources
2026-05-08 17:20:14,900 [Worker-215: Building] INFO  o.e.m.c.i.embedder.EclipseLogger - Using 'UTF-8' encoding to copy filtered resources.
2026-05-08 17:20:14,901 [Worker-215: Building] INFO  o.e.m.c.i.embedder.EclipseLogger - Copying 1 resource
2026-05-08 17:20:14,903 [Worker-215: Building] INFO  o.e.m.c.i.embedder.EclipseLogger - Using 'UTF-8' encoding to copy filtered resources.
2026-05-08 17:20:14,903 [Worker-215: Building] INFO  o.e.m.c.i.embedder.EclipseLogger - skip non existing resourceDirectory C:\Edu\Spring\springFramework\workSpace\step04_AOP\src\test\resources
2026-05-08 17:21:22,536 [Worker-224: Building] INFO  o.e.m.c.i.embedder.EclipseLogger - Using 'UTF-8' encoding to copy filtered resources.
2026-05-08 17:21:22,537 [Worker-224: Building] INFO  o.e.m.c.i.embedder.EclipseLogger - Copying 1 resource
2026-05-08 17:21:22,538 [Worker-224: Building] INFO  o.e.m.c.i.embedder.EclipseLogger - Using 'UTF-8' encoding to copy filtered resources.
2026-05-08 17:21:22,538 [Worker-224: Building] INFO  o.e.m.c.i.embedder.EclipseLogger - skip non existing resourceDirectory C:\Edu\Spring\springFramework\workSpace\step04_AOP\src\test\resources
2026-05-08 17:21:54,097 [Worker-222: Building] INFO  o.e.m.c.i.embedder.EclipseLogger - Using 'UTF-8' encoding to copy filtered resources.
2026-05-08 17:21:54,098 [Worker-222: Building] INFO  o.e.m.c.i.embedder.EclipseLogger - Copying 1 resource
2026-05-08 17:21:54,099 [Worker-222: Building] INFO  o.e.m.c.i.embedder.EclipseLogger - Using 'UTF-8' encoding to copy filtered resources.
2026-05-08 17:21:54,099 [Worker-222: Building] INFO  o.e.m.c.i.embedder.EclipseLogger - skip non existing resourceDirectory C:\Edu\Spring\springFramework\workSpace\step04_AOP\src\test\resources
2026-05-08 17:22:26,513 [Worker-224: Building] INFO  o.e.m.c.i.embedder.EclipseLogger - Using 'UTF-8' encoding to copy filtered resources.
2026-05-08 17:22:26,513 [Worker-224: Building] INFO  o.e.m.c.i.embedder.EclipseLogger - Copying 1 resource
2026-05-08 17:22:26,515 [Worker-224: Building] INFO  o.e.m.c.i.embedder.EclipseLogger - Using 'UTF-8' encoding to copy filtered resources.
2026-05-08 17:22:26,515 [Worker-224: Building] INFO  o.e.m.c.i.embedder.EclipseLogger - skip non existing resourceDirectory C:\Edu\Spring\springFramework\workSpace\step04_AOP\src\test\resources
2026-05-08 17:22:39,041 [Worker-226: Building] INFO  o.e.m.c.i.embedder.EclipseLogger - Using 'UTF-8' encoding to copy filtered resources.
2026-05-08 17:22:39,041 [Worker-226: Building] INFO  o.e.m.c.i.embedder.EclipseLogger - Copying 1 resource
2026-05-08 17:22:39,043 [Worker-226: Building] INFO  o.e.m.c.i.embedder.EclipseLogger - Using 'UTF-8' encoding to copy filtered resources.
2026-05-08 17:22:39,044 [Worker-226: Building] INFO  o.e.m.c.i.embedder.EclipseLogger - skip non existing resourceDirectory C:\Edu\Spring\springFramework\workSpace\step04_AOP\src\test\resources
2026-05-08 17:23:02,417 [Worker-227: Building] INFO  o.e.m.c.i.embedder.EclipseLogger - Using 'UTF-8' encoding to copy filtered resources.
2026-05-08 17:23:02,418 [Worker-227: Building] INFO  o.e.m.c.i.embedder.EclipseLogger - Copying 1 resource
2026-05-08 17:23:02,419 [Worker-227: Building] INFO  o.e.m.c.i.embedder.EclipseLogger - Using 'UTF-8' encoding to copy filtered resources.
2026-05-08 17:23:02,419 [Worker-227: Building] INFO  o.e.m.c.i.embedder.EclipseLogger - skip non existing resourceDirectory C:\Edu\Spring\springFramework\workSpace\step04_AOP\src\test\resources
2026-05-08 17:25:04,935 [Worker-229: Building] INFO  o.e.m.c.i.embedder.EclipseLogger - Using 'UTF-8' encoding to copy filtered resources.
2026-05-08 17:25:04,936 [Worker-229: Building] INFO  o.e.m.c.i.embedder.EclipseLogger - Copying 1 resource
2026-05-08 17:25:04,938 [Worker-229: Building] INFO  o.e.m.c.i.embedder.EclipseLogger - Using 'UTF-8' encoding to copy filtered resources.
2026-05-08 17:25:04,938 [Worker-229: Building] INFO  o.e.m.c.i.embedder.EclipseLogger - skip non existing resourceDirectory C:\Edu\Spring\springFramework\workSpace\step04_AOP\src\test\resources
2026-05-08 17:26:39,332 [Worker-232: Building] INFO  o.e.m.c.i.embedder.EclipseLogger - Using 'UTF-8' encoding to copy filtered resources.
2026-05-08 17:26:39,332 [Worker-232: Building] INFO  o.e.m.c.i.embedder.EclipseLogger - Copying 1 resource
2026-05-08 17:26:39,335 [Worker-232: Building] INFO  o.e.m.c.i.embedder.EclipseLogger - Using 'UTF-8' encoding to copy filtered resources.
2026-05-08 17:26:39,335 [Worker-232: Building] INFO  o.e.m.c.i.embedder.EclipseLogger - skip non existing resourceDirectory C:\Edu\Spring\springFramework\workSpace\step04_AOP\src\test\resources
2026-05-08 17:26:57,814 [Worker-234: Building] INFO  o.e.m.c.i.embedder.EclipseLogger - Using 'UTF-8' encoding to copy filtered resources.
2026-05-08 17:26:57,815 [Worker-234: Building] INFO  o.e.m.c.i.embedder.EclipseLogger - Copying 1 resource
2026-05-08 17:26:57,817 [Worker-234: Building] INFO  o.e.m.c.i.embedder.EclipseLogger - Using 'UTF-8' encoding to copy filtered resources.
2026-05-08 17:26:57,817 [Worker-234: Building] INFO  o.e.m.c.i.embedder.EclipseLogger - skip non existing resourceDirectory C:\Edu\Spring\springFramework\workSpace\step04_AOP\src\test\resources
2026-05-08 17:27:23,240 [Worker-229: Building] INFO  o.e.m.c.i.embedder.EclipseLogger - Using 'UTF-8' encoding to copy filtered resources.
2026-05-08 17:27:23,241 [Worker-229: Building] INFO  o.e.m.c.i.embedder.EclipseLogger - Copying 1 resource
2026-05-08 17:27:23,242 [Worker-229: Building] INFO  o.e.m.c.i.embedder.EclipseLogger - Using 'UTF-8' encoding to copy filtered resources.
2026-05-08 17:27:23,242 [Worker-229: Building] INFO  o.e.m.c.i.embedder.EclipseLogger - skip non existing resourceDirectory C:\Edu\Spring\springFramework\workSpace\step04_AOP\src\test\resources
2026-05-08 17:30:56,394 [Worker-236: Building] INFO  o.e.m.c.i.embedder.EclipseLogger - Using 'UTF-8' encoding to copy filtered resources.
2026-05-08 17:30:56,395 [Worker-236: Building] INFO  o.e.m.c.i.embedder.EclipseLogger - Copying 1 resource
2026-05-08 17:30:56,396 [Worker-236: Building] INFO  o.e.m.c.i.embedder.EclipseLogger - Using 'UTF-8' encoding to copy filtered resources.
2026-05-08 17:30:56,396 [Worker-236: Building] INFO  o.e.m.c.i.embedder.EclipseLogger - skip non existing resourceDirectory C:\Edu\Spring\springFramework\workSpace\step04_AOP\src\test\resources
2026-05-08 17:31:00,413 [Worker-233: Building] INFO  o.e.m.c.i.embedder.EclipseLogger - Using 'UTF-8' encoding to copy filtered resources.
2026-05-08 17:31:00,414 [Worker-233: Building] INFO  o.e.m.c.i.embedder.EclipseLogger - Copying 1 resource
2026-05-08 17:31:00,415 [Worker-233: Building] INFO  o.e.m.c.i.embedder.EclipseLogger - Using 'UTF-8' encoding to copy filtered resources.
2026-05-08 17:31:00,415 [Worker-233: Building] INFO  o.e.m.c.i.embedder.EclipseLogger - skip non existing resourceDirectory C:\Edu\Spring\springFramework\workSpace\step04_AOP\src\test\resources
2026-05-08 17:31:15,282 [Worker-235: Building] INFO  o.e.m.c.i.l.LifecycleMappingFactory - Using org.eclipse.m2e.jdt.JarLifecycleMapping lifecycle mapping for MavenProject: step01_DI:step01_DI:0.0.1-SNAPSHOT @ C:\Edu\Spring\springFramework\workSpace\step05_AOP_Annotation\pom.xml.
2026-05-08 17:31:15,471 [Worker-235: Building] INFO  o.e.m.c.i.embedder.EclipseLogger - Using 'UTF-8' encoding to copy filtered resources.
2026-05-08 17:31:15,471 [Worker-235: Building] INFO  o.e.m.c.i.embedder.EclipseLogger - Copying 1 resource
2026-05-08 17:31:15,475 [Worker-235: Building] INFO  o.e.m.c.i.embedder.EclipseLogger - Using 'UTF-8' encoding to copy filtered resources.
2026-05-08 17:31:15,475 [Worker-235: Building] INFO  o.e.m.c.i.embedder.EclipseLogger - skip non existing resourceDirectory C:\Edu\Spring\springFramework\workSpace\step05_AOP_Annotation\src\test\resources
2026-05-08 17:31:16,773 [Worker-233: Building] INFO  o.e.m.c.i.embedder.EclipseLogger - Using 'UTF-8' encoding to copy filtered resources.
2026-05-08 17:31:16,774 [Worker-233: Building] INFO  o.e.m.c.i.embedder.EclipseLogger - Copying 1 resource
2026-05-08 17:31:16,777 [Worker-233: Building] INFO  o.e.m.c.i.embedder.EclipseLogger - Using 'UTF-8' encoding to copy filtered resources.
2026-05-08 17:31:16,777 [Worker-233: Building] INFO  o.e.m.c.i.embedder.EclipseLogger - skip non existing resourceDirectory C:\Edu\Spring\springFramework\workSpace\step05_AOP_Annotation\src\test\resources
2026-05-08 17:31:48,809 [Worker-230: Building] INFO  o.e.m.c.i.embedder.EclipseLogger - Using 'UTF-8' encoding to copy filtered resources.
2026-05-08 17:31:48,810 [Worker-230: Building] INFO  o.e.m.c.i.embedder.EclipseLogger - Copying 1 resource
2026-05-08 17:31:48,810 [Worker-230: Building] INFO  o.e.m.c.i.embedder.EclipseLogger - Using 'UTF-8' encoding to copy filtered resources.
2026-05-08 17:31:48,810 [Worker-230: Building] INFO  o.e.m.c.i.embedder.EclipseLogger - skip non existing resourceDirectory C:\Edu\Spring\springFramework\workSpace\step05_AOP_Annotation\src\test\resources
2026-05-08 17:31:51,882 [Worker-238: Building] INFO  o.e.m.c.i.embedder.EclipseLogger - Using 'UTF-8' encoding to copy filtered resources.
2026-05-08 17:31:51,882 [Worker-238: Building] INFO  o.e.m.c.i.embedder.EclipseLogger - Copying 1 resource
2026-05-08 17:31:51,883 [Worker-238: Building] INFO  o.e.m.c.i.embedder.EclipseLogger - Using 'UTF-8' encoding to copy filtered resources.
2026-05-08 17:31:51,883 [Worker-238: Building] INFO  o.e.m.c.i.embedder.EclipseLogger - skip non existing resourceDirectory C:\Edu\Spring\springFramework\workSpace\step05_AOP_Annotation\src\test\resources
2026-05-08 17:32:24,689 [Worker-233: Building] INFO  o.e.m.c.i.embedder.EclipseLogger - Using 'UTF-8' encoding to copy filtered resources.
2026-05-08 17:32:24,690 [Worker-233: Building] INFO  o.e.m.c.i.embedder.EclipseLogger - Copying 1 resource
2026-05-08 17:32:24,693 [Worker-233: Building] INFO  o.e.m.c.i.embedder.EclipseLogger - Using 'UTF-8' encoding to copy filtered resources.
2026-05-08 17:32:24,693 [Worker-233: Building] INFO  o.e.m.c.i.embedder.EclipseLogger - skip non existing resourceDirectory C:\Edu\Spring\springFramework\workSpace\step05_AOP_Annotation\src\test\resources
2026-05-08 17:32:53,505 [Worker-238: Building] INFO  o.e.m.c.i.embedder.EclipseLogger - Using 'UTF-8' encoding to copy filtered resources.
2026-05-08 17:32:53,506 [Worker-238: Building] INFO  o.e.m.c.i.embedder.EclipseLogger - Copying 1 resource
2026-05-08 17:32:53,507 [Worker-238: Building] INFO  o.e.m.c.i.embedder.EclipseLogger - Using 'UTF-8' encoding to copy filtered resources.
2026-05-08 17:32:53,507 [Worker-238: Building] INFO  o.e.m.c.i.embedder.EclipseLogger - skip non existing resourceDirectory C:\Edu\Spring\springFramework\workSpace\step05_AOP_Annotation\src\test\resources
2026-05-08 17:32:57,166 [Worker-239: Building] INFO  o.e.m.c.i.embedder.EclipseLogger - Using 'UTF-8' encoding to copy filtered resources.
2026-05-08 17:32:57,167 [Worker-239: Building] INFO  o.e.m.c.i.embedder.EclipseLogger - Copying 1 resource
2026-05-08 17:32:57,167 [Worker-239: Building] INFO  o.e.m.c.i.embedder.EclipseLogger - Using 'UTF-8' encoding to copy filtered resources.
2026-05-08 17:32:57,168 [Worker-239: Building] INFO  o.e.m.c.i.embedder.EclipseLogger - skip non existing resourceDirectory C:\Edu\Spring\springFramework\workSpace\step05_AOP_Annotation\src\test\resources
2026-05-08 17:33:20,383 [Worker-237: Building] INFO  o.e.m.c.i.embedder.EclipseLogger - Using 'UTF-8' encoding to copy filtered resources.
2026-05-08 17:33:20,384 [Worker-237: Building] INFO  o.e.m.c.i.embedder.EclipseLogger - Copying 1 resource
2026-05-08 17:33:20,385 [Worker-237: Building] INFO  o.e.m.c.i.embedder.EclipseLogger - Using 'UTF-8' encoding to copy filtered resources.
2026-05-08 17:33:20,385 [Worker-237: Building] INFO  o.e.m.c.i.embedder.EclipseLogger - skip non existing resourceDirectory C:\Edu\Spring\springFramework\workSpace\step05_AOP_Annotation\src\test\resources
2026-05-08 17:33:25,190 [Worker-235: Building] INFO  o.e.m.c.i.embedder.EclipseLogger - Using 'UTF-8' encoding to copy filtered resources.
2026-05-08 17:33:25,191 [Worker-235: Building] INFO  o.e.m.c.i.embedder.EclipseLogger - Copying 1 resource
2026-05-08 17:33:25,192 [Worker-235: Building] INFO  o.e.m.c.i.embedder.EclipseLogger - Using 'UTF-8' encoding to copy filtered resources.
2026-05-08 17:33:25,192 [Worker-235: Building] INFO  o.e.m.c.i.embedder.EclipseLogger - skip non existing resourceDirectory C:\Edu\Spring\springFramework\workSpace\step05_AOP_Annotation\src\test\resources
2026-05-08 17:33:29,504 [Worker-240: Building] INFO  o.e.m.c.i.embedder.EclipseLogger - Using 'UTF-8' encoding to copy filtered resources.
2026-05-08 17:33:29,504 [Worker-240: Building] INFO  o.e.m.c.i.embedder.EclipseLogger - Copying 1 resource
2026-05-08 17:33:29,506 [Worker-240: Building] INFO  o.e.m.c.i.embedder.EclipseLogger - Using 'UTF-8' encoding to copy filtered resources.
2026-05-08 17:33:29,506 [Worker-240: Building] INFO  o.e.m.c.i.embedder.EclipseLogger - skip non existing resourceDirectory C:\Edu\Spring\springFramework\workSpace\step05_AOP_Annotation\src\test\resources
2026-05-08 17:33:31,586 [Worker-230: Building] INFO  o.e.m.c.i.embedder.EclipseLogger - Using 'UTF-8' encoding to copy filtered resources.
2026-05-08 17:33:31,586 [Worker-230: Building] INFO  o.e.m.c.i.embedder.EclipseLogger - Copying 1 resource
2026-05-08 17:33:31,589 [Worker-230: Building] INFO  o.e.m.c.i.embedder.EclipseLogger - Using 'UTF-8' encoding to copy filtered resources.
2026-05-08 17:33:31,589 [Worker-230: Building] INFO  o.e.m.c.i.embedder.EclipseLogger - skip non existing resourceDirectory C:\Edu\Spring\springFramework\workSpace\step05_AOP_Annotation\src\test\resources
2026-05-08 17:34:35,897 [Worker-233: Building] INFO  o.e.m.c.i.embedder.EclipseLogger - Using 'UTF-8' encoding to copy filtered resources.
2026-05-08 17:34:35,898 [Worker-233: Building] INFO  o.e.m.c.i.embedder.EclipseLogger - Copying 1 resource
2026-05-08 17:34:35,900 [Worker-233: Building] INFO  o.e.m.c.i.embedder.EclipseLogger - Using 'UTF-8' encoding to copy filtered resources.
2026-05-08 17:34:35,900 [Worker-233: Building] INFO  o.e.m.c.i.embedder.EclipseLogger - skip non existing resourceDirectory C:\Edu\Spring\springFramework\workSpace\step05_AOP_Annotation\src\test\resources
2026-05-08 17:34:39,084 [Worker-230: Building] INFO  o.e.m.c.i.embedder.EclipseLogger - Using 'UTF-8' encoding to copy filtered resources.
2026-05-08 17:34:39,084 [Worker-230: Building] INFO  o.e.m.c.i.embedder.EclipseLogger - Copying 1 resource
2026-05-08 17:34:39,085 [Worker-230: Building] INFO  o.e.m.c.i.embedder.EclipseLogger - Using 'UTF-8' encoding to copy filtered resources.
2026-05-08 17:34:39,086 [Worker-230: Building] INFO  o.e.m.c.i.embedder.EclipseLogger - skip non existing resourceDirectory C:\Edu\Spring\springFramework\workSpace\step05_AOP_Annotation\src\test\resources
2026-05-08 17:36:59,818 [Worker-241: Building] INFO  o.e.m.c.i.embedder.EclipseLogger - Using 'UTF-8' encoding to copy filtered resources.
2026-05-08 17:36:59,819 [Worker-241: Building] INFO  o.e.m.c.i.embedder.EclipseLogger - Copying 1 resource
2026-05-08 17:36:59,819 [Worker-241: Building] INFO  o.e.m.c.i.embedder.EclipseLogger - Using 'UTF-8' encoding to copy filtered resources.
2026-05-08 17:36:59,820 [Worker-241: Building] INFO  o.e.m.c.i.embedder.EclipseLogger - skip non existing resourceDirectory C:\Edu\Spring\springFramework\workSpace\step05_AOP_Annotation\src\test\resources
2026-05-08 17:39:58,456 [Worker-241: Building] INFO  o.e.m.c.i.embedder.EclipseLogger - Using 'UTF-8' encoding to copy filtered resources.
2026-05-08 17:39:58,456 [Worker-241: Building] INFO  o.e.m.c.i.embedder.EclipseLogger - Copying 1 resource
2026-05-08 17:39:58,457 [Worker-241: Building] INFO  o.e.m.c.i.embedder.EclipseLogger - Using 'UTF-8' encoding to copy filtered resources.
2026-05-08 17:39:58,457 [Worker-241: Building] INFO  o.e.m.c.i.embedder.EclipseLogger - skip non existing resourceDirectory C:\Edu\Spring\springFramework\workSpace\step05_AOP_Annotation\src\test\resources
2026-05-08 17:40:17,797 [Worker-236: Building] INFO  o.e.m.c.i.embedder.EclipseLogger - Using 'UTF-8' encoding to copy filtered resources.
2026-05-08 17:40:17,797 [Worker-236: Building] INFO  o.e.m.c.i.embedder.EclipseLogger - Copying 1 resource
2026-05-08 17:40:17,798 [Worker-236: Building] INFO  o.e.m.c.i.embedder.EclipseLogger - Using 'UTF-8' encoding to copy filtered resources.
2026-05-08 17:40:17,798 [Worker-236: Building] INFO  o.e.m.c.i.embedder.EclipseLogger - skip non existing resourceDirectory C:\Edu\Spring\springFramework\workSpace\step05_AOP_Annotation\src\test\resources
2026-05-08 17:40:46,427 [Worker-236: Building] INFO  o.e.m.c.i.embedder.EclipseLogger - Using 'UTF-8' encoding to copy filtered resources.
2026-05-08 17:40:46,428 [Worker-236: Building] INFO  o.e.m.c.i.embedder.EclipseLogger - Copying 1 resource
2026-05-08 17:40:46,429 [Worker-236: Building] INFO  o.e.m.c.i.embedder.EclipseLogger - Using 'UTF-8' encoding to copy filtered resources.
2026-05-08 17:40:46,429 [Worker-236: Building] INFO  o.e.m.c.i.embedder.EclipseLogger - skip non existing resourceDirectory C:\Edu\Spring\springFramework\workSpace\step05_AOP_Annotation\src\test\resources
2026-05-08 17:41:02,069 [Worker-238: Building] INFO  o.e.m.c.i.embedder.EclipseLogger - Using 'UTF-8' encoding to copy filtered resources.
2026-05-08 17:41:02,070 [Worker-238: Building] INFO  o.e.m.c.i.embedder.EclipseLogger - Copying 1 resource
2026-05-08 17:41:02,071 [Worker-238: Building] INFO  o.e.m.c.i.embedder.EclipseLogger - Using 'UTF-8' encoding to copy filtered resources.
2026-05-08 17:41:02,071 [Worker-238: Building] INFO  o.e.m.c.i.embedder.EclipseLogger - skip non existing resourceDirectory C:\Edu\Spring\springFramework\workSpace\step05_AOP_Annotation\src\test\resources
2026-05-08 17:41:42,843 [Worker-242: Building] INFO  o.e.m.c.i.embedder.EclipseLogger - Using 'UTF-8' encoding to copy filtered resources.
2026-05-08 17:41:42,844 [Worker-242: Building] INFO  o.e.m.c.i.embedder.EclipseLogger - Copying 1 resource
2026-05-08 17:41:42,844 [Worker-242: Building] INFO  o.e.m.c.i.embedder.EclipseLogger - Using 'UTF-8' encoding to copy filtered resources.
2026-05-08 17:41:42,845 [Worker-242: Building] INFO  o.e.m.c.i.embedder.EclipseLogger - skip non existing resourceDirectory C:\Edu\Spring\springFramework\workSpace\step05_AOP_Annotation\src\test\resources
2026-05-08 17:41:47,758 [Worker-241: Building] INFO  o.e.m.c.i.embedder.EclipseLogger - Using 'UTF-8' encoding to copy filtered resources.
2026-05-08 17:41:47,758 [Worker-241: Building] INFO  o.e.m.c.i.embedder.EclipseLogger - Copying 1 resource
2026-05-08 17:41:47,759 [Worker-241: Building] INFO  o.e.m.c.i.embedder.EclipseLogger - Using 'UTF-8' encoding to copy filtered resources.
2026-05-08 17:41:47,759 [Worker-241: Building] INFO  o.e.m.c.i.embedder.EclipseLogger - skip non existing resourceDirectory C:\Edu\Spring\springFramework\workSpace\step05_AOP_Annotation\src\test\resources
2026-05-08 17:42:26,304 [Worker-238: Building] INFO  o.e.m.c.i.embedder.EclipseLogger - Using 'UTF-8' encoding to copy filtered resources.
2026-05-08 17:42:26,304 [Worker-238: Building] INFO  o.e.m.c.i.embedder.EclipseLogger - Copying 1 resource
2026-05-08 17:42:26,306 [Worker-238: Building] INFO  o.e.m.c.i.embedder.EclipseLogger - Using 'UTF-8' encoding to copy filtered resources.
2026-05-08 17:42:26,306 [Worker-238: Building] INFO  o.e.m.c.i.embedder.EclipseLogger - skip non existing resourceDirectory C:\Edu\Spring\springFramework\workSpace\step05_AOP_Annotation\src\test\resources
2026-05-08 17:43:26,193 [Worker-236: Building] INFO  o.e.m.c.i.embedder.EclipseLogger - Using 'UTF-8' encoding to copy filtered resources.
2026-05-08 17:43:26,194 [Worker-236: Building] INFO  o.e.m.c.i.embedder.EclipseLogger - Copying 1 resource
2026-05-08 17:43:26,195 [Worker-236: Building] INFO  o.e.m.c.i.embedder.EclipseLogger - Using 'UTF-8' encoding to copy filtered resources.
2026-05-08 17:43:26,195 [Worker-236: Building] INFO  o.e.m.c.i.embedder.EclipseLogger - skip non existing resourceDirectory C:\Edu\Spring\springFramework\workSpace\step05_AOP_Annotation\src\test\resources
2026-05-08 17:44:16,929 [Worker-241: Building] INFO  o.e.m.c.i.embedder.EclipseLogger - Using 'UTF-8' encoding to copy filtered resources.
2026-05-08 17:44:16,929 [Worker-241: Building] INFO  o.e.m.c.i.embedder.EclipseLogger - Copying 1 resource
2026-05-08 17:44:16,931 [Worker-241: Building] INFO  o.e.m.c.i.embedder.EclipseLogger - Using 'UTF-8' encoding to copy filtered resources.
2026-05-08 17:44:16,931 [Worker-241: Building] INFO  o.e.m.c.i.embedder.EclipseLogger - skip non existing resourceDirectory C:\Edu\Spring\springFramework\workSpace\step05_AOP_Annotation\src\test\resources
2026-05-08 17:44:23,745 [Worker-246: Building] INFO  o.e.m.c.i.embedder.EclipseLogger - Using 'UTF-8' encoding to copy filtered resources.
2026-05-08 17:44:23,745 [Worker-246: Building] INFO  o.e.m.c.i.embedder.EclipseLogger - Copying 1 resource
2026-05-08 17:44:23,746 [Worker-246: Building] INFO  o.e.m.c.i.embedder.EclipseLogger - Using 'UTF-8' encoding to copy filtered resources.
2026-05-08 17:44:23,746 [Worker-246: Building] INFO  o.e.m.c.i.embedder.EclipseLogger - skip non existing resourceDirectory C:\Edu\Spring\springFramework\workSpace\step05_AOP_Annotation\src\test\resources
2026-05-08 17:44:26,938 [Worker-246: Building] INFO  o.e.m.c.i.embedder.EclipseLogger - Using 'UTF-8' encoding to copy filtered resources.
2026-05-08 17:44:26,939 [Worker-246: Building] INFO  o.e.m.c.i.embedder.EclipseLogger - Copying 1 resource
2026-05-08 17:44:26,939 [Worker-246: Building] INFO  o.e.m.c.i.embedder.EclipseLogger - Using 'UTF-8' encoding to copy filtered resources.
2026-05-08 17:44:26,939 [Worker-246: Building] INFO  o.e.m.c.i.embedder.EclipseLogger - skip non existing resourceDirectory C:\Edu\Spring\springFramework\workSpace\step05_AOP_Annotation\src\test\resources
2026-05-08 17:44:29,833 [Worker-244: Building] INFO  o.e.m.c.i.embedder.EclipseLogger - Using 'UTF-8' encoding to copy filtered resources.
2026-05-08 17:44:29,834 [Worker-244: Building] INFO  o.e.m.c.i.embedder.EclipseLogger - Copying 1 resource
2026-05-08 17:44:29,836 [Worker-244: Building] INFO  o.e.m.c.i.embedder.EclipseLogger - Using 'UTF-8' encoding to copy filtered resources.
2026-05-08 17:44:29,836 [Worker-244: Building] INFO  o.e.m.c.i.embedder.EclipseLogger - skip non existing resourceDirectory C:\Edu\Spring\springFramework\workSpace\step05_AOP_Annotation\src\test\resources
2026-05-08 17:45:10,138 [Worker-243: Building] INFO  o.e.m.c.i.embedder.EclipseLogger - Using 'UTF-8' encoding to copy filtered resources.
2026-05-08 17:45:10,139 [Worker-243: Building] INFO  o.e.m.c.i.embedder.EclipseLogger - Copying 1 resource
2026-05-08 17:45:10,139 [Worker-243: Building] INFO  o.e.m.c.i.embedder.EclipseLogger - Using 'UTF-8' encoding to copy filtered resources.
2026-05-08 17:45:10,139 [Worker-243: Building] INFO  o.e.m.c.i.embedder.EclipseLogger - skip non existing resourceDirectory C:\Edu\Spring\springFramework\workSpace\step05_AOP_Annotation\src\test\resources
2026-05-08 17:45:23,042 [Worker-244: Building] INFO  o.e.m.c.i.embedder.EclipseLogger - Using 'UTF-8' encoding to copy filtered resources.
2026-05-08 17:45:23,042 [Worker-244: Building] INFO  o.e.m.c.i.embedder.EclipseLogger - Copying 1 resource
2026-05-08 17:45:23,044 [Worker-244: Building] INFO  o.e.m.c.i.embedder.EclipseLogger - Using 'UTF-8' encoding to copy filtered resources.
2026-05-08 17:45:23,044 [Worker-244: Building] INFO  o.e.m.c.i.embedder.EclipseLogger - skip non existing resourceDirectory C:\Edu\Spring\springFramework\workSpace\step05_AOP_Annotation\src\test\resources
2026-05-08 17:46:47,791 [Worker-244: Building] INFO  o.e.m.c.i.embedder.EclipseLogger - Using 'UTF-8' encoding to copy filtered resources.
2026-05-08 17:46:47,792 [Worker-244: Building] INFO  o.e.m.c.i.embedder.EclipseLogger - Copying 1 resource
2026-05-08 17:46:47,793 [Worker-244: Building] INFO  o.e.m.c.i.embedder.EclipseLogger - Using 'UTF-8' encoding to copy filtered resources.
2026-05-08 17:46:47,793 [Worker-244: Building] INFO  o.e.m.c.i.embedder.EclipseLogger - skip non existing resourceDirectory C:\Edu\Spring\springFramework\workSpace\step05_AOP_Annotation\src\test\resources
2026-05-08 17:46:54,343 [Worker-243: Building] INFO  o.e.m.c.i.embedder.EclipseLogger - Using 'UTF-8' encoding to copy filtered resources.
2026-05-08 17:46:54,343 [Worker-243: Building] INFO  o.e.m.c.i.embedder.EclipseLogger - Copying 1 resource
2026-05-08 17:46:54,344 [Worker-243: Building] INFO  o.e.m.c.i.embedder.EclipseLogger - Using 'UTF-8' encoding to copy filtered resources.
2026-05-08 17:46:54,344 [Worker-243: Building] INFO  o.e.m.c.i.embedder.EclipseLogger - skip non existing resourceDirectory C:\Edu\Spring\springFramework\workSpace\step05_AOP_Annotation\src\test\resources
2026-05-08 17:47:05,507 [Worker-243: Building] INFO  o.e.m.c.i.embedder.EclipseLogger - Using 'UTF-8' encoding to copy filtered resources.
2026-05-08 17:47:05,507 [Worker-243: Building] INFO  o.e.m.c.i.embedder.EclipseLogger - Copying 1 resource
2026-05-08 17:47:05,508 [Worker-243: Building] INFO  o.e.m.c.i.embedder.EclipseLogger - Using 'UTF-8' encoding to copy filtered resources.
2026-05-08 17:47:05,508 [Worker-243: Building] INFO  o.e.m.c.i.embedder.EclipseLogger - skip non existing resourceDirectory C:\Edu\Spring\springFramework\workSpace\step05_AOP_Annotation\src\test\resources
2026-05-08 17:51:35,331 [Stop Help Server] INFO  org.eclipse.jetty.server.Server - Stopped Server@7509f26c{STOPPING}[10.0.5,sto=0]
2026-05-08 17:51:35,366 [Stop Help Server] INFO  o.e.jetty.server.AbstractConnector - Stopped ServerConnector@32218a3d{HTTP/1.1, (http/1.1)}{127.0.0.1:0}
2026-05-08 17:51:35,741 [Stop Help Server] INFO  o.e.j.server.handler.ContextHandler - Stopped o.e.j.s.ServletContextHandler@d472dc6{/help,null,STOPPED}
2026-05-11 09:03:23,131 [Worker-6: Loading available Gradle versions] INFO  o.e.b.c.i.u.g.PublishedGradleVersions - Gradle version information cache is out-of-date. Trying to update.
2026-05-11 09:32:06,558 [Worker-17: Importing Maven projects] INFO  o.e.m.c.i.l.LifecycleMappingFactory - Using org.eclipse.m2e.jdt.JarLifecycleMapping lifecycle mapping for MavenProject: kosta.edu.aop:kosta.edu.aop:0.0.1-SNAPSHOT @ C:\Edu\Spring\springFramework\workSpace\step06_AOP\pom.xml.
2026-05-11 09:32:08,324 [Worker-17: Importing Maven projects] INFO  o.e.m.j.i.AbstractJavaProjectConfigurator - Adding source folder /step06_AOP/src/main/java
2026-05-11 09:32:08,324 [Worker-17: Importing Maven projects] INFO  o.e.m.j.i.AbstractJavaProjectConfigurator - Adding resource folder /step06_AOP/src/main/resources
2026-05-11 09:32:08,338 [Worker-17: Importing Maven projects] INFO  o.e.m.j.i.AbstractJavaProjectConfigurator - Adding source folder /step06_AOP/src/test/java
2026-05-11 09:32:08,413 [Worker-17: Importing Maven projects] INFO  o.e.m.c.i.p.ProjectConfigurationManager - Imported and configured 1 project(s) in 6 sec
2026-05-11 09:32:10,081 [Worker-17: Building] INFO  o.e.m.c.i.embedder.EclipseLogger - Using 'UTF-8' encoding to copy filtered resources.
2026-05-11 09:32:10,087 [Worker-17: Building] INFO  o.e.m.c.i.embedder.EclipseLogger - Copying 1 resource
2026-05-11 09:32:10,095 [Worker-17: Building] INFO  o.e.m.c.i.embedder.EclipseLogger - Using 'UTF-8' encoding to copy filtered resources.
2026-05-11 09:32:10,095 [Worker-17: Building] INFO  o.e.m.c.i.embedder.EclipseLogger - skip non existing resourceDirectory C:\Edu\Spring\springFramework\workSpace\step06_AOP\src\test\resources
2026-05-11 09:32:23,542 [Worker-17: Building] INFO  o.e.m.c.i.embedder.EclipseLogger - Using 'UTF-8' encoding to copy filtered resources.
2026-05-11 09:32:23,550 [Worker-17: Building] INFO  o.e.m.c.i.embedder.EclipseLogger - Copying 1 resource
2026-05-11 09:32:23,552 [Worker-17: Building] INFO  o.e.m.c.i.embedder.EclipseLogger - Using 'UTF-8' encoding to copy filtered resources.
2026-05-11 09:32:23,553 [Worker-17: Building] INFO  o.e.m.c.i.embedder.EclipseLogger - skip non existing resourceDirectory C:\Edu\Spring\springFramework\workSpace\step06_AOP\src\test\resources
2026-05-11 09:32:27,214 [Worker-20: Building] INFO  o.e.m.c.i.embedder.EclipseLogger - Using 'UTF-8' encoding to copy filtered resources.
2026-05-11 09:32:27,215 [Worker-20: Building] INFO  o.e.m.c.i.embedder.EclipseLogger - Copying 1 resource
2026-05-11 09:32:27,217 [Worker-20: Building] INFO  o.e.m.c.i.embedder.EclipseLogger - Using 'UTF-8' encoding to copy filtered resources.
2026-05-11 09:32:27,217 [Worker-20: Building] INFO  o.e.m.c.i.embedder.EclipseLogger - skip non existing resourceDirectory C:\Edu\Spring\springFramework\workSpace\step06_AOP\src\test\resources
2026-05-11 09:41:12,427 [Worker-26: Building] INFO  o.e.m.c.i.embedder.EclipseLogger - Using 'UTF-8' encoding to copy filtered resources.
2026-05-11 09:41:12,427 [Worker-26: Building] INFO  o.e.m.c.i.embedder.EclipseLogger - Copying 1 resource
2026-05-11 09:41:12,429 [Worker-26: Building] INFO  o.e.m.c.i.embedder.EclipseLogger - Using 'UTF-8' encoding to copy filtered resources.
2026-05-11 09:41:12,429 [Worker-26: Building] INFO  o.e.m.c.i.embedder.EclipseLogger - skip non existing resourceDirectory C:\Edu\Spring\springFramework\workSpace\step06_AOP\src\test\resources
2026-05-11 09:41:23,447 [Worker-25: Building] INFO  o.e.m.c.i.embedder.EclipseLogger - Using 'UTF-8' encoding to copy filtered resources.
2026-05-11 09:41:23,448 [Worker-25: Building] INFO  o.e.m.c.i.embedder.EclipseLogger - Copying 1 resource
2026-05-11 09:41:23,449 [Worker-25: Building] INFO  o.e.m.c.i.embedder.EclipseLogger - Using 'UTF-8' encoding to copy filtered resources.
2026-05-11 09:41:23,449 [Worker-25: Building] INFO  o.e.m.c.i.embedder.EclipseLogger - skip non existing resourceDirectory C:\Edu\Spring\springFramework\workSpace\step06_AOP\src\test\resources
2026-05-11 09:41:33,791 [Worker-23: Building] INFO  o.e.m.c.i.embedder.EclipseLogger - Using 'UTF-8' encoding to copy filtered resources.
2026-05-11 09:41:33,792 [Worker-23: Building] INFO  o.e.m.c.i.embedder.EclipseLogger - Copying 1 resource
2026-05-11 09:41:33,793 [Worker-23: Building] INFO  o.e.m.c.i.embedder.EclipseLogger - Using 'UTF-8' encoding to copy filtered resources.
2026-05-11 09:41:33,793 [Worker-23: Building] INFO  o.e.m.c.i.embedder.EclipseLogger - skip non existing resourceDirectory C:\Edu\Spring\springFramework\workSpace\step06_AOP\src\test\resources
2026-05-11 09:41:38,124 [Worker-24: Building] INFO  o.e.m.c.i.embedder.EclipseLogger - Using 'UTF-8' encoding to copy filtered resources.
2026-05-11 09:41:38,125 [Worker-24: Building] INFO  o.e.m.c.i.embedder.EclipseLogger - Copying 1 resource
2026-05-11 09:41:38,126 [Worker-24: Building] INFO  o.e.m.c.i.embedder.EclipseLogger - Using 'UTF-8' encoding to copy filtered resources.
2026-05-11 09:41:38,126 [Worker-24: Building] INFO  o.e.m.c.i.embedder.EclipseLogger - skip non existing resourceDirectory C:\Edu\Spring\springFramework\workSpace\step06_AOP\src\test\resources
2026-05-11 09:43:56,327 [Worker-25: Building] INFO  o.e.m.c.i.embedder.EclipseLogger - Using 'UTF-8' encoding to copy filtered resources.
2026-05-11 09:43:56,328 [Worker-25: Building] INFO  o.e.m.c.i.embedder.EclipseLogger - Copying 1 resource
2026-05-11 09:43:56,330 [Worker-25: Building] INFO  o.e.m.c.i.embedder.EclipseLogger - Using 'UTF-8' encoding to copy filtered resources.
2026-05-11 09:43:56,331 [Worker-25: Building] INFO  o.e.m.c.i.embedder.EclipseLogger - skip non existing resourceDirectory C:\Edu\Spring\springFramework\workSpace\step06_AOP\src\test\resources
2026-05-11 09:44:03,294 [Worker-28: Building] INFO  o.e.m.c.i.embedder.EclipseLogger - Using 'UTF-8' encoding to copy filtered resources.
2026-05-11 09:44:03,295 [Worker-28: Building] INFO  o.e.m.c.i.embedder.EclipseLogger - Copying 1 resource
2026-05-11 09:44:03,296 [Worker-28: Building] INFO  o.e.m.c.i.embedder.EclipseLogger - Using 'UTF-8' encoding to copy filtered resources.
2026-05-11 09:44:03,296 [Worker-28: Building] INFO  o.e.m.c.i.embedder.EclipseLogger - skip non existing resourceDirectory C:\Edu\Spring\springFramework\workSpace\step06_AOP\src\test\resources
2026-05-11 09:44:10,895 [Worker-24: Building] INFO  o.e.m.c.i.embedder.EclipseLogger - Using 'UTF-8' encoding to copy filtered resources.
2026-05-11 09:44:10,895 [Worker-24: Building] INFO  o.e.m.c.i.embedder.EclipseLogger - Copying 1 resource
2026-05-11 09:44:10,896 [Worker-24: Building] INFO  o.e.m.c.i.embedder.EclipseLogger - Using 'UTF-8' encoding to copy filtered resources.
2026-05-11 09:44:10,897 [Worker-24: Building] INFO  o.e.m.c.i.embedder.EclipseLogger - skip non existing resourceDirectory C:\Edu\Spring\springFramework\workSpace\step06_AOP\src\test\resources
2026-05-11 09:44:15,756 [Worker-29: Building] INFO  o.e.m.c.i.embedder.EclipseLogger - Using 'UTF-8' encoding to copy filtered resources.
2026-05-11 09:44:15,757 [Worker-29: Building] INFO  o.e.m.c.i.embedder.EclipseLogger - Copying 1 resource
2026-05-11 09:44:15,758 [Worker-29: Building] INFO  o.e.m.c.i.embedder.EclipseLogger - Using 'UTF-8' encoding to copy filtered resources.
2026-05-11 09:44:15,758 [Worker-29: Building] INFO  o.e.m.c.i.embedder.EclipseLogger - skip non existing resourceDirectory C:\Edu\Spring\springFramework\workSpace\step06_AOP\src\test\resources
2026-05-11 09:45:53,563 [Worker-27: Building] INFO  o.e.m.c.i.embedder.EclipseLogger - Using 'UTF-8' encoding to copy filtered resources.
2026-05-11 09:45:53,565 [Worker-27: Building] INFO  o.e.m.c.i.embedder.EclipseLogger - Copying 1 resource
2026-05-11 09:45:53,567 [Worker-27: Building] INFO  o.e.m.c.i.embedder.EclipseLogger - Using 'UTF-8' encoding to copy filtered resources.
2026-05-11 09:45:53,567 [Worker-27: Building] INFO  o.e.m.c.i.embedder.EclipseLogger - skip non existing resourceDirectory C:\Edu\Spring\springFramework\workSpace\step06_AOP\src\test\resources
2026-05-11 09:46:01,044 [Worker-25: Building] INFO  o.e.m.c.i.embedder.EclipseLogger - Using 'UTF-8' encoding to copy filtered resources.
2026-05-11 09:46:01,045 [Worker-25: Building] INFO  o.e.m.c.i.embedder.EclipseLogger - Copying 1 resource
2026-05-11 09:46:01,046 [Worker-25: Building] INFO  o.e.m.c.i.embedder.EclipseLogger - Using 'UTF-8' encoding to copy filtered resources.
2026-05-11 09:46:01,046 [Worker-25: Building] INFO  o.e.m.c.i.embedder.EclipseLogger - skip non existing resourceDirectory C:\Edu\Spring\springFramework\workSpace\step06_AOP\src\test\resources
2026-05-11 09:54:10,084 [Worker-32: Building] INFO  o.e.m.c.i.embedder.EclipseLogger - Using 'UTF-8' encoding to copy filtered resources.
2026-05-11 09:54:10,085 [Worker-32: Building] INFO  o.e.m.c.i.embedder.EclipseLogger - Copying 1 resource
2026-05-11 09:54:10,087 [Worker-32: Building] INFO  o.e.m.c.i.embedder.EclipseLogger - Using 'UTF-8' encoding to copy filtered resources.
2026-05-11 09:54:10,087 [Worker-32: Building] INFO  o.e.m.c.i.embedder.EclipseLogger - skip non existing resourceDirectory C:\Edu\Spring\springFramework\workSpace\step06_AOP\src\test\resources
2026-05-11 09:54:51,939 [Worker-34: Building] INFO  o.e.m.c.i.embedder.EclipseLogger - Using 'UTF-8' encoding to copy filtered resources.
2026-05-11 09:54:51,939 [Worker-34: Building] INFO  o.e.m.c.i.embedder.EclipseLogger - Copying 1 resource
2026-05-11 09:54:51,942 [Worker-34: Building] INFO  o.e.m.c.i.embedder.EclipseLogger - Using 'UTF-8' encoding to copy filtered resources.
2026-05-11 09:54:51,942 [Worker-34: Building] INFO  o.e.m.c.i.embedder.EclipseLogger - skip non existing resourceDirectory C:\Edu\Spring\springFramework\workSpace\step06_AOP\src\test\resources
2026-05-11 09:55:45,378 [Worker-37: Building] INFO  o.e.m.c.i.l.LifecycleMappingFactory - Using org.eclipse.m2e.jdt.JarLifecycleMapping lifecycle mapping for MavenProject: kosta.edu.aop:kosta.edu.aop:0.0.1-SNAPSHOT @ C:\Edu\Spring\springFramework\workSpace\step06_AOP\pom.xml.
2026-05-11 09:55:45,594 [Worker-37: Building] INFO  o.e.m.c.i.embedder.EclipseLogger - Using 'UTF-8' encoding to copy filtered resources.
2026-05-11 09:55:45,595 [Worker-37: Building] INFO  o.e.m.c.i.embedder.EclipseLogger - Copying 0 resource
2026-05-11 09:55:45,597 [Worker-37: Building] INFO  o.e.m.c.i.embedder.EclipseLogger - Using 'UTF-8' encoding to copy filtered resources.
2026-05-11 09:55:45,598 [Worker-37: Building] INFO  o.e.m.c.i.embedder.EclipseLogger - skip non existing resourceDirectory C:\Edu\Spring\springFramework\workSpace\step06_AOP\src\test\resources
2026-05-11 09:55:47,071 [Worker-37: Building] INFO  o.e.m.c.i.embedder.EclipseLogger - Using 'UTF-8' encoding to copy filtered resources.
2026-05-11 09:55:47,072 [Worker-37: Building] INFO  o.e.m.c.i.embedder.EclipseLogger - Copying 1 resource
2026-05-11 09:55:47,081 [Worker-37: Building] INFO  o.e.m.c.i.embedder.EclipseLogger - Using 'UTF-8' encoding to copy filtered resources.
2026-05-11 09:55:47,081 [Worker-37: Building] INFO  o.e.m.c.i.embedder.EclipseLogger - skip non existing resourceDirectory C:\Edu\Spring\springFramework\workSpace\step06_AOP\src\test\resources
2026-05-11 09:55:52,164 [Worker-38: Building] INFO  o.e.m.c.i.embedder.EclipseLogger - Using 'UTF-8' encoding to copy filtered resources.
2026-05-11 09:55:52,164 [Worker-38: Building] INFO  o.e.m.c.i.embedder.EclipseLogger - Copying 1 resource
2026-05-11 09:55:52,166 [Worker-38: Building] INFO  o.e.m.c.i.embedder.EclipseLogger - Using 'UTF-8' encoding to copy filtered resources.
2026-05-11 09:55:52,166 [Worker-38: Building] INFO  o.e.m.c.i.embedder.EclipseLogger - skip non existing resourceDirectory C:\Edu\Spring\springFramework\workSpace\step06_AOP\src\test\resources
2026-05-11 09:55:56,187 [Worker-36: Building] INFO  o.e.m.c.i.embedder.EclipseLogger - Using 'UTF-8' encoding to copy filtered resources.
2026-05-11 09:55:56,187 [Worker-36: Building] INFO  o.e.m.c.i.embedder.EclipseLogger - Copying 1 resource
2026-05-11 09:55:56,189 [Worker-36: Building] INFO  o.e.m.c.i.embedder.EclipseLogger - Using 'UTF-8' encoding to copy filtered resources.
2026-05-11 09:55:56,190 [Worker-36: Building] INFO  o.e.m.c.i.embedder.EclipseLogger - skip non existing resourceDirectory C:\Edu\Spring\springFramework\workSpace\step06_AOP\src\test\resources
2026-05-11 09:56:52,887 [Worker-32: Building] INFO  o.e.m.c.i.embedder.EclipseLogger - Using 'UTF-8' encoding to copy filtered resources.
2026-05-11 09:56:52,888 [Worker-32: Building] INFO  o.e.m.c.i.embedder.EclipseLogger - Copying 1 resource
2026-05-11 09:56:52,888 [Worker-32: Building] INFO  o.e.m.c.i.embedder.EclipseLogger - Using 'UTF-8' encoding to copy filtered resources.
2026-05-11 09:56:52,888 [Worker-32: Building] INFO  o.e.m.c.i.embedder.EclipseLogger - skip non existing resourceDirectory C:\Edu\Spring\springFramework\workSpace\step06_AOP\src\test\resources
2026-05-11 09:57:18,981 [Worker-33: Building] INFO  o.e.m.c.i.embedder.EclipseLogger - Using 'UTF-8' encoding to copy filtered resources.
2026-05-11 09:57:18,982 [Worker-33: Building] INFO  o.e.m.c.i.embedder.EclipseLogger - Copying 1 resource
2026-05-11 09:57:18,983 [Worker-33: Building] INFO  o.e.m.c.i.embedder.EclipseLogger - Using 'UTF-8' encoding to copy filtered resources.
2026-05-11 09:57:18,983 [Worker-33: Building] INFO  o.e.m.c.i.embedder.EclipseLogger - skip non existing resourceDirectory C:\Edu\Spring\springFramework\workSpace\step06_AOP\src\test\resources
2026-05-11 09:57:39,160 [Worker-32: Building] INFO  o.e.m.c.i.embedder.EclipseLogger - Using 'UTF-8' encoding to copy filtered resources.
2026-05-11 09:57:39,160 [Worker-32: Building] INFO  o.e.m.c.i.embedder.EclipseLogger - Copying 1 resource
2026-05-11 09:57:39,163 [Worker-32: Building] INFO  o.e.m.c.i.embedder.EclipseLogger - Using 'UTF-8' encoding to copy filtered resources.
2026-05-11 09:57:39,163 [Worker-32: Building] INFO  o.e.m.c.i.embedder.EclipseLogger - skip non existing resourceDirectory C:\Edu\Spring\springFramework\workSpace\step06_AOP\src\test\resources
2026-05-11 09:57:40,232 [Worker-38: Building] INFO  o.e.m.c.i.embedder.EclipseLogger - Using 'UTF-8' encoding to copy filtered resources.
2026-05-11 09:57:40,233 [Worker-38: Building] INFO  o.e.m.c.i.embedder.EclipseLogger - Copying 1 resource
2026-05-11 09:57:40,235 [Worker-38: Building] INFO  o.e.m.c.i.embedder.EclipseLogger - Using 'UTF-8' encoding to copy filtered resources.
2026-05-11 09:57:40,235 [Worker-38: Building] INFO  o.e.m.c.i.embedder.EclipseLogger - skip non existing resourceDirectory C:\Edu\Spring\springFramework\workSpace\step06_AOP\src\test\resources
2026-05-11 09:58:48,538 [Worker-32: Building] INFO  o.e.m.c.i.embedder.EclipseLogger - Using 'UTF-8' encoding to copy filtered resources.
2026-05-11 09:58:48,539 [Worker-32: Building] INFO  o.e.m.c.i.embedder.EclipseLogger - Copying 1 resource
2026-05-11 09:58:48,540 [Worker-32: Building] INFO  o.e.m.c.i.embedder.EclipseLogger - Using 'UTF-8' encoding to copy filtered resources.
2026-05-11 09:58:48,540 [Worker-32: Building] INFO  o.e.m.c.i.embedder.EclipseLogger - skip non existing resourceDirectory C:\Edu\Spring\springFramework\workSpace\step06_AOP\src\test\resources
2026-05-11 09:59:15,126 [Worker-39: Building] INFO  o.e.m.c.i.embedder.EclipseLogger - Using 'UTF-8' encoding to copy filtered resources.
2026-05-11 09:59:15,127 [Worker-39: Building] INFO  o.e.m.c.i.embedder.EclipseLogger - Copying 1 resource
2026-05-11 09:59:15,128 [Worker-39: Building] INFO  o.e.m.c.i.embedder.EclipseLogger - Using 'UTF-8' encoding to copy filtered resources.
2026-05-11 09:59:15,129 [Worker-39: Building] INFO  o.e.m.c.i.embedder.EclipseLogger - skip non existing resourceDirectory C:\Edu\Spring\springFramework\workSpace\step06_AOP\src\test\resources
2026-05-11 09:59:23,505 [Worker-38: Building] INFO  o.e.m.c.i.embedder.EclipseLogger - Using 'UTF-8' encoding to copy filtered resources.
2026-05-11 09:59:23,506 [Worker-38: Building] INFO  o.e.m.c.i.embedder.EclipseLogger - Copying 1 resource
2026-05-11 09:59:23,508 [Worker-38: Building] INFO  o.e.m.c.i.embedder.EclipseLogger - Using 'UTF-8' encoding to copy filtered resources.
2026-05-11 09:59:23,508 [Worker-38: Building] INFO  o.e.m.c.i.embedder.EclipseLogger - skip non existing resourceDirectory C:\Edu\Spring\springFramework\workSpace\step06_AOP\src\test\resources
2026-05-11 09:59:24,529 [Worker-39: Building] INFO  o.e.m.c.i.embedder.EclipseLogger - Using 'UTF-8' encoding to copy filtered resources.
2026-05-11 09:59:24,530 [Worker-39: Building] INFO  o.e.m.c.i.embedder.EclipseLogger - Copying 1 resource
2026-05-11 09:59:24,531 [Worker-39: Building] INFO  o.e.m.c.i.embedder.EclipseLogger - Using 'UTF-8' encoding to copy filtered resources.
2026-05-11 09:59:24,531 [Worker-39: Building] INFO  o.e.m.c.i.embedder.EclipseLogger - skip non existing resourceDirectory C:\Edu\Spring\springFramework\workSpace\step06_AOP\src\test\resources
2026-05-11 09:59:30,405 [Worker-38: Building] INFO  o.e.m.c.i.embedder.EclipseLogger - Using 'UTF-8' encoding to copy filtered resources.
2026-05-11 09:59:30,406 [Worker-38: Building] INFO  o.e.m.c.i.embedder.EclipseLogger - Copying 1 resource
2026-05-11 09:59:30,407 [Worker-38: Building] INFO  o.e.m.c.i.embedder.EclipseLogger - Using 'UTF-8' encoding to copy filtered resources.
2026-05-11 09:59:30,407 [Worker-38: Building] INFO  o.e.m.c.i.embedder.EclipseLogger - skip non existing resourceDirectory C:\Edu\Spring\springFramework\workSpace\step06_AOP\src\test\resources
2026-05-11 09:59:31,470 [Worker-39: Building] INFO  o.e.m.c.i.embedder.EclipseLogger - Using 'UTF-8' encoding to copy filtered resources.
2026-05-11 09:59:31,470 [Worker-39: Building] INFO  o.e.m.c.i.embedder.EclipseLogger - Copying 1 resource
2026-05-11 09:59:31,471 [Worker-39: Building] INFO  o.e.m.c.i.embedder.EclipseLogger - Using 'UTF-8' encoding to copy filtered resources.
2026-05-11 09:59:31,471 [Worker-39: Building] INFO  o.e.m.c.i.embedder.EclipseLogger - skip non existing resourceDirectory C:\Edu\Spring\springFramework\workSpace\step06_AOP\src\test\resources
2026-05-11 10:03:18,380 [Start Help Server] INFO  org.eclipse.jetty.server.Server - jetty-10.0.5; built: 2021-06-11T14:18:43.438Z; git: dc21b2d73cafd78a56e8e532cf50863739bd7027; jvm 11.0.0.1+3-5
2026-05-11 10:03:18,410 [Start Help Server] INFO  o.e.j.s.s.DefaultSessionIdManager - Session workerName=node0
2026-05-11 10:03:18,443 [Start Help Server] INFO  o.e.j.server.handler.ContextHandler - Started o.e.j.s.ServletContextHandler@320db61{/help,null,AVAILABLE}
2026-05-11 10:03:18,464 [Start Help Server] INFO  o.e.jetty.server.AbstractConnector - Started ServerConnector@3ab7e686{HTTP/1.1, (http/1.1)}{127.0.0.1:55866}
2026-05-11 10:03:18,466 [Start Help Server] INFO  org.eclipse.jetty.server.Server - Started Server@25400742{STARTING}[10.0.5,sto=0] @3713592ms
2026-05-11 10:03:34,024 [Worker-43: Building] INFO  o.e.m.c.i.embedder.EclipseLogger - Using 'UTF-8' encoding to copy filtered resources.
2026-05-11 10:03:34,025 [Worker-43: Building] INFO  o.e.m.c.i.embedder.EclipseLogger - Copying 1 resource
2026-05-11 10:03:34,026 [Worker-43: Building] INFO  o.e.m.c.i.embedder.EclipseLogger - Using 'UTF-8' encoding to copy filtered resources.
2026-05-11 10:03:34,026 [Worker-43: Building] INFO  o.e.m.c.i.embedder.EclipseLogger - skip non existing resourceDirectory C:\Edu\Spring\springFramework\workSpace\step06_AOP\src\test\resources
2026-05-11 10:03:46,319 [Worker-41: Building] INFO  o.e.m.c.i.embedder.EclipseLogger - Using 'UTF-8' encoding to copy filtered resources.
2026-05-11 10:03:46,320 [Worker-41: Building] INFO  o.e.m.c.i.embedder.EclipseLogger - Copying 1 resource
2026-05-11 10:03:46,322 [Worker-41: Building] INFO  o.e.m.c.i.embedder.EclipseLogger - Using 'UTF-8' encoding to copy filtered resources.
2026-05-11 10:03:46,322 [Worker-41: Building] INFO  o.e.m.c.i.embedder.EclipseLogger - skip non existing resourceDirectory C:\Edu\Spring\springFramework\workSpace\step06_AOP\src\test\resources
2026-05-11 10:06:51,770 [Worker-43: Building] INFO  o.e.m.c.i.embedder.EclipseLogger - Using 'UTF-8' encoding to copy filtered resources.
2026-05-11 10:06:51,770 [Worker-43: Building] INFO  o.e.m.c.i.embedder.EclipseLogger - Copying 1 resource
2026-05-11 10:06:51,772 [Worker-43: Building] INFO  o.e.m.c.i.embedder.EclipseLogger - Using 'UTF-8' encoding to copy filtered resources.
2026-05-11 10:06:51,772 [Worker-43: Building] INFO  o.e.m.c.i.embedder.EclipseLogger - skip non existing resourceDirectory C:\Edu\Spring\springFramework\workSpace\step06_AOP\src\test\resources
2026-05-11 10:08:55,298 [Worker-48: Building] INFO  o.e.m.c.i.embedder.EclipseLogger - Using 'UTF-8' encoding to copy filtered resources.
2026-05-11 10:08:55,299 [Worker-48: Building] INFO  o.e.m.c.i.embedder.EclipseLogger - Copying 1 resource
2026-05-11 10:08:55,300 [Worker-48: Building] INFO  o.e.m.c.i.embedder.EclipseLogger - Using 'UTF-8' encoding to copy filtered resources.
2026-05-11 10:08:55,300 [Worker-48: Building] INFO  o.e.m.c.i.embedder.EclipseLogger - skip non existing resourceDirectory C:\Edu\Spring\springFramework\workSpace\step06_AOP\src\test\resources
2026-05-11 10:09:38,232 [Worker-49: Building] INFO  o.e.m.c.i.embedder.EclipseLogger - Using 'UTF-8' encoding to copy filtered resources.
2026-05-11 10:09:38,234 [Worker-49: Building] INFO  o.e.m.c.i.embedder.EclipseLogger - Copying 1 resource
2026-05-11 10:09:38,235 [Worker-49: Building] INFO  o.e.m.c.i.embedder.EclipseLogger - Using 'UTF-8' encoding to copy filtered resources.
2026-05-11 10:09:38,235 [Worker-49: Building] INFO  o.e.m.c.i.embedder.EclipseLogger - skip non existing resourceDirectory C:\Edu\Spring\springFramework\workSpace\step06_AOP\src\test\resources
2026-05-11 10:10:13,058 [Worker-49: Building] INFO  o.e.m.c.i.embedder.EclipseLogger - Using 'UTF-8' encoding to copy filtered resources.
2026-05-11 10:10:13,059 [Worker-49: Building] INFO  o.e.m.c.i.embedder.EclipseLogger - Copying 1 resource
2026-05-11 10:10:13,060 [Worker-49: Building] INFO  o.e.m.c.i.embedder.EclipseLogger - Using 'UTF-8' encoding to copy filtered resources.
2026-05-11 10:10:13,060 [Worker-49: Building] INFO  o.e.m.c.i.embedder.EclipseLogger - skip non existing resourceDirectory C:\Edu\Spring\springFramework\workSpace\step06_AOP\src\test\resources
2026-05-11 10:10:32,237 [Worker-48: Building] INFO  o.e.m.c.i.embedder.EclipseLogger - Using 'UTF-8' encoding to copy filtered resources.
2026-05-11 10:10:32,237 [Worker-48: Building] INFO  o.e.m.c.i.embedder.EclipseLogger - Copying 1 resource
2026-05-11 10:10:32,238 [Worker-48: Building] INFO  o.e.m.c.i.embedder.EclipseLogger - Using 'UTF-8' encoding to copy filtered resources.
2026-05-11 10:10:32,238 [Worker-48: Building] INFO  o.e.m.c.i.embedder.EclipseLogger - skip non existing resourceDirectory C:\Edu\Spring\springFramework\workSpace\step06_AOP\src\test\resources
2026-05-11 10:10:36,367 [Worker-48: Building] INFO  o.e.m.c.i.embedder.EclipseLogger - Using 'UTF-8' encoding to copy filtered resources.
2026-05-11 10:10:36,368 [Worker-48: Building] INFO  o.e.m.c.i.embedder.EclipseLogger - Copying 1 resource
2026-05-11 10:10:36,369 [Worker-48: Building] INFO  o.e.m.c.i.embedder.EclipseLogger - Using 'UTF-8' encoding to copy filtered resources.
2026-05-11 10:10:36,369 [Worker-48: Building] INFO  o.e.m.c.i.embedder.EclipseLogger - skip non existing resourceDirectory C:\Edu\Spring\springFramework\workSpace\step06_AOP\src\test\resources
2026-05-11 10:10:43,572 [Worker-40: Building] INFO  o.e.m.c.i.embedder.EclipseLogger - Using 'UTF-8' encoding to copy filtered resources.
2026-05-11 10:10:43,573 [Worker-40: Building] INFO  o.e.m.c.i.embedder.EclipseLogger - Copying 1 resource
2026-05-11 10:10:43,574 [Worker-40: Building] INFO  o.e.m.c.i.embedder.EclipseLogger - Using 'UTF-8' encoding to copy filtered resources.
2026-05-11 10:10:43,574 [Worker-40: Building] INFO  o.e.m.c.i.embedder.EclipseLogger - skip non existing resourceDirectory C:\Edu\Spring\springFramework\workSpace\step06_AOP\src\test\resources
2026-05-11 10:12:29,930 [Worker-48: Building] INFO  o.e.m.c.i.embedder.EclipseLogger - Using 'UTF-8' encoding to copy filtered resources.
2026-05-11 10:12:29,931 [Worker-48: Building] INFO  o.e.m.c.i.embedder.EclipseLogger - Copying 1 resource
2026-05-11 10:12:29,932 [Worker-48: Building] INFO  o.e.m.c.i.embedder.EclipseLogger - Using 'UTF-8' encoding to copy filtered resources.
2026-05-11 10:12:29,932 [Worker-48: Building] INFO  o.e.m.c.i.embedder.EclipseLogger - skip non existing resourceDirectory C:\Edu\Spring\springFramework\workSpace\step06_AOP\src\test\resources
2026-05-11 10:12:30,147 [Worker-48: Building] INFO  o.e.m.c.i.l.LifecycleMappingFactory - Using org.eclipse.m2e.jdt.JarLifecycleMapping lifecycle mapping for MavenProject: kosta.edu.aop:kosta.edu.aop:0.0.1-SNAPSHOT @ C:\Edu\Spring\springFramework\workSpace\step07_AOP_Annotation\pom.xml.
2026-05-11 10:12:30,273 [Worker-48: Building] INFO  o.e.m.c.i.embedder.EclipseLogger - Using 'UTF-8' encoding to copy filtered resources.
2026-05-11 10:12:30,273 [Worker-48: Building] INFO  o.e.m.c.i.embedder.EclipseLogger - Copying 1 resource
2026-05-11 10:12:30,274 [Worker-48: Building] INFO  o.e.m.c.i.embedder.EclipseLogger - Using 'UTF-8' encoding to copy filtered resources.
2026-05-11 10:12:30,274 [Worker-48: Building] INFO  o.e.m.c.i.embedder.EclipseLogger - skip non existing resourceDirectory C:\Edu\Spring\springFramework\workSpace\step07_AOP_Annotation\src\test\resources
2026-05-11 10:12:31,547 [Worker-41: Building] INFO  o.e.m.c.i.embedder.EclipseLogger - Using 'UTF-8' encoding to copy filtered resources.
2026-05-11 10:12:31,548 [Worker-41: Building] INFO  o.e.m.c.i.embedder.EclipseLogger - Copying 1 resource
2026-05-11 10:12:31,549 [Worker-41: Building] INFO  o.e.m.c.i.embedder.EclipseLogger - Using 'UTF-8' encoding to copy filtered resources.
2026-05-11 10:12:31,549 [Worker-41: Building] INFO  o.e.m.c.i.embedder.EclipseLogger - skip non existing resourceDirectory C:\Edu\Spring\springFramework\workSpace\step07_AOP_Annotation\src\test\resources
2026-05-11 10:12:54,082 [Worker-48: Building] INFO  o.e.m.c.i.l.LifecycleMappingFactory - Using org.eclipse.m2e.jdt.JarLifecycleMapping lifecycle mapping for MavenProject: kosta.edu.aop:kosta.edu.aop:0.0.1-SNAPSHOT @ C:\Edu\Spring\springFramework\workSpace\step07_AOP_Annotation\pom.xml.
2026-05-11 10:12:54,217 [Worker-48: Building] INFO  o.e.m.c.i.embedder.EclipseLogger - Using 'UTF-8' encoding to copy filtered resources.
2026-05-11 10:12:54,218 [Worker-48: Building] INFO  o.e.m.c.i.embedder.EclipseLogger - Copying 1 resource
2026-05-11 10:12:54,222 [Worker-48: Building] INFO  o.e.m.c.i.embedder.EclipseLogger - Using 'UTF-8' encoding to copy filtered resources.
2026-05-11 10:12:54,222 [Worker-48: Building] INFO  o.e.m.c.i.embedder.EclipseLogger - skip non existing resourceDirectory C:\Edu\Spring\springFramework\workSpace\step07_AOP_Annotation\src\test\resources
2026-05-11 10:12:55,579 [Worker-50: Building] INFO  o.e.m.c.i.embedder.EclipseLogger - Using 'UTF-8' encoding to copy filtered resources.
2026-05-11 10:12:55,580 [Worker-50: Building] INFO  o.e.m.c.i.embedder.EclipseLogger - Copying 1 resource
2026-05-11 10:12:55,582 [Worker-50: Building] INFO  o.e.m.c.i.embedder.EclipseLogger - Using 'UTF-8' encoding to copy filtered resources.
2026-05-11 10:12:55,583 [Worker-50: Building] INFO  o.e.m.c.i.embedder.EclipseLogger - skip non existing resourceDirectory C:\Edu\Spring\springFramework\workSpace\step07_AOP_Annotation\src\test\resources
2026-05-11 10:15:46,980 [Worker-54: Building] INFO  o.e.m.c.i.embedder.EclipseLogger - Using 'UTF-8' encoding to copy filtered resources.
2026-05-11 10:15:46,980 [Worker-54: Building] INFO  o.e.m.c.i.embedder.EclipseLogger - Copying 1 resource
2026-05-11 10:15:46,981 [Worker-54: Building] INFO  o.e.m.c.i.embedder.EclipseLogger - Using 'UTF-8' encoding to copy filtered resources.
2026-05-11 10:15:46,982 [Worker-54: Building] INFO  o.e.m.c.i.embedder.EclipseLogger - skip non existing resourceDirectory C:\Edu\Spring\springFramework\workSpace\step07_AOP_Annotation\src\test\resources
2026-05-11 10:34:50,886 [Worker-60: Building] INFO  o.e.m.c.i.embedder.EclipseLogger - Using 'UTF-8' encoding to copy filtered resources.
2026-05-11 10:34:50,888 [Worker-60: Building] INFO  o.e.m.c.i.embedder.EclipseLogger - Copying 1 resource
2026-05-11 10:34:50,889 [Worker-60: Building] INFO  o.e.m.c.i.embedder.EclipseLogger - Using 'UTF-8' encoding to copy filtered resources.
2026-05-11 10:34:50,889 [Worker-60: Building] INFO  o.e.m.c.i.embedder.EclipseLogger - skip non existing resourceDirectory C:\Edu\Spring\springFramework\workSpace\step07_AOP_Annotation\src\test\resources
2026-05-11 10:35:02,516 [Worker-58: Building] INFO  o.e.m.c.i.embedder.EclipseLogger - Using 'UTF-8' encoding to copy filtered resources.
2026-05-11 10:35:02,517 [Worker-58: Building] INFO  o.e.m.c.i.embedder.EclipseLogger - Copying 1 resource
2026-05-11 10:35:02,518 [Worker-58: Building] INFO  o.e.m.c.i.embedder.EclipseLogger - Using 'UTF-8' encoding to copy filtered resources.
2026-05-11 10:35:02,518 [Worker-58: Building] INFO  o.e.m.c.i.embedder.EclipseLogger - skip non existing resourceDirectory C:\Edu\Spring\springFramework\workSpace\step07_AOP_Annotation\src\test\resources
2026-05-11 10:35:10,711 [Worker-59: Building] INFO  o.e.m.c.i.embedder.EclipseLogger - Using 'UTF-8' encoding to copy filtered resources.
2026-05-11 10:35:10,712 [Worker-59: Building] INFO  o.e.m.c.i.embedder.EclipseLogger - Copying 1 resource
2026-05-11 10:35:10,713 [Worker-59: Building] INFO  o.e.m.c.i.embedder.EclipseLogger - Using 'UTF-8' encoding to copy filtered resources.
2026-05-11 10:35:10,713 [Worker-59: Building] INFO  o.e.m.c.i.embedder.EclipseLogger - skip non existing resourceDirectory C:\Edu\Spring\springFramework\workSpace\step07_AOP_Annotation\src\test\resources
2026-05-11 10:35:27,964 [Worker-61: Building] INFO  o.e.m.c.i.embedder.EclipseLogger - Using 'UTF-8' encoding to copy filtered resources.
2026-05-11 10:35:27,965 [Worker-61: Building] INFO  o.e.m.c.i.embedder.EclipseLogger - Copying 1 resource
2026-05-11 10:35:27,967 [Worker-61: Building] INFO  o.e.m.c.i.embedder.EclipseLogger - Using 'UTF-8' encoding to copy filtered resources.
2026-05-11 10:35:27,967 [Worker-61: Building] INFO  o.e.m.c.i.embedder.EclipseLogger - skip non existing resourceDirectory C:\Edu\Spring\springFramework\workSpace\step07_AOP_Annotation\src\test\resources
2026-05-11 10:35:29,148 [Worker-62: Building] INFO  o.e.m.c.i.embedder.EclipseLogger - Using 'UTF-8' encoding to copy filtered resources.
2026-05-11 10:35:29,148 [Worker-62: Building] INFO  o.e.m.c.i.embedder.EclipseLogger - Copying 1 resource
2026-05-11 10:35:29,150 [Worker-62: Building] INFO  o.e.m.c.i.embedder.EclipseLogger - Using 'UTF-8' encoding to copy filtered resources.
2026-05-11 10:35:29,150 [Worker-62: Building] INFO  o.e.m.c.i.embedder.EclipseLogger - skip non existing resourceDirectory C:\Edu\Spring\springFramework\workSpace\step07_AOP_Annotation\src\test\resources
2026-05-11 10:35:33,856 [Worker-54: Building] INFO  o.e.m.c.i.embedder.EclipseLogger - Using 'UTF-8' encoding to copy filtered resources.
2026-05-11 10:35:33,857 [Worker-54: Building] INFO  o.e.m.c.i.embedder.EclipseLogger - Copying 1 resource
2026-05-11 10:35:33,858 [Worker-54: Building] INFO  o.e.m.c.i.embedder.EclipseLogger - Using 'UTF-8' encoding to copy filtered resources.
2026-05-11 10:35:33,858 [Worker-54: Building] INFO  o.e.m.c.i.embedder.EclipseLogger - skip non existing resourceDirectory C:\Edu\Spring\springFramework\workSpace\step07_AOP_Annotation\src\test\resources
2026-05-11 10:35:57,962 [Worker-59: Building] INFO  o.e.m.c.i.embedder.EclipseLogger - Using 'UTF-8' encoding to copy filtered resources.
2026-05-11 10:35:57,963 [Worker-59: Building] INFO  o.e.m.c.i.embedder.EclipseLogger - Copying 1 resource
2026-05-11 10:35:57,964 [Worker-59: Building] INFO  o.e.m.c.i.embedder.EclipseLogger - Using 'UTF-8' encoding to copy filtered resources.
2026-05-11 10:35:57,964 [Worker-59: Building] INFO  o.e.m.c.i.embedder.EclipseLogger - skip non existing resourceDirectory C:\Edu\Spring\springFramework\workSpace\step07_AOP_Annotation\src\test\resources
2026-05-11 10:36:00,916 [Worker-58: Building] INFO  o.e.m.c.i.embedder.EclipseLogger - Using 'UTF-8' encoding to copy filtered resources.
2026-05-11 10:36:00,916 [Worker-58: Building] INFO  o.e.m.c.i.embedder.EclipseLogger - Copying 1 resource
2026-05-11 10:36:00,917 [Worker-58: Building] INFO  o.e.m.c.i.embedder.EclipseLogger - Using 'UTF-8' encoding to copy filtered resources.
2026-05-11 10:36:00,917 [Worker-58: Building] INFO  o.e.m.c.i.embedder.EclipseLogger - skip non existing resourceDirectory C:\Edu\Spring\springFramework\workSpace\step07_AOP_Annotation\src\test\resources
2026-05-11 10:36:05,692 [Worker-59: Building] INFO  o.e.m.c.i.embedder.EclipseLogger - Using 'UTF-8' encoding to copy filtered resources.
2026-05-11 10:36:05,692 [Worker-59: Building] INFO  o.e.m.c.i.embedder.EclipseLogger - Copying 1 resource
2026-05-11 10:36:05,694 [Worker-59: Building] INFO  o.e.m.c.i.embedder.EclipseLogger - Using 'UTF-8' encoding to copy filtered resources.
2026-05-11 10:36:05,695 [Worker-59: Building] INFO  o.e.m.c.i.embedder.EclipseLogger - skip non existing resourceDirectory C:\Edu\Spring\springFramework\workSpace\step07_AOP_Annotation\src\test\resources
2026-05-11 10:36:46,175 [Worker-58: Building] INFO  o.e.m.c.i.embedder.EclipseLogger - Using 'UTF-8' encoding to copy filtered resources.
2026-05-11 10:36:46,176 [Worker-58: Building] INFO  o.e.m.c.i.embedder.EclipseLogger - Copying 1 resource
2026-05-11 10:36:46,178 [Worker-58: Building] INFO  o.e.m.c.i.embedder.EclipseLogger - Using 'UTF-8' encoding to copy filtered resources.
2026-05-11 10:36:46,178 [Worker-58: Building] INFO  o.e.m.c.i.embedder.EclipseLogger - skip non existing resourceDirectory C:\Edu\Spring\springFramework\workSpace\step07_AOP_Annotation\src\test\resources
2026-05-11 10:36:57,333 [Worker-58: Building] INFO  o.e.m.c.i.embedder.EclipseLogger - Using 'UTF-8' encoding to copy filtered resources.
2026-05-11 10:36:57,333 [Worker-58: Building] INFO  o.e.m.c.i.embedder.EclipseLogger - Copying 1 resource
2026-05-11 10:36:57,335 [Worker-58: Building] INFO  o.e.m.c.i.embedder.EclipseLogger - Using 'UTF-8' encoding to copy filtered resources.
2026-05-11 10:36:57,335 [Worker-58: Building] INFO  o.e.m.c.i.embedder.EclipseLogger - skip non existing resourceDirectory C:\Edu\Spring\springFramework\workSpace\step07_AOP_Annotation\src\test\resources
2026-05-11 10:37:24,982 [Worker-62: Building] INFO  o.e.m.c.i.embedder.EclipseLogger - Using 'UTF-8' encoding to copy filtered resources.
2026-05-11 10:37:24,983 [Worker-62: Building] INFO  o.e.m.c.i.embedder.EclipseLogger - Copying 1 resource
2026-05-11 10:37:24,984 [Worker-62: Building] INFO  o.e.m.c.i.embedder.EclipseLogger - Using 'UTF-8' encoding to copy filtered resources.
2026-05-11 10:37:24,984 [Worker-62: Building] INFO  o.e.m.c.i.embedder.EclipseLogger - skip non existing resourceDirectory C:\Edu\Spring\springFramework\workSpace\step07_AOP_Annotation\src\test\resources
2026-05-11 10:38:19,750 [Worker-58: Building] INFO  o.e.m.c.i.embedder.EclipseLogger - Using 'UTF-8' encoding to copy filtered resources.
2026-05-11 10:38:19,751 [Worker-58: Building] INFO  o.e.m.c.i.embedder.EclipseLogger - Copying 1 resource
2026-05-11 10:38:19,752 [Worker-58: Building] INFO  o.e.m.c.i.embedder.EclipseLogger - Using 'UTF-8' encoding to copy filtered resources.
2026-05-11 10:38:19,752 [Worker-58: Building] INFO  o.e.m.c.i.embedder.EclipseLogger - skip non existing resourceDirectory C:\Edu\Spring\springFramework\workSpace\step07_AOP_Annotation\src\test\resources
2026-05-11 10:38:27,045 [Worker-64: Building] INFO  o.e.m.c.i.embedder.EclipseLogger - Using 'UTF-8' encoding to copy filtered resources.
2026-05-11 10:38:27,045 [Worker-64: Building] INFO  o.e.m.c.i.embedder.EclipseLogger - Copying 1 resource
2026-05-11 10:38:27,046 [Worker-64: Building] INFO  o.e.m.c.i.embedder.EclipseLogger - Using 'UTF-8' encoding to copy filtered resources.
2026-05-11 10:38:27,047 [Worker-64: Building] INFO  o.e.m.c.i.embedder.EclipseLogger - skip non existing resourceDirectory C:\Edu\Spring\springFramework\workSpace\step07_AOP_Annotation\src\test\resources
2026-05-11 10:38:29,074 [Worker-60: Building] INFO  o.e.m.c.i.embedder.EclipseLogger - Using 'UTF-8' encoding to copy filtered resources.
2026-05-11 10:38:29,075 [Worker-60: Building] INFO  o.e.m.c.i.embedder.EclipseLogger - Copying 1 resource
2026-05-11 10:38:29,076 [Worker-60: Building] INFO  o.e.m.c.i.embedder.EclipseLogger - Using 'UTF-8' encoding to copy filtered resources.
2026-05-11 10:38:29,076 [Worker-60: Building] INFO  o.e.m.c.i.embedder.EclipseLogger - skip non existing resourceDirectory C:\Edu\Spring\springFramework\workSpace\step07_AOP_Annotation\src\test\resources
2026-05-11 10:38:33,388 [Worker-64: Building] INFO  o.e.m.c.i.embedder.EclipseLogger - Using 'UTF-8' encoding to copy filtered resources.
2026-05-11 10:38:33,388 [Worker-64: Building] INFO  o.e.m.c.i.embedder.EclipseLogger - Copying 1 resource
2026-05-11 10:38:33,389 [Worker-64: Building] INFO  o.e.m.c.i.embedder.EclipseLogger - Using 'UTF-8' encoding to copy filtered resources.
2026-05-11 10:38:33,389 [Worker-64: Building] INFO  o.e.m.c.i.embedder.EclipseLogger - skip non existing resourceDirectory C:\Edu\Spring\springFramework\workSpace\step07_AOP_Annotation\src\test\resources
2026-05-11 10:38:38,979 [Worker-65: Building] INFO  o.e.m.c.i.embedder.EclipseLogger - Using 'UTF-8' encoding to copy filtered resources.
2026-05-11 10:38:38,980 [Worker-65: Building] INFO  o.e.m.c.i.embedder.EclipseLogger - Copying 1 resource
2026-05-11 10:38:38,981 [Worker-65: Building] INFO  o.e.m.c.i.embedder.EclipseLogger - Using 'UTF-8' encoding to copy filtered resources.
2026-05-11 10:38:38,981 [Worker-65: Building] INFO  o.e.m.c.i.embedder.EclipseLogger - skip non existing resourceDirectory C:\Edu\Spring\springFramework\workSpace\step07_AOP_Annotation\src\test\resources
2026-05-11 10:38:57,218 [Worker-63: Building] INFO  o.e.m.c.i.embedder.EclipseLogger - Using 'UTF-8' encoding to copy filtered resources.
2026-05-11 10:38:57,218 [Worker-63: Building] INFO  o.e.m.c.i.embedder.EclipseLogger - Copying 1 resource
2026-05-11 10:38:57,221 [Worker-63: Building] INFO  o.e.m.c.i.embedder.EclipseLogger - Using 'UTF-8' encoding to copy filtered resources.
2026-05-11 10:38:57,221 [Worker-63: Building] INFO  o.e.m.c.i.embedder.EclipseLogger - skip non existing resourceDirectory C:\Edu\Spring\springFramework\workSpace\step07_AOP_Annotation\src\test\resources
2026-05-11 10:38:58,286 [Worker-58: Building] INFO  o.e.m.c.i.embedder.EclipseLogger - Using 'UTF-8' encoding to copy filtered resources.
2026-05-11 10:38:58,286 [Worker-58: Building] INFO  o.e.m.c.i.embedder.EclipseLogger - Copying 1 resource
2026-05-11 10:38:58,287 [Worker-58: Building] INFO  o.e.m.c.i.embedder.EclipseLogger - Using 'UTF-8' encoding to copy filtered resources.
2026-05-11 10:38:58,287 [Worker-58: Building] INFO  o.e.m.c.i.embedder.EclipseLogger - skip non existing resourceDirectory C:\Edu\Spring\springFramework\workSpace\step07_AOP_Annotation\src\test\resources
2026-05-11 10:39:17,599 [Worker-61: Building] INFO  o.e.m.c.i.embedder.EclipseLogger - Using 'UTF-8' encoding to copy filtered resources.
2026-05-11 10:39:17,599 [Worker-61: Building] INFO  o.e.m.c.i.embedder.EclipseLogger - Copying 1 resource
2026-05-11 10:39:17,600 [Worker-61: Building] INFO  o.e.m.c.i.embedder.EclipseLogger - Using 'UTF-8' encoding to copy filtered resources.
2026-05-11 10:39:17,600 [Worker-61: Building] INFO  o.e.m.c.i.embedder.EclipseLogger - skip non existing resourceDirectory C:\Edu\Spring\springFramework\workSpace\step07_AOP_Annotation\src\test\resources
2026-05-11 10:39:18,715 [Worker-63: Building] INFO  o.e.m.c.i.embedder.EclipseLogger - Using 'UTF-8' encoding to copy filtered resources.
2026-05-11 10:39:18,716 [Worker-63: Building] INFO  o.e.m.c.i.embedder.EclipseLogger - Copying 1 resource
2026-05-11 10:39:18,717 [Worker-63: Building] INFO  o.e.m.c.i.embedder.EclipseLogger - Using 'UTF-8' encoding to copy filtered resources.
2026-05-11 10:39:18,717 [Worker-63: Building] INFO  o.e.m.c.i.embedder.EclipseLogger - skip non existing resourceDirectory C:\Edu\Spring\springFramework\workSpace\step07_AOP_Annotation\src\test\resources
2026-05-11 10:39:24,280 [Worker-64: Building] INFO  o.e.m.c.i.embedder.EclipseLogger - Using 'UTF-8' encoding to copy filtered resources.
2026-05-11 10:39:24,281 [Worker-64: Building] INFO  o.e.m.c.i.embedder.EclipseLogger - Copying 1 resource
2026-05-11 10:39:24,282 [Worker-64: Building] INFO  o.e.m.c.i.embedder.EclipseLogger - Using 'UTF-8' encoding to copy filtered resources.
2026-05-11 10:39:24,282 [Worker-64: Building] INFO  o.e.m.c.i.embedder.EclipseLogger - skip non existing resourceDirectory C:\Edu\Spring\springFramework\workSpace\step07_AOP_Annotation\src\test\resources
2026-05-11 10:39:38,282 [Worker-62: Building] INFO  o.e.m.c.i.embedder.EclipseLogger - Using 'UTF-8' encoding to copy filtered resources.
2026-05-11 10:39:38,283 [Worker-62: Building] INFO  o.e.m.c.i.embedder.EclipseLogger - Copying 1 resource
2026-05-11 10:39:38,284 [Worker-62: Building] INFO  o.e.m.c.i.embedder.EclipseLogger - Using 'UTF-8' encoding to copy filtered resources.
2026-05-11 10:39:38,284 [Worker-62: Building] INFO  o.e.m.c.i.embedder.EclipseLogger - skip non existing resourceDirectory C:\Edu\Spring\springFramework\workSpace\step07_AOP_Annotation\src\test\resources
2026-05-11 10:39:48,254 [Worker-59: Building] INFO  o.e.m.c.i.embedder.EclipseLogger - Using 'UTF-8' encoding to copy filtered resources.
2026-05-11 10:39:48,255 [Worker-59: Building] INFO  o.e.m.c.i.embedder.EclipseLogger - Copying 1 resource
2026-05-11 10:39:48,257 [Worker-59: Building] INFO  o.e.m.c.i.embedder.EclipseLogger - Using 'UTF-8' encoding to copy filtered resources.
2026-05-11 10:39:48,257 [Worker-59: Building] INFO  o.e.m.c.i.embedder.EclipseLogger - skip non existing resourceDirectory C:\Edu\Spring\springFramework\workSpace\step07_AOP_Annotation\src\test\resources
2026-05-11 10:39:53,191 [Worker-63: Building] INFO  o.e.m.c.i.embedder.EclipseLogger - Using 'UTF-8' encoding to copy filtered resources.
2026-05-11 10:39:53,192 [Worker-63: Building] INFO  o.e.m.c.i.embedder.EclipseLogger - Copying 1 resource
2026-05-11 10:39:53,192 [Worker-63: Building] INFO  o.e.m.c.i.embedder.EclipseLogger - Using 'UTF-8' encoding to copy filtered resources.
2026-05-11 10:39:53,193 [Worker-63: Building] INFO  o.e.m.c.i.embedder.EclipseLogger - skip non existing resourceDirectory C:\Edu\Spring\springFramework\workSpace\step07_AOP_Annotation\src\test\resources
2026-05-11 10:39:56,620 [Worker-61: Building] INFO  o.e.m.c.i.embedder.EclipseLogger - Using 'UTF-8' encoding to copy filtered resources.
2026-05-11 10:39:56,620 [Worker-61: Building] INFO  o.e.m.c.i.embedder.EclipseLogger - Copying 1 resource
2026-05-11 10:39:56,621 [Worker-61: Building] INFO  o.e.m.c.i.embedder.EclipseLogger - Using 'UTF-8' encoding to copy filtered resources.
2026-05-11 10:39:56,621 [Worker-61: Building] INFO  o.e.m.c.i.embedder.EclipseLogger - skip non existing resourceDirectory C:\Edu\Spring\springFramework\workSpace\step07_AOP_Annotation\src\test\resources
2026-05-11 17:51:41,921 [Stop Help Server] INFO  org.eclipse.jetty.server.Server - Stopped Server@25400742{STOPPING}[10.0.5,sto=0]
2026-05-11 17:51:41,948 [Stop Help Server] INFO  o.e.jetty.server.AbstractConnector - Stopped ServerConnector@3ab7e686{HTTP/1.1, (http/1.1)}{127.0.0.1:0}
2026-05-11 17:51:42,273 [Stop Help Server] INFO  o.e.j.server.handler.ContextHandler - Stopped o.e.j.s.ServletContextHandler@320db61{/help,null,STOPPED}
2026-05-12 09:27:17,891 [Worker-6: Loading available Gradle versions] INFO  o.e.b.c.i.u.g.PublishedGradleVersions - Gradle version information cache is out-of-date. Trying to update.
2026-05-12 09:44:55,312 [Worker-19: Building workspace] INFO  o.e.m.c.i.l.LifecycleMappingFactory - Using org.maven.ide.eclipse.wtp.WarLifecycleMapping lifecycle mapping for MavenProject: kosta.web:controller:1.0.0-BUILD-SNAPSHOT @ C:\Edu\Spring\springFramework\workSpace\step11_SpringMVC\pom.xml.
2026-05-12 09:44:57,834 [Worker-19: Building workspace] WARN  o.e.m.c.i.embedder.EclipseLogger - Using platform encoding (MS949 actually) to copy filtered resources, i.e. build is platform dependent!
2026-05-12 09:44:57,839 [Worker-19: Building workspace] INFO  o.e.m.c.i.embedder.EclipseLogger - Copying 1 resource
2026-05-12 09:44:57,856 [Worker-19: Building workspace] WARN  o.e.m.c.i.embedder.EclipseLogger - Using platform encoding (MS949 actually) to copy filtered resources, i.e. build is platform dependent!
2026-05-12 09:44:57,857 [Worker-19: Building workspace] INFO  o.e.m.c.i.embedder.EclipseLogger - Copying 1 resource
2026-05-12 09:44:58,544 [Worker-24: Building] WARN  o.e.m.c.i.embedder.EclipseLogger - Using platform encoding (MS949 actually) to copy filtered resources, i.e. build is platform dependent!
2026-05-12 09:44:58,549 [Worker-24: Building] INFO  o.e.m.c.i.embedder.EclipseLogger - Copying 1 resource
2026-05-12 09:44:58,553 [Worker-24: Building] WARN  o.e.m.c.i.embedder.EclipseLogger - Using platform encoding (MS949 actually) to copy filtered resources, i.e. build is platform dependent!
2026-05-12 09:44:58,554 [Worker-24: Building] INFO  o.e.m.c.i.embedder.EclipseLogger - Copying 1 resource
2026-05-12 09:45:29,003 [Worker-23: Building] INFO  o.e.m.c.i.l.LifecycleMappingFactory - Using org.maven.ide.eclipse.wtp.WarLifecycleMapping lifecycle mapping for MavenProject: kosta.web:controller:1.0.0-BUILD-SNAPSHOT @ C:\Edu\Spring\springFramework\workSpace\step11_SpringMVC\pom.xml.
2026-05-12 09:45:29,367 [Worker-23: Building] WARN  o.e.m.c.i.embedder.EclipseLogger - Using platform encoding (MS949 actually) to copy filtered resources, i.e. build is platform dependent!
2026-05-12 09:45:29,369 [Worker-23: Building] INFO  o.e.m.c.i.embedder.EclipseLogger - Copying 0 resource
2026-05-12 09:45:29,371 [Worker-23: Building] WARN  o.e.m.c.i.embedder.EclipseLogger - Using platform encoding (MS949 actually) to copy filtered resources, i.e. build is platform dependent!
2026-05-12 09:45:29,372 [Worker-23: Building] INFO  o.e.m.c.i.embedder.EclipseLogger - Copying 0 resource
2026-05-12 09:45:29,373 [Worker-23: Building] INFO  o.e.m.w.i.f.ResourceFilteringBuildParticipant - Changed resources require a complete clean of filtered resources of step11_SpringMVC
2026-05-12 09:45:29,374 [Worker-23: Building] INFO  o.e.m.w.i.f.ResourceFilteringBuildParticipant - Executing resource filtering for step11_SpringMVC
2026-05-12 09:45:29,378 [Worker-23: Building] WARN  o.e.m.c.i.embedder.EclipseLogger - Using platform encoding (MS949 actually) to copy filtered resources, i.e. build is platform dependent!
2026-05-12 09:45:39,115 [Worker-20: Building] INFO  o.e.m.c.i.l.LifecycleMappingFactory - Using org.maven.ide.eclipse.wtp.WarLifecycleMapping lifecycle mapping for MavenProject: kosta.web:controller:1.0.0-BUILD-SNAPSHOT @ C:\Edu\Spring\springFramework\workSpace\step11_SpringMVC\pom.xml.
2026-05-12 09:45:39,451 [Worker-20: Building] WARN  o.e.m.c.i.embedder.EclipseLogger - Using platform encoding (MS949 actually) to copy filtered resources, i.e. build is platform dependent!
2026-05-12 09:45:39,453 [Worker-20: Building] INFO  o.e.m.c.i.embedder.EclipseLogger - Copying 0 resource
2026-05-12 09:45:39,454 [Worker-20: Building] WARN  o.e.m.c.i.embedder.EclipseLogger - Using platform encoding (MS949 actually) to copy filtered resources, i.e. build is platform dependent!
2026-05-12 09:45:39,455 [Worker-20: Building] INFO  o.e.m.c.i.embedder.EclipseLogger - Copying 0 resource
2026-05-12 09:45:39,455 [Worker-20: Building] INFO  o.e.m.w.i.f.ResourceFilteringBuildParticipant - Changed resources require a complete clean of filtered resources of step11_SpringMVC
2026-05-12 09:45:39,456 [Worker-20: Building] INFO  o.e.m.w.i.f.ResourceFilteringBuildParticipant - Executing resource filtering for step11_SpringMVC
2026-05-12 09:45:39,459 [Worker-20: Building] WARN  o.e.m.c.i.embedder.EclipseLogger - Using platform encoding (MS949 actually) to copy filtered resources, i.e. build is platform dependent!
2026-05-12 09:45:41,229 [Worker-25: Building] WARN  o.e.m.c.i.embedder.EclipseLogger - Using platform encoding (MS949 actually) to copy filtered resources, i.e. build is platform dependent!
2026-05-12 09:45:41,231 [Worker-25: Building] INFO  o.e.m.c.i.embedder.EclipseLogger - Copying 1 resource
2026-05-12 09:45:41,240 [Worker-25: Building] WARN  o.e.m.c.i.embedder.EclipseLogger - Using platform encoding (MS949 actually) to copy filtered resources, i.e. build is platform dependent!
2026-05-12 09:45:41,242 [Worker-25: Building] INFO  o.e.m.c.i.embedder.EclipseLogger - Copying 1 resource
2026-05-12 09:47:07,930 [Worker-24: Building] WARN  o.e.m.c.i.embedder.EclipseLogger - Using platform encoding (MS949 actually) to copy filtered resources, i.e. build is platform dependent!
2026-05-12 09:47:07,932 [Worker-24: Building] INFO  o.e.m.c.i.embedder.EclipseLogger - Copying 1 resource
2026-05-12 09:47:07,935 [Worker-24: Building] WARN  o.e.m.c.i.embedder.EclipseLogger - Using platform encoding (MS949 actually) to copy filtered resources, i.e. build is platform dependent!
2026-05-12 09:47:07,936 [Worker-24: Building] INFO  o.e.m.c.i.embedder.EclipseLogger - Copying 1 resource
2026-05-12 09:47:17,694 [Worker-23: Building] WARN  o.e.m.c.i.embedder.EclipseLogger - Using platform encoding (MS949 actually) to copy filtered resources, i.e. build is platform dependent!
2026-05-12 09:47:17,696 [Worker-23: Building] INFO  o.e.m.c.i.embedder.EclipseLogger - Copying 1 resource
2026-05-12 09:47:17,698 [Worker-23: Building] WARN  o.e.m.c.i.embedder.EclipseLogger - Using platform encoding (MS949 actually) to copy filtered resources, i.e. build is platform dependent!
2026-05-12 09:47:17,700 [Worker-23: Building] INFO  o.e.m.c.i.embedder.EclipseLogger - Copying 1 resource
2026-05-12 09:47:40,627 [Worker-26: Building Project step11_SpringMVC] WARN  o.e.m.c.i.embedder.EclipseLogger - Using platform encoding (MS949 actually) to copy filtered resources, i.e. build is platform dependent!
2026-05-12 09:47:40,628 [Worker-26: Building Project step11_SpringMVC] INFO  o.e.m.c.i.embedder.EclipseLogger - Copying 1 resource
2026-05-12 09:47:40,631 [Worker-26: Building Project step11_SpringMVC] WARN  o.e.m.c.i.embedder.EclipseLogger - Using platform encoding (MS949 actually) to copy filtered resources, i.e. build is platform dependent!
2026-05-12 09:47:40,632 [Worker-26: Building Project step11_SpringMVC] INFO  o.e.m.c.i.embedder.EclipseLogger - Copying 1 resource
2026-05-12 10:16:40,878 [Worker-35: Building] INFO  o.e.m.c.i.l.LifecycleMappingFactory - Using org.maven.ide.eclipse.wtp.WarLifecycleMapping lifecycle mapping for MavenProject: kosta.web:controller:1.0.0-BUILD-SNAPSHOT @ C:\Edu\Spring\springFramework\workSpace\step11_SpringMVC\pom.xml.
2026-05-12 10:16:41,208 [Worker-35: Building] WARN  o.e.m.c.i.embedder.EclipseLogger - Using platform encoding (MS949 actually) to copy filtered resources, i.e. build is platform dependent!
2026-05-12 10:16:41,210 [Worker-35: Building] INFO  o.e.m.c.i.embedder.EclipseLogger - Copying 0 resource
2026-05-12 10:16:41,211 [Worker-35: Building] WARN  o.e.m.c.i.embedder.EclipseLogger - Using platform encoding (MS949 actually) to copy filtered resources, i.e. build is platform dependent!
2026-05-12 10:16:41,212 [Worker-35: Building] INFO  o.e.m.c.i.embedder.EclipseLogger - Copying 0 resource
2026-05-12 10:16:41,213 [Worker-35: Building] INFO  o.e.m.w.i.f.ResourceFilteringBuildParticipant - Changed resources require a complete clean of filtered resources of step11_SpringMVC
2026-05-12 10:16:41,213 [Worker-35: Building] INFO  o.e.m.w.i.f.ResourceFilteringBuildParticipant - Executing resource filtering for step11_SpringMVC
2026-05-12 10:16:41,216 [Worker-35: Building] WARN  o.e.m.c.i.embedder.EclipseLogger - Using platform encoding (MS949 actually) to copy filtered resources, i.e. build is platform dependent!
2026-05-12 10:21:43,801 [Worker-35: Building] WARN  o.e.m.c.i.embedder.EclipseLogger - Using platform encoding (MS949 actually) to copy filtered resources, i.e. build is platform dependent!
2026-05-12 10:21:43,802 [Worker-35: Building] INFO  o.e.m.c.i.embedder.EclipseLogger - Copying 0 resource
2026-05-12 10:21:43,803 [Worker-35: Building] WARN  o.e.m.c.i.embedder.EclipseLogger - Using platform encoding (MS949 actually) to copy filtered resources, i.e. build is platform dependent!
2026-05-12 10:21:43,804 [Worker-35: Building] INFO  o.e.m.c.i.embedder.EclipseLogger - Copying 0 resource
2026-05-12 10:23:18,185 [Worker-41: Building] WARN  o.e.m.c.i.embedder.EclipseLogger - Using platform encoding (MS949 actually) to copy filtered resources, i.e. build is platform dependent!
2026-05-12 10:23:18,186 [Worker-41: Building] INFO  o.e.m.c.i.embedder.EclipseLogger - Copying 1 resource
2026-05-12 10:23:18,190 [Worker-41: Building] WARN  o.e.m.c.i.embedder.EclipseLogger - Using platform encoding (MS949 actually) to copy filtered resources, i.e. build is platform dependent!
2026-05-12 10:23:18,191 [Worker-41: Building] INFO  o.e.m.c.i.embedder.EclipseLogger - Copying 0 resource
2026-05-12 10:25:45,720 [Worker-40: Building] WARN  o.e.m.c.i.embedder.EclipseLogger - Using platform encoding (MS949 actually) to copy filtered resources, i.e. build is platform dependent!
2026-05-12 10:25:45,722 [Worker-40: Building] INFO  o.e.m.c.i.embedder.EclipseLogger - Copying 0 resource
2026-05-12 10:25:45,723 [Worker-40: Building] WARN  o.e.m.c.i.embedder.EclipseLogger - Using platform encoding (MS949 actually) to copy filtered resources, i.e. build is platform dependent!
2026-05-12 10:25:45,723 [Worker-40: Building] INFO  o.e.m.c.i.embedder.EclipseLogger - Copying 0 resource
2026-05-12 10:26:14,562 [Worker-45: Building] WARN  o.e.m.c.i.embedder.EclipseLogger - Using platform encoding (MS949 actually) to copy filtered resources, i.e. build is platform dependent!
2026-05-12 10:26:14,563 [Worker-45: Building] INFO  o.e.m.c.i.embedder.EclipseLogger - Copying 1 resource
2026-05-12 10:26:14,564 [Worker-45: Building] WARN  o.e.m.c.i.embedder.EclipseLogger - Using platform encoding (MS949 actually) to copy filtered resources, i.e. build is platform dependent!
2026-05-12 10:26:14,566 [Worker-45: Building] INFO  o.e.m.c.i.embedder.EclipseLogger - Copying 0 resource
2026-05-12 10:26:23,737 [Start Help Server] INFO  org.eclipse.jetty.server.Server - jetty-10.0.5; built: 2021-06-11T14:18:43.438Z; git: dc21b2d73cafd78a56e8e532cf50863739bd7027; jvm 11.0.0.1+3-5
2026-05-12 10:26:23,767 [Start Help Server] INFO  o.e.j.s.s.DefaultSessionIdManager - Session workerName=node0
2026-05-12 10:26:23,801 [Start Help Server] INFO  o.e.j.server.handler.ContextHandler - Started o.e.j.s.ServletContextHandler@446bc437{/help,null,AVAILABLE}
2026-05-12 10:26:23,821 [Start Help Server] INFO  o.e.jetty.server.AbstractConnector - Started ServerConnector@105e46ca{HTTP/1.1, (http/1.1)}{127.0.0.1:57369}
2026-05-12 10:26:23,837 [Start Help Server] INFO  org.eclipse.jetty.server.Server - Started Server@3a3347cf{STARTING}[10.0.5,sto=0] @3609571ms
2026-05-12 10:27:20,140 [Worker-27: Building] WARN  o.e.m.c.i.embedder.EclipseLogger - Using platform encoding (MS949 actually) to copy filtered resources, i.e. build is platform dependent!
2026-05-12 10:27:20,142 [Worker-27: Building] INFO  o.e.m.c.i.embedder.EclipseLogger - Copying 1 resource
2026-05-12 10:27:20,143 [Worker-27: Building] WARN  o.e.m.c.i.embedder.EclipseLogger - Using platform encoding (MS949 actually) to copy filtered resources, i.e. build is platform dependent!
2026-05-12 10:27:20,144 [Worker-27: Building] INFO  o.e.m.c.i.embedder.EclipseLogger - Copying 0 resource
2026-05-12 10:28:02,479 [Worker-43: Building] WARN  o.e.m.c.i.embedder.EclipseLogger - Using platform encoding (MS949 actually) to copy filtered resources, i.e. build is platform dependent!
2026-05-12 10:28:02,481 [Worker-43: Building] INFO  o.e.m.c.i.embedder.EclipseLogger - Copying 1 resource
2026-05-12 10:28:02,481 [Worker-43: Building] WARN  o.e.m.c.i.embedder.EclipseLogger - Using platform encoding (MS949 actually) to copy filtered resources, i.e. build is platform dependent!
2026-05-12 10:28:02,482 [Worker-43: Building] INFO  o.e.m.c.i.embedder.EclipseLogger - Copying 0 resource
2026-05-12 10:28:56,435 [Worker-44: Building] WARN  o.e.m.c.i.embedder.EclipseLogger - Using platform encoding (MS949 actually) to copy filtered resources, i.e. build is platform dependent!
2026-05-12 10:28:56,437 [Worker-44: Building] INFO  o.e.m.c.i.embedder.EclipseLogger - Copying 0 resource
2026-05-12 10:28:56,438 [Worker-44: Building] WARN  o.e.m.c.i.embedder.EclipseLogger - Using platform encoding (MS949 actually) to copy filtered resources, i.e. build is platform dependent!
2026-05-12 10:28:56,439 [Worker-44: Building] INFO  o.e.m.c.i.embedder.EclipseLogger - Copying 0 resource
2026-05-12 10:29:11,918 [Worker-45: Building] WARN  o.e.m.c.i.embedder.EclipseLogger - Using platform encoding (MS949 actually) to copy filtered resources, i.e. build is platform dependent!
2026-05-12 10:29:11,919 [Worker-45: Building] INFO  o.e.m.c.i.embedder.EclipseLogger - Copying 0 resource
2026-05-12 10:29:11,920 [Worker-45: Building] WARN  o.e.m.c.i.embedder.EclipseLogger - Using platform encoding (MS949 actually) to copy filtered resources, i.e. build is platform dependent!
2026-05-12 10:29:11,921 [Worker-45: Building] INFO  o.e.m.c.i.embedder.EclipseLogger - Copying 0 resource
2026-05-12 10:29:14,875 [Worker-43: Building] WARN  o.e.m.c.i.embedder.EclipseLogger - Using platform encoding (MS949 actually) to copy filtered resources, i.e. build is platform dependent!
2026-05-12 10:29:14,877 [Worker-43: Building] INFO  o.e.m.c.i.embedder.EclipseLogger - Copying 1 resource
2026-05-12 10:29:14,878 [Worker-43: Building] WARN  o.e.m.c.i.embedder.EclipseLogger - Using platform encoding (MS949 actually) to copy filtered resources, i.e. build is platform dependent!
2026-05-12 10:29:14,879 [Worker-43: Building] INFO  o.e.m.c.i.embedder.EclipseLogger - Copying 0 resource
2026-05-12 10:32:33,677 [Worker-37: Building] WARN  o.e.m.c.i.embedder.EclipseLogger - Using platform encoding (MS949 actually) to copy filtered resources, i.e. build is platform dependent!
2026-05-12 10:32:33,678 [Worker-37: Building] INFO  o.e.m.c.i.embedder.EclipseLogger - Copying 1 resource
2026-05-12 10:32:33,679 [Worker-37: Building] WARN  o.e.m.c.i.embedder.EclipseLogger - Using platform encoding (MS949 actually) to copy filtered resources, i.e. build is platform dependent!
2026-05-12 10:32:33,680 [Worker-37: Building] INFO  o.e.m.c.i.embedder.EclipseLogger - Copying 0 resource
2026-05-12 10:32:46,504 [Worker-47: Building] WARN  o.e.m.c.i.embedder.EclipseLogger - Using platform encoding (MS949 actually) to copy filtered resources, i.e. build is platform dependent!
2026-05-12 10:32:46,505 [Worker-47: Building] INFO  o.e.m.c.i.embedder.EclipseLogger - Copying 0 resource
2026-05-12 10:32:46,506 [Worker-47: Building] WARN  o.e.m.c.i.embedder.EclipseLogger - Using platform encoding (MS949 actually) to copy filtered resources, i.e. build is platform dependent!
2026-05-12 10:32:46,507 [Worker-47: Building] INFO  o.e.m.c.i.embedder.EclipseLogger - Copying 0 resource
2026-05-12 10:33:17,795 [Worker-47: Building] WARN  o.e.m.c.i.embedder.EclipseLogger - Using platform encoding (MS949 actually) to copy filtered resources, i.e. build is platform dependent!
2026-05-12 10:33:17,796 [Worker-47: Building] INFO  o.e.m.c.i.embedder.EclipseLogger - Copying 0 resource
2026-05-12 10:33:17,797 [Worker-47: Building] WARN  o.e.m.c.i.embedder.EclipseLogger - Using platform encoding (MS949 actually) to copy filtered resources, i.e. build is platform dependent!
2026-05-12 10:33:17,798 [Worker-47: Building] INFO  o.e.m.c.i.embedder.EclipseLogger - Copying 0 resource
2026-05-12 10:33:41,429 [Worker-43: Building] WARN  o.e.m.c.i.embedder.EclipseLogger - Using platform encoding (MS949 actually) to copy filtered resources, i.e. build is platform dependent!
2026-05-12 10:33:41,430 [Worker-43: Building] INFO  o.e.m.c.i.embedder.EclipseLogger - Copying 0 resource
2026-05-12 10:33:41,431 [Worker-43: Building] WARN  o.e.m.c.i.embedder.EclipseLogger - Using platform encoding (MS949 actually) to copy filtered resources, i.e. build is platform dependent!
2026-05-12 10:33:41,432 [Worker-43: Building] INFO  o.e.m.c.i.embedder.EclipseLogger - Copying 0 resource
2026-05-12 10:47:34,173 [Worker-53: Building] WARN  o.e.m.c.i.embedder.EclipseLogger - Using platform encoding (MS949 actually) to copy filtered resources, i.e. build is platform dependent!
2026-05-12 10:47:34,174 [Worker-53: Building] INFO  o.e.m.c.i.embedder.EclipseLogger - Copying 0 resource
2026-05-12 10:47:34,175 [Worker-53: Building] WARN  o.e.m.c.i.embedder.EclipseLogger - Using platform encoding (MS949 actually) to copy filtered resources, i.e. build is platform dependent!
2026-05-12 10:47:34,176 [Worker-53: Building] INFO  o.e.m.c.i.embedder.EclipseLogger - Copying 0 resource
2026-05-12 10:50:03,925 [Worker-53: Building] WARN  o.e.m.c.i.embedder.EclipseLogger - Using platform encoding (MS949 actually) to copy filtered resources, i.e. build is platform dependent!
2026-05-12 10:50:03,926 [Worker-53: Building] INFO  o.e.m.c.i.embedder.EclipseLogger - Copying 1 resource
2026-05-12 10:50:03,928 [Worker-53: Building] WARN  o.e.m.c.i.embedder.EclipseLogger - Using platform encoding (MS949 actually) to copy filtered resources, i.e. build is platform dependent!
2026-05-12 10:50:03,929 [Worker-53: Building] INFO  o.e.m.c.i.embedder.EclipseLogger - Copying 0 resource
2026-05-12 10:55:01,654 [Worker-59: Building] WARN  o.e.m.c.i.embedder.EclipseLogger - Using platform encoding (MS949 actually) to copy filtered resources, i.e. build is platform dependent!
2026-05-12 10:55:01,656 [Worker-59: Building] INFO  o.e.m.c.i.embedder.EclipseLogger - Copying 1 resource
2026-05-12 10:55:01,657 [Worker-59: Building] WARN  o.e.m.c.i.embedder.EclipseLogger - Using platform encoding (MS949 actually) to copy filtered resources, i.e. build is platform dependent!
2026-05-12 10:55:01,657 [Worker-59: Building] INFO  o.e.m.c.i.embedder.EclipseLogger - Copying 0 resource
2026-05-12 10:57:08,417 [Worker-63: Building] WARN  o.e.m.c.i.embedder.EclipseLogger - Using platform encoding (MS949 actually) to copy filtered resources, i.e. build is platform dependent!
2026-05-12 10:57:08,418 [Worker-63: Building] INFO  o.e.m.c.i.embedder.EclipseLogger - Copying 1 resource
2026-05-12 10:57:08,419 [Worker-63: Building] WARN  o.e.m.c.i.embedder.EclipseLogger - Using platform encoding (MS949 actually) to copy filtered resources, i.e. build is platform dependent!
2026-05-12 10:57:08,420 [Worker-63: Building] INFO  o.e.m.c.i.embedder.EclipseLogger - Copying 0 resource
2026-05-12 11:27:36,736 [Worker-75: Building] WARN  o.e.m.c.i.embedder.EclipseLogger - Using platform encoding (MS949 actually) to copy filtered resources, i.e. build is platform dependent!
2026-05-12 11:27:36,738 [Worker-75: Building] INFO  o.e.m.c.i.embedder.EclipseLogger - Copying 1 resource
2026-05-12 11:27:36,739 [Worker-75: Building] WARN  o.e.m.c.i.embedder.EclipseLogger - Using platform encoding (MS949 actually) to copy filtered resources, i.e. build is platform dependent!
2026-05-12 11:27:36,740 [Worker-75: Building] INFO  o.e.m.c.i.embedder.EclipseLogger - Copying 0 resource
2026-05-12 11:28:12,189 [Worker-73: Building] WARN  o.e.m.c.i.embedder.EclipseLogger - Using platform encoding (MS949 actually) to copy filtered resources, i.e. build is platform dependent!
2026-05-12 11:28:12,190 [Worker-73: Building] INFO  o.e.m.c.i.embedder.EclipseLogger - Copying 1 resource
2026-05-12 11:28:12,191 [Worker-73: Building] WARN  o.e.m.c.i.embedder.EclipseLogger - Using platform encoding (MS949 actually) to copy filtered resources, i.e. build is platform dependent!
2026-05-12 11:28:12,192 [Worker-73: Building] INFO  o.e.m.c.i.embedder.EclipseLogger - Copying 0 resource
2026-05-12 11:29:30,883 [Worker-73: Building] WARN  o.e.m.c.i.embedder.EclipseLogger - Using platform encoding (MS949 actually) to copy filtered resources, i.e. build is platform dependent!
2026-05-12 11:29:30,885 [Worker-73: Building] INFO  o.e.m.c.i.embedder.EclipseLogger - Copying 1 resource
2026-05-12 11:29:30,886 [Worker-73: Building] WARN  o.e.m.c.i.embedder.EclipseLogger - Using platform encoding (MS949 actually) to copy filtered resources, i.e. build is platform dependent!
2026-05-12 11:29:30,887 [Worker-73: Building] INFO  o.e.m.c.i.embedder.EclipseLogger - Copying 0 resource
2026-05-12 11:31:32,562 [Worker-73: Building] WARN  o.e.m.c.i.embedder.EclipseLogger - Using platform encoding (MS949 actually) to copy filtered resources, i.e. build is platform dependent!
2026-05-12 11:31:32,563 [Worker-73: Building] INFO  o.e.m.c.i.embedder.EclipseLogger - Copying 1 resource
2026-05-12 11:31:32,564 [Worker-73: Building] WARN  o.e.m.c.i.embedder.EclipseLogger - Using platform encoding (MS949 actually) to copy filtered resources, i.e. build is platform dependent!
2026-05-12 11:31:32,565 [Worker-73: Building] INFO  o.e.m.c.i.embedder.EclipseLogger - Copying 0 resource
2026-05-12 11:32:11,440 [Worker-76: Building] WARN  o.e.m.c.i.embedder.EclipseLogger - Using platform encoding (MS949 actually) to copy filtered resources, i.e. build is platform dependent!
2026-05-12 11:32:11,441 [Worker-76: Building] INFO  o.e.m.c.i.embedder.EclipseLogger - Copying 0 resource
2026-05-12 11:32:11,443 [Worker-76: Building] WARN  o.e.m.c.i.embedder.EclipseLogger - Using platform encoding (MS949 actually) to copy filtered resources, i.e. build is platform dependent!
2026-05-12 11:32:11,444 [Worker-76: Building] INFO  o.e.m.c.i.embedder.EclipseLogger - Copying 0 resource
2026-05-12 11:32:27,605 [Worker-71: Building] WARN  o.e.m.c.i.embedder.EclipseLogger - Using platform encoding (MS949 actually) to copy filtered resources, i.e. build is platform dependent!
2026-05-12 11:32:27,606 [Worker-71: Building] INFO  o.e.m.c.i.embedder.EclipseLogger - Copying 0 resource
2026-05-12 11:32:27,607 [Worker-71: Building] WARN  o.e.m.c.i.embedder.EclipseLogger - Using platform encoding (MS949 actually) to copy filtered resources, i.e. build is platform dependent!
2026-05-12 11:32:27,608 [Worker-71: Building] INFO  o.e.m.c.i.embedder.EclipseLogger - Copying 0 resource
2026-05-12 11:33:04,355 [Worker-76: Building] WARN  o.e.m.c.i.embedder.EclipseLogger - Using platform encoding (MS949 actually) to copy filtered resources, i.e. build is platform dependent!
2026-05-12 11:33:04,356 [Worker-76: Building] INFO  o.e.m.c.i.embedder.EclipseLogger - Copying 0 resource
2026-05-12 11:33:04,357 [Worker-76: Building] WARN  o.e.m.c.i.embedder.EclipseLogger - Using platform encoding (MS949 actually) to copy filtered resources, i.e. build is platform dependent!
2026-05-12 11:33:04,358 [Worker-76: Building] INFO  o.e.m.c.i.embedder.EclipseLogger - Copying 0 resource
2026-05-12 11:38:09,382 [Worker-71: Building] WARN  o.e.m.c.i.embedder.EclipseLogger - Using platform encoding (MS949 actually) to copy filtered resources, i.e. build is platform dependent!
2026-05-12 11:38:09,384 [Worker-71: Building] INFO  o.e.m.c.i.embedder.EclipseLogger - Copying 1 resource
2026-05-12 11:38:09,385 [Worker-71: Building] WARN  o.e.m.c.i.embedder.EclipseLogger - Using platform encoding (MS949 actually) to copy filtered resources, i.e. build is platform dependent!
2026-05-12 11:38:09,385 [Worker-71: Building] INFO  o.e.m.c.i.embedder.EclipseLogger - Copying 0 resource
2026-05-12 11:45:25,907 [Worker-80: Building] WARN  o.e.m.c.i.embedder.EclipseLogger - Using platform encoding (MS949 actually) to copy filtered resources, i.e. build is platform dependent!
2026-05-12 11:45:25,909 [Worker-80: Building] INFO  o.e.m.c.i.embedder.EclipseLogger - Copying 1 resource
2026-05-12 11:45:25,910 [Worker-80: Building] WARN  o.e.m.c.i.embedder.EclipseLogger - Using platform encoding (MS949 actually) to copy filtered resources, i.e. build is platform dependent!
2026-05-12 11:45:25,910 [Worker-80: Building] INFO  o.e.m.c.i.embedder.EclipseLogger - Copying 0 resource
2026-05-12 11:45:36,078 [Worker-86: Building] WARN  o.e.m.c.i.embedder.EclipseLogger - Using platform encoding (MS949 actually) to copy filtered resources, i.e. build is platform dependent!
2026-05-12 11:45:36,078 [Worker-86: Building] INFO  o.e.m.c.i.embedder.EclipseLogger - Copying 1 resource
2026-05-12 11:45:36,079 [Worker-86: Building] WARN  o.e.m.c.i.embedder.EclipseLogger - Using platform encoding (MS949 actually) to copy filtered resources, i.e. build is platform dependent!
2026-05-12 11:45:36,080 [Worker-86: Building] INFO  o.e.m.c.i.embedder.EclipseLogger - Copying 0 resource
2026-05-12 11:46:40,910 [Worker-85: Building] WARN  o.e.m.c.i.embedder.EclipseLogger - Using platform encoding (MS949 actually) to copy filtered resources, i.e. build is platform dependent!
2026-05-12 11:46:40,911 [Worker-85: Building] INFO  o.e.m.c.i.embedder.EclipseLogger - Copying 0 resource
2026-05-12 11:46:40,912 [Worker-85: Building] WARN  o.e.m.c.i.embedder.EclipseLogger - Using platform encoding (MS949 actually) to copy filtered resources, i.e. build is platform dependent!
2026-05-12 11:46:40,913 [Worker-85: Building] INFO  o.e.m.c.i.embedder.EclipseLogger - Copying 0 resource
2026-05-12 11:49:00,224 [Worker-87: Building] WARN  o.e.m.c.i.embedder.EclipseLogger - Using platform encoding (MS949 actually) to copy filtered resources, i.e. build is platform dependent!
2026-05-12 11:49:00,225 [Worker-87: Building] INFO  o.e.m.c.i.embedder.EclipseLogger - Copying 1 resource
2026-05-12 11:49:00,226 [Worker-87: Building] WARN  o.e.m.c.i.embedder.EclipseLogger - Using platform encoding (MS949 actually) to copy filtered resources, i.e. build is platform dependent!
2026-05-12 11:49:00,227 [Worker-87: Building] INFO  o.e.m.c.i.embedder.EclipseLogger - Copying 0 resource
2026-05-12 11:49:36,129 [Worker-87: Building] WARN  o.e.m.c.i.embedder.EclipseLogger - Using platform encoding (MS949 actually) to copy filtered resources, i.e. build is platform dependent!
2026-05-12 11:49:36,130 [Worker-87: Building] INFO  o.e.m.c.i.embedder.EclipseLogger - Copying 1 resource
2026-05-12 11:49:36,131 [Worker-87: Building] WARN  o.e.m.c.i.embedder.EclipseLogger - Using platform encoding (MS949 actually) to copy filtered resources, i.e. build is platform dependent!
2026-05-12 11:49:36,132 [Worker-87: Building] INFO  o.e.m.c.i.embedder.EclipseLogger - Copying 0 resource
2026-05-12 11:51:14,701 [Worker-88: Building] WARN  o.e.m.c.i.embedder.EclipseLogger - Using platform encoding (MS949 actually) to copy filtered resources, i.e. build is platform dependent!
2026-05-12 11:51:14,703 [Worker-88: Building] INFO  o.e.m.c.i.embedder.EclipseLogger - Copying 1 resource
2026-05-12 11:51:14,705 [Worker-88: Building] WARN  o.e.m.c.i.embedder.EclipseLogger - Using platform encoding (MS949 actually) to copy filtered resources, i.e. build is platform dependent!
2026-05-12 11:51:14,706 [Worker-88: Building] INFO  o.e.m.c.i.embedder.EclipseLogger - Copying 0 resource
2026-05-12 11:59:01,621 [Worker-94: Building] WARN  o.e.m.c.i.embedder.EclipseLogger - Using platform encoding (MS949 actually) to copy filtered resources, i.e. build is platform dependent!
2026-05-12 11:59:01,623 [Worker-94: Building] INFO  o.e.m.c.i.embedder.EclipseLogger - Copying 1 resource
2026-05-12 11:59:01,624 [Worker-94: Building] WARN  o.e.m.c.i.embedder.EclipseLogger - Using platform encoding (MS949 actually) to copy filtered resources, i.e. build is platform dependent!
2026-05-12 11:59:01,625 [Worker-94: Building] INFO  o.e.m.c.i.embedder.EclipseLogger - Copying 0 resource
2026-05-12 12:01:43,289 [Worker-94: Building] WARN  o.e.m.c.i.embedder.EclipseLogger - Using platform encoding (MS949 actually) to copy filtered resources, i.e. build is platform dependent!
2026-05-12 12:01:43,290 [Worker-94: Building] INFO  o.e.m.c.i.embedder.EclipseLogger - Copying 0 resource
2026-05-12 12:01:43,290 [Worker-94: Building] WARN  o.e.m.c.i.embedder.EclipseLogger - Using platform encoding (MS949 actually) to copy filtered resources, i.e. build is platform dependent!
2026-05-12 12:01:43,291 [Worker-94: Building] INFO  o.e.m.c.i.embedder.EclipseLogger - Copying 0 resource
2026-05-12 12:02:04,664 [Worker-97: Building] WARN  o.e.m.c.i.embedder.EclipseLogger - Using platform encoding (MS949 actually) to copy filtered resources, i.e. build is platform dependent!
2026-05-12 12:02:04,665 [Worker-97: Building] INFO  o.e.m.c.i.embedder.EclipseLogger - Copying 0 resource
2026-05-12 12:02:04,666 [Worker-97: Building] WARN  o.e.m.c.i.embedder.EclipseLogger - Using platform encoding (MS949 actually) to copy filtered resources, i.e. build is platform dependent!
2026-05-12 12:02:04,666 [Worker-97: Building] INFO  o.e.m.c.i.embedder.EclipseLogger - Copying 0 resource
2026-05-12 12:10:59,550 [Worker-104: Building] WARN  o.e.m.c.i.embedder.EclipseLogger - Using platform encoding (MS949 actually) to copy filtered resources, i.e. build is platform dependent!
2026-05-12 12:10:59,552 [Worker-104: Building] INFO  o.e.m.c.i.embedder.EclipseLogger - Copying 1 resource
2026-05-12 12:10:59,553 [Worker-104: Building] WARN  o.e.m.c.i.embedder.EclipseLogger - Using platform encoding (MS949 actually) to copy filtered resources, i.e. build is platform dependent!
2026-05-12 12:10:59,554 [Worker-104: Building] INFO  o.e.m.c.i.embedder.EclipseLogger - Copying 0 resource
2026-05-12 12:14:59,874 [Worker-106: Building] WARN  o.e.m.c.i.embedder.EclipseLogger - Using platform encoding (MS949 actually) to copy filtered resources, i.e. build is platform dependent!
2026-05-12 12:14:59,875 [Worker-106: Building] INFO  o.e.m.c.i.embedder.EclipseLogger - Copying 0 resource
2026-05-12 12:14:59,876 [Worker-106: Building] WARN  o.e.m.c.i.embedder.EclipseLogger - Using platform encoding (MS949 actually) to copy filtered resources, i.e. build is platform dependent!
2026-05-12 12:14:59,876 [Worker-106: Building] INFO  o.e.m.c.i.embedder.EclipseLogger - Copying 0 resource
2026-05-12 12:17:07,191 [Worker-105: Building] WARN  o.e.m.c.i.embedder.EclipseLogger - Using platform encoding (MS949 actually) to copy filtered resources, i.e. build is platform dependent!
2026-05-12 12:17:07,193 [Worker-105: Building] INFO  o.e.m.c.i.embedder.EclipseLogger - Copying 1 resource
2026-05-12 12:17:07,194 [Worker-105: Building] WARN  o.e.m.c.i.embedder.EclipseLogger - Using platform encoding (MS949 actually) to copy filtered resources, i.e. build is platform dependent!
2026-05-12 12:17:07,195 [Worker-105: Building] INFO  o.e.m.c.i.embedder.EclipseLogger - Copying 0 resource
2026-05-12 12:20:42,706 [Worker-111: Building] WARN  o.e.m.c.i.embedder.EclipseLogger - Using platform encoding (MS949 actually) to copy filtered resources, i.e. build is platform dependent!
2026-05-12 12:20:42,708 [Worker-111: Building] INFO  o.e.m.c.i.embedder.EclipseLogger - Copying 1 resource
2026-05-12 12:20:42,709 [Worker-111: Building] WARN  o.e.m.c.i.embedder.EclipseLogger - Using platform encoding (MS949 actually) to copy filtered resources, i.e. build is platform dependent!
2026-05-12 12:20:42,709 [Worker-111: Building] INFO  o.e.m.c.i.embedder.EclipseLogger - Copying 0 resource
2026-05-12 12:26:33,731 [Worker-116: Building] WARN  o.e.m.c.i.embedder.EclipseLogger - Using platform encoding (MS949 actually) to copy filtered resources, i.e. build is platform dependent!
2026-05-12 12:26:33,733 [Worker-116: Building] INFO  o.e.m.c.i.embedder.EclipseLogger - Copying 1 resource
2026-05-12 12:26:33,734 [Worker-116: Building] WARN  o.e.m.c.i.embedder.EclipseLogger - Using platform encoding (MS949 actually) to copy filtered resources, i.e. build is platform dependent!
2026-05-12 12:26:33,734 [Worker-116: Building] INFO  o.e.m.c.i.embedder.EclipseLogger - Copying 0 resource
2026-05-12 12:29:04,545 [Worker-120: Building] WARN  o.e.m.c.i.embedder.EclipseLogger - Using platform encoding (MS949 actually) to copy filtered resources, i.e. build is platform dependent!
2026-05-12 12:29:04,546 [Worker-120: Building] INFO  o.e.m.c.i.embedder.EclipseLogger - Copying 1 resource
2026-05-12 12:29:04,547 [Worker-120: Building] WARN  o.e.m.c.i.embedder.EclipseLogger - Using platform encoding (MS949 actually) to copy filtered resources, i.e. build is platform dependent!
2026-05-12 12:29:04,548 [Worker-120: Building] INFO  o.e.m.c.i.embedder.EclipseLogger - Copying 0 resource
2026-05-12 12:29:11,894 [Worker-120: Building] WARN  o.e.m.c.i.embedder.EclipseLogger - Using platform encoding (MS949 actually) to copy filtered resources, i.e. build is platform dependent!
2026-05-12 12:29:11,895 [Worker-120: Building] INFO  o.e.m.c.i.embedder.EclipseLogger - Copying 1 resource
2026-05-12 12:29:11,896 [Worker-120: Building] WARN  o.e.m.c.i.embedder.EclipseLogger - Using platform encoding (MS949 actually) to copy filtered resources, i.e. build is platform dependent!
2026-05-12 12:29:11,897 [Worker-120: Building] INFO  o.e.m.c.i.embedder.EclipseLogger - Copying 0 resource
2026-05-12 12:29:22,519 [Worker-121: Building] WARN  o.e.m.c.i.embedder.EclipseLogger - Using platform encoding (MS949 actually) to copy filtered resources, i.e. build is platform dependent!
2026-05-12 12:29:22,520 [Worker-121: Building] INFO  o.e.m.c.i.embedder.EclipseLogger - Copying 1 resource
2026-05-12 12:29:22,521 [Worker-121: Building] WARN  o.e.m.c.i.embedder.EclipseLogger - Using platform encoding (MS949 actually) to copy filtered resources, i.e. build is platform dependent!
2026-05-12 12:29:22,522 [Worker-121: Building] INFO  o.e.m.c.i.embedder.EclipseLogger - Copying 0 resource
2026-05-12 12:33:34,480 [Worker-126: Building] INFO  o.e.m.c.i.l.LifecycleMappingFactory - Using org.maven.ide.eclipse.wtp.WarLifecycleMapping lifecycle mapping for MavenProject: kosta.web:controller:1.0.0-BUILD-SNAPSHOT @ C:\Edu\Spring\springFramework\workSpace\step11_SpringMVC\pom.xml.
2026-05-12 12:33:35,901 [Worker-126: Building] WARN  o.e.m.c.i.embedder.EclipseLogger - Using platform encoding (MS949 actually) to copy filtered resources, i.e. build is platform dependent!
2026-05-12 12:33:35,903 [Worker-126: Building] INFO  o.e.m.c.i.embedder.EclipseLogger - Copying 0 resource
2026-05-12 12:33:35,904 [Worker-126: Building] WARN  o.e.m.c.i.embedder.EclipseLogger - Using platform encoding (MS949 actually) to copy filtered resources, i.e. build is platform dependent!
2026-05-12 12:33:35,905 [Worker-126: Building] INFO  o.e.m.c.i.embedder.EclipseLogger - Copying 0 resource
2026-05-12 12:33:35,905 [Worker-126: Building] INFO  o.e.m.w.i.f.ResourceFilteringBuildParticipant - Changed resources require a complete clean of filtered resources of step11_SpringMVC
2026-05-12 12:33:35,905 [Worker-126: Building] INFO  o.e.m.w.i.f.ResourceFilteringBuildParticipant - Executing resource filtering for step11_SpringMVC
2026-05-12 12:33:35,907 [Worker-126: Building] WARN  o.e.m.c.i.embedder.EclipseLogger - Using platform encoding (MS949 actually) to copy filtered resources, i.e. build is platform dependent!
2026-05-12 12:33:37,333 [Worker-118: Building] WARN  o.e.m.c.i.embedder.EclipseLogger - Using platform encoding (MS949 actually) to copy filtered resources, i.e. build is platform dependent!
2026-05-12 12:33:37,336 [Worker-118: Building] INFO  o.e.m.c.i.embedder.EclipseLogger - Copying 1 resource
2026-05-12 12:33:37,343 [Worker-118: Building] WARN  o.e.m.c.i.embedder.EclipseLogger - Using platform encoding (MS949 actually) to copy filtered resources, i.e. build is platform dependent!
2026-05-12 12:33:37,345 [Worker-118: Building] INFO  o.e.m.c.i.embedder.EclipseLogger - Copying 1 resource
2026-05-12 12:36:06,520 [Worker-118: Building] WARN  o.e.m.c.i.embedder.EclipseLogger - Using platform encoding (MS949 actually) to copy filtered resources, i.e. build is platform dependent!
2026-05-12 12:36:06,522 [Worker-118: Building] INFO  o.e.m.c.i.embedder.EclipseLogger - Copying 1 resource
2026-05-12 12:36:06,524 [Worker-118: Building] WARN  o.e.m.c.i.embedder.EclipseLogger - Using platform encoding (MS949 actually) to copy filtered resources, i.e. build is platform dependent!
2026-05-12 12:36:06,525 [Worker-118: Building] INFO  o.e.m.c.i.embedder.EclipseLogger - Copying 0 resource
2026-05-12 14:11:55,711 [Worker-153: Building] WARN  o.e.m.c.i.embedder.EclipseLogger - Using platform encoding (MS949 actually) to copy filtered resources, i.e. build is platform dependent!
2026-05-12 14:11:55,713 [Worker-153: Building] INFO  o.e.m.c.i.embedder.EclipseLogger - Copying 1 resource
2026-05-12 14:11:55,714 [Worker-153: Building] WARN  o.e.m.c.i.embedder.EclipseLogger - Using platform encoding (MS949 actually) to copy filtered resources, i.e. build is platform dependent!
2026-05-12 14:11:55,715 [Worker-153: Building] INFO  o.e.m.c.i.embedder.EclipseLogger - Copying 0 resource
2026-05-12 14:15:35,251 [Worker-154: Building] WARN  o.e.m.c.i.embedder.EclipseLogger - Using platform encoding (MS949 actually) to copy filtered resources, i.e. build is platform dependent!
2026-05-12 14:15:35,253 [Worker-154: Building] INFO  o.e.m.c.i.embedder.EclipseLogger - Copying 1 resource
2026-05-12 14:15:35,254 [Worker-154: Building] WARN  o.e.m.c.i.embedder.EclipseLogger - Using platform encoding (MS949 actually) to copy filtered resources, i.e. build is platform dependent!
2026-05-12 14:15:35,255 [Worker-154: Building] INFO  o.e.m.c.i.embedder.EclipseLogger - Copying 0 resource
2026-05-12 14:18:22,116 [Worker-155: Building] WARN  o.e.m.c.i.embedder.EclipseLogger - Using platform encoding (MS949 actually) to copy filtered resources, i.e. build is platform dependent!
2026-05-12 14:18:22,117 [Worker-155: Building] INFO  o.e.m.c.i.embedder.EclipseLogger - Copying 1 resource
2026-05-12 14:18:22,118 [Worker-155: Building] WARN  o.e.m.c.i.embedder.EclipseLogger - Using platform encoding (MS949 actually) to copy filtered resources, i.e. build is platform dependent!
2026-05-12 14:18:22,119 [Worker-155: Building] INFO  o.e.m.c.i.embedder.EclipseLogger - Copying 0 resource
2026-05-12 14:20:53,967 [Worker-156: Building] WARN  o.e.m.c.i.embedder.EclipseLogger - Using platform encoding (MS949 actually) to copy filtered resources, i.e. build is platform dependent!
2026-05-12 14:20:53,969 [Worker-156: Building] INFO  o.e.m.c.i.embedder.EclipseLogger - Copying 1 resource
2026-05-12 14:20:53,970 [Worker-156: Building] WARN  o.e.m.c.i.embedder.EclipseLogger - Using platform encoding (MS949 actually) to copy filtered resources, i.e. build is platform dependent!
2026-05-12 14:20:53,971 [Worker-156: Building] INFO  o.e.m.c.i.embedder.EclipseLogger - Copying 0 resource
2026-05-12 14:23:17,168 [Worker-151: Building] WARN  o.e.m.c.i.embedder.EclipseLogger - Using platform encoding (MS949 actually) to copy filtered resources, i.e. build is platform dependent!
2026-05-12 14:23:17,170 [Worker-151: Building] INFO  o.e.m.c.i.embedder.EclipseLogger - Copying 1 resource
2026-05-12 14:23:17,171 [Worker-151: Building] WARN  o.e.m.c.i.embedder.EclipseLogger - Using platform encoding (MS949 actually) to copy filtered resources, i.e. build is platform dependent!
2026-05-12 14:23:17,172 [Worker-151: Building] INFO  o.e.m.c.i.embedder.EclipseLogger - Copying 0 resource
2026-05-12 14:26:49,571 [Worker-154: Building] WARN  o.e.m.c.i.embedder.EclipseLogger - Using platform encoding (MS949 actually) to copy filtered resources, i.e. build is platform dependent!
2026-05-12 14:26:49,573 [Worker-154: Building] INFO  o.e.m.c.i.embedder.EclipseLogger - Copying 0 resource
2026-05-12 14:26:49,574 [Worker-154: Building] WARN  o.e.m.c.i.embedder.EclipseLogger - Using platform encoding (MS949 actually) to copy filtered resources, i.e. build is platform dependent!
2026-05-12 14:26:49,575 [Worker-154: Building] INFO  o.e.m.c.i.embedder.EclipseLogger - Copying 0 resource
2026-05-12 14:26:59,651 [Worker-154: Building] WARN  o.e.m.c.i.embedder.EclipseLogger - Using platform encoding (MS949 actually) to copy filtered resources, i.e. build is platform dependent!
2026-05-12 14:26:59,652 [Worker-154: Building] INFO  o.e.m.c.i.embedder.EclipseLogger - Copying 0 resource
2026-05-12 14:26:59,653 [Worker-154: Building] WARN  o.e.m.c.i.embedder.EclipseLogger - Using platform encoding (MS949 actually) to copy filtered resources, i.e. build is platform dependent!
2026-05-12 14:26:59,653 [Worker-154: Building] INFO  o.e.m.c.i.embedder.EclipseLogger - Copying 0 resource
2026-05-12 14:28:52,907 [Worker-161: Building] WARN  o.e.m.c.i.embedder.EclipseLogger - Using platform encoding (MS949 actually) to copy filtered resources, i.e. build is platform dependent!
2026-05-12 14:28:52,909 [Worker-161: Building] INFO  o.e.m.c.i.embedder.EclipseLogger - Copying 1 resource
2026-05-12 14:28:52,910 [Worker-161: Building] WARN  o.e.m.c.i.embedder.EclipseLogger - Using platform encoding (MS949 actually) to copy filtered resources, i.e. build is platform dependent!
2026-05-12 14:28:52,911 [Worker-161: Building] INFO  o.e.m.c.i.embedder.EclipseLogger - Copying 0 resource
2026-05-12 14:31:06,498 [Worker-162: Building] WARN  o.e.m.c.i.embedder.EclipseLogger - Using platform encoding (MS949 actually) to copy filtered resources, i.e. build is platform dependent!
2026-05-12 14:31:06,499 [Worker-162: Building] INFO  o.e.m.c.i.embedder.EclipseLogger - Copying 1 resource
2026-05-12 14:31:06,500 [Worker-162: Building] WARN  o.e.m.c.i.embedder.EclipseLogger - Using platform encoding (MS949 actually) to copy filtered resources, i.e. build is platform dependent!
2026-05-12 14:31:06,501 [Worker-162: Building] INFO  o.e.m.c.i.embedder.EclipseLogger - Copying 0 resource
2026-05-12 14:36:58,086 [Worker-163: Building] WARN  o.e.m.c.i.embedder.EclipseLogger - Using platform encoding (MS949 actually) to copy filtered resources, i.e. build is platform dependent!
2026-05-12 14:36:58,088 [Worker-163: Building] INFO  o.e.m.c.i.embedder.EclipseLogger - Copying 1 resource
2026-05-12 14:36:58,088 [Worker-163: Building] WARN  o.e.m.c.i.embedder.EclipseLogger - Using platform encoding (MS949 actually) to copy filtered resources, i.e. build is platform dependent!
2026-05-12 14:36:58,089 [Worker-163: Building] INFO  o.e.m.c.i.embedder.EclipseLogger - Copying 0 resource
2026-05-12 14:41:23,138 [Worker-168: Building] WARN  o.e.m.c.i.embedder.EclipseLogger - Using platform encoding (MS949 actually) to copy filtered resources, i.e. build is platform dependent!
2026-05-12 14:41:23,139 [Worker-168: Building] INFO  o.e.m.c.i.embedder.EclipseLogger - Copying 1 resource
2026-05-12 14:41:23,140 [Worker-168: Building] WARN  o.e.m.c.i.embedder.EclipseLogger - Using platform encoding (MS949 actually) to copy filtered resources, i.e. build is platform dependent!
2026-05-12 14:41:23,141 [Worker-168: Building] INFO  o.e.m.c.i.embedder.EclipseLogger - Copying 0 resource
2026-05-12 14:41:56,985 [Worker-162: Building] WARN  o.e.m.c.i.embedder.EclipseLogger - Using platform encoding (MS949 actually) to copy filtered resources, i.e. build is platform dependent!
2026-05-12 14:41:56,986 [Worker-162: Building] INFO  o.e.m.c.i.embedder.EclipseLogger - Copying 0 resource
2026-05-12 14:41:56,986 [Worker-162: Building] WARN  o.e.m.c.i.embedder.EclipseLogger - Using platform encoding (MS949 actually) to copy filtered resources, i.e. build is platform dependent!
2026-05-12 14:41:56,987 [Worker-162: Building] INFO  o.e.m.c.i.embedder.EclipseLogger - Copying 0 resource
2026-05-12 14:42:08,315 [Worker-168: Building] WARN  o.e.m.c.i.embedder.EclipseLogger - Using platform encoding (MS949 actually) to copy filtered resources, i.e. build is platform dependent!
2026-05-12 14:42:08,316 [Worker-168: Building] INFO  o.e.m.c.i.embedder.EclipseLogger - Copying 0 resource
2026-05-12 14:42:08,317 [Worker-168: Building] WARN  o.e.m.c.i.embedder.EclipseLogger - Using platform encoding (MS949 actually) to copy filtered resources, i.e. build is platform dependent!
2026-05-12 14:42:08,318 [Worker-168: Building] INFO  o.e.m.c.i.embedder.EclipseLogger - Copying 0 resource
2026-05-12 14:43:09,499 [Worker-162: Building] WARN  o.e.m.c.i.embedder.EclipseLogger - Using platform encoding (MS949 actually) to copy filtered resources, i.e. build is platform dependent!
2026-05-12 14:43:09,500 [Worker-162: Building] INFO  o.e.m.c.i.embedder.EclipseLogger - Copying 0 resource
2026-05-12 14:43:09,502 [Worker-162: Building] WARN  o.e.m.c.i.embedder.EclipseLogger - Using platform encoding (MS949 actually) to copy filtered resources, i.e. build is platform dependent!
2026-05-12 14:43:09,503 [Worker-162: Building] INFO  o.e.m.c.i.embedder.EclipseLogger - Copying 0 resource
2026-05-12 14:53:50,903 [Worker-172: Building] WARN  o.e.m.c.i.embedder.EclipseLogger - Using platform encoding (MS949 actually) to copy filtered resources, i.e. build is platform dependent!
2026-05-12 14:53:50,904 [Worker-172: Building] INFO  o.e.m.c.i.embedder.EclipseLogger - Copying 0 resource
2026-05-12 14:53:50,905 [Worker-172: Building] WARN  o.e.m.c.i.embedder.EclipseLogger - Using platform encoding (MS949 actually) to copy filtered resources, i.e. build is platform dependent!
2026-05-12 14:53:50,906 [Worker-172: Building] INFO  o.e.m.c.i.embedder.EclipseLogger - Copying 0 resource
2026-05-12 14:54:07,228 [Worker-173: Building] WARN  o.e.m.c.i.embedder.EclipseLogger - Using platform encoding (MS949 actually) to copy filtered resources, i.e. build is platform dependent!
2026-05-12 14:54:07,230 [Worker-173: Building] INFO  o.e.m.c.i.embedder.EclipseLogger - Copying 1 resource
2026-05-12 14:54:07,231 [Worker-173: Building] WARN  o.e.m.c.i.embedder.EclipseLogger - Using platform encoding (MS949 actually) to copy filtered resources, i.e. build is platform dependent!
2026-05-12 14:54:07,232 [Worker-173: Building] INFO  o.e.m.c.i.embedder.EclipseLogger - Copying 0 resource
2026-05-12 14:56:02,551 [Worker-163: Building] WARN  o.e.m.c.i.embedder.EclipseLogger - Using platform encoding (MS949 actually) to copy filtered resources, i.e. build is platform dependent!
2026-05-12 14:56:02,553 [Worker-163: Building] INFO  o.e.m.c.i.embedder.EclipseLogger - Copying 1 resource
2026-05-12 14:56:02,553 [Worker-163: Building] WARN  o.e.m.c.i.embedder.EclipseLogger - Using platform encoding (MS949 actually) to copy filtered resources, i.e. build is platform dependent!
2026-05-12 14:56:02,554 [Worker-163: Building] INFO  o.e.m.c.i.embedder.EclipseLogger - Copying 0 resource
2026-05-12 14:57:35,184 [Worker-172: Building] WARN  o.e.m.c.i.embedder.EclipseLogger - Using platform encoding (MS949 actually) to copy filtered resources, i.e. build is platform dependent!
2026-05-12 14:57:35,186 [Worker-172: Building] INFO  o.e.m.c.i.embedder.EclipseLogger - Copying 1 resource
2026-05-12 14:57:35,187 [Worker-172: Building] WARN  o.e.m.c.i.embedder.EclipseLogger - Using platform encoding (MS949 actually) to copy filtered resources, i.e. build is platform dependent!
2026-05-12 14:57:35,188 [Worker-172: Building] INFO  o.e.m.c.i.embedder.EclipseLogger - Copying 0 resource
2026-05-12 14:58:44,100 [Worker-175: Building] WARN  o.e.m.c.i.embedder.EclipseLogger - Using platform encoding (MS949 actually) to copy filtered resources, i.e. build is platform dependent!
2026-05-12 14:58:44,101 [Worker-175: Building] INFO  o.e.m.c.i.embedder.EclipseLogger - Copying 0 resource
2026-05-12 14:58:44,102 [Worker-175: Building] WARN  o.e.m.c.i.embedder.EclipseLogger - Using platform encoding (MS949 actually) to copy filtered resources, i.e. build is platform dependent!
2026-05-12 14:58:44,103 [Worker-175: Building] INFO  o.e.m.c.i.embedder.EclipseLogger - Copying 0 resource
2026-05-12 15:27:54,148 [Worker-186: Building] WARN  o.e.m.c.i.embedder.EclipseLogger - Using platform encoding (MS949 actually) to copy filtered resources, i.e. build is platform dependent!
2026-05-12 15:27:54,149 [Worker-186: Building] INFO  o.e.m.c.i.embedder.EclipseLogger - Copying 0 resource
2026-05-12 15:27:54,150 [Worker-186: Building] WARN  o.e.m.c.i.embedder.EclipseLogger - Using platform encoding (MS949 actually) to copy filtered resources, i.e. build is platform dependent!
2026-05-12 15:27:54,151 [Worker-186: Building] INFO  o.e.m.c.i.embedder.EclipseLogger - Copying 0 resource
2026-05-12 15:32:21,618 [Worker-190: Building] WARN  o.e.m.c.i.embedder.EclipseLogger - Using platform encoding (MS949 actually) to copy filtered resources, i.e. build is platform dependent!
2026-05-12 15:32:21,620 [Worker-190: Building] INFO  o.e.m.c.i.embedder.EclipseLogger - Copying 1 resource
2026-05-12 15:32:21,621 [Worker-190: Building] WARN  o.e.m.c.i.embedder.EclipseLogger - Using platform encoding (MS949 actually) to copy filtered resources, i.e. build is platform dependent!
2026-05-12 15:32:21,622 [Worker-190: Building] INFO  o.e.m.c.i.embedder.EclipseLogger - Copying 0 resource
2026-05-12 15:36:04,829 [Worker-184: Building] WARN  o.e.m.c.i.embedder.EclipseLogger - Using platform encoding (MS949 actually) to copy filtered resources, i.e. build is platform dependent!
2026-05-12 15:36:04,831 [Worker-184: Building] INFO  o.e.m.c.i.embedder.EclipseLogger - Copying 1 resource
2026-05-12 15:36:04,832 [Worker-184: Building] WARN  o.e.m.c.i.embedder.EclipseLogger - Using platform encoding (MS949 actually) to copy filtered resources, i.e. build is platform dependent!
2026-05-12 15:36:04,833 [Worker-184: Building] INFO  o.e.m.c.i.embedder.EclipseLogger - Copying 0 resource
2026-05-12 15:44:36,142 [Worker-196: Building] WARN  o.e.m.c.i.embedder.EclipseLogger - Using platform encoding (MS949 actually) to copy filtered resources, i.e. build is platform dependent!
2026-05-12 15:44:36,144 [Worker-196: Building] INFO  o.e.m.c.i.embedder.EclipseLogger - Copying 1 resource
2026-05-12 15:44:36,145 [Worker-196: Building] WARN  o.e.m.c.i.embedder.EclipseLogger - Using platform encoding (MS949 actually) to copy filtered resources, i.e. build is platform dependent!
2026-05-12 15:44:36,146 [Worker-196: Building] INFO  o.e.m.c.i.embedder.EclipseLogger - Copying 0 resource
2026-05-12 15:45:36,284 [Worker-201: Building] WARN  o.e.m.c.i.embedder.EclipseLogger - Using platform encoding (MS949 actually) to copy filtered resources, i.e. build is platform dependent!
2026-05-12 15:45:36,285 [Worker-201: Building] INFO  o.e.m.c.i.embedder.EclipseLogger - Copying 0 resource
2026-05-12 15:45:36,286 [Worker-201: Building] WARN  o.e.m.c.i.embedder.EclipseLogger - Using platform encoding (MS949 actually) to copy filtered resources, i.e. build is platform dependent!
2026-05-12 15:45:36,287 [Worker-201: Building] INFO  o.e.m.c.i.embedder.EclipseLogger - Copying 0 resource
2026-05-12 15:46:07,223 [Worker-196: Building] WARN  o.e.m.c.i.embedder.EclipseLogger - Using platform encoding (MS949 actually) to copy filtered resources, i.e. build is platform dependent!
2026-05-12 15:46:07,224 [Worker-196: Building] INFO  o.e.m.c.i.embedder.EclipseLogger - Copying 0 resource
2026-05-12 15:46:07,225 [Worker-196: Building] WARN  o.e.m.c.i.embedder.EclipseLogger - Using platform encoding (MS949 actually) to copy filtered resources, i.e. build is platform dependent!
2026-05-12 15:46:07,226 [Worker-196: Building] INFO  o.e.m.c.i.embedder.EclipseLogger - Copying 0 resource
2026-05-12 15:49:42,028 [Worker-196: Building] WARN  o.e.m.c.i.embedder.EclipseLogger - Using platform encoding (MS949 actually) to copy filtered resources, i.e. build is platform dependent!
2026-05-12 15:49:42,029 [Worker-196: Building] INFO  o.e.m.c.i.embedder.EclipseLogger - Copying 1 resource
2026-05-12 15:49:42,030 [Worker-196: Building] WARN  o.e.m.c.i.embedder.EclipseLogger - Using platform encoding (MS949 actually) to copy filtered resources, i.e. build is platform dependent!
2026-05-12 15:49:42,030 [Worker-196: Building] INFO  o.e.m.c.i.embedder.EclipseLogger - Copying 0 resource
2026-05-12 15:49:53,115 [Worker-196: Building] WARN  o.e.m.c.i.embedder.EclipseLogger - Using platform encoding (MS949 actually) to copy filtered resources, i.e. build is platform dependent!
2026-05-12 15:49:53,116 [Worker-196: Building] INFO  o.e.m.c.i.embedder.EclipseLogger - Copying 0 resource
2026-05-12 15:49:53,116 [Worker-196: Building] WARN  o.e.m.c.i.embedder.EclipseLogger - Using platform encoding (MS949 actually) to copy filtered resources, i.e. build is platform dependent!
2026-05-12 15:49:53,117 [Worker-196: Building] INFO  o.e.m.c.i.embedder.EclipseLogger - Copying 0 resource
2026-05-12 15:50:30,555 [Worker-195: Building] WARN  o.e.m.c.i.embedder.EclipseLogger - Using platform encoding (MS949 actually) to copy filtered resources, i.e. build is platform dependent!
2026-05-12 15:50:30,556 [Worker-195: Building] INFO  o.e.m.c.i.embedder.EclipseLogger - Copying 0 resource
2026-05-12 15:50:30,557 [Worker-195: Building] WARN  o.e.m.c.i.embedder.EclipseLogger - Using platform encoding (MS949 actually) to copy filtered resources, i.e. build is platform dependent!
2026-05-12 15:50:30,557 [Worker-195: Building] INFO  o.e.m.c.i.embedder.EclipseLogger - Copying 0 resource
2026-05-12 15:54:59,184 [Worker-205: Building] WARN  o.e.m.c.i.embedder.EclipseLogger - Using platform encoding (MS949 actually) to copy filtered resources, i.e. build is platform dependent!
2026-05-12 15:54:59,186 [Worker-205: Building] INFO  o.e.m.c.i.embedder.EclipseLogger - Copying 1 resource
2026-05-12 15:54:59,187 [Worker-205: Building] WARN  o.e.m.c.i.embedder.EclipseLogger - Using platform encoding (MS949 actually) to copy filtered resources, i.e. build is platform dependent!
2026-05-12 15:54:59,187 [Worker-205: Building] INFO  o.e.m.c.i.embedder.EclipseLogger - Copying 0 resource
2026-05-12 15:55:40,645 [Worker-207: Building] WARN  o.e.m.c.i.embedder.EclipseLogger - Using platform encoding (MS949 actually) to copy filtered resources, i.e. build is platform dependent!
2026-05-12 15:55:40,647 [Worker-207: Building] INFO  o.e.m.c.i.embedder.EclipseLogger - Copying 1 resource
2026-05-12 15:55:40,647 [Worker-207: Building] WARN  o.e.m.c.i.embedder.EclipseLogger - Using platform encoding (MS949 actually) to copy filtered resources, i.e. build is platform dependent!
2026-05-12 15:55:40,648 [Worker-207: Building] INFO  o.e.m.c.i.embedder.EclipseLogger - Copying 0 resource
2026-05-12 15:59:37,346 [Worker-205: Building] WARN  o.e.m.c.i.embedder.EclipseLogger - Using platform encoding (MS949 actually) to copy filtered resources, i.e. build is platform dependent!
2026-05-12 15:59:37,347 [Worker-205: Building] INFO  o.e.m.c.i.embedder.EclipseLogger - Copying 1 resource
2026-05-12 15:59:37,348 [Worker-205: Building] WARN  o.e.m.c.i.embedder.EclipseLogger - Using platform encoding (MS949 actually) to copy filtered resources, i.e. build is platform dependent!
2026-05-12 15:59:37,349 [Worker-205: Building] INFO  o.e.m.c.i.embedder.EclipseLogger - Copying 0 resource
2026-05-12 15:59:49,081 [Worker-205: Building] WARN  o.e.m.c.i.embedder.EclipseLogger - Using platform encoding (MS949 actually) to copy filtered resources, i.e. build is platform dependent!
2026-05-12 15:59:49,083 [Worker-205: Building] INFO  o.e.m.c.i.embedder.EclipseLogger - Copying 1 resource
2026-05-12 15:59:49,083 [Worker-205: Building] WARN  o.e.m.c.i.embedder.EclipseLogger - Using platform encoding (MS949 actually) to copy filtered resources, i.e. build is platform dependent!
2026-05-12 15:59:49,084 [Worker-205: Building] INFO  o.e.m.c.i.embedder.EclipseLogger - Copying 0 resource
2026-05-12 15:59:51,207 [Worker-211: Building] WARN  o.e.m.c.i.embedder.EclipseLogger - Using platform encoding (MS949 actually) to copy filtered resources, i.e. build is platform dependent!
2026-05-12 15:59:51,209 [Worker-211: Building] INFO  o.e.m.c.i.embedder.EclipseLogger - Copying 1 resource
2026-05-12 15:59:51,210 [Worker-211: Building] WARN  o.e.m.c.i.embedder.EclipseLogger - Using platform encoding (MS949 actually) to copy filtered resources, i.e. build is platform dependent!
2026-05-12 15:59:51,211 [Worker-211: Building] INFO  o.e.m.c.i.embedder.EclipseLogger - Copying 0 resource
2026-05-12 16:02:36,664 [Worker-213: Building] WARN  o.e.m.c.i.embedder.EclipseLogger - Using platform encoding (MS949 actually) to copy filtered resources, i.e. build is platform dependent!
2026-05-12 16:02:36,665 [Worker-213: Building] INFO  o.e.m.c.i.embedder.EclipseLogger - Copying 1 resource
2026-05-12 16:02:36,666 [Worker-213: Building] WARN  o.e.m.c.i.embedder.EclipseLogger - Using platform encoding (MS949 actually) to copy filtered resources, i.e. build is platform dependent!
2026-05-12 16:02:36,667 [Worker-213: Building] INFO  o.e.m.c.i.embedder.EclipseLogger - Copying 0 resource
2026-05-12 16:07:22,159 [Worker-216: Building] WARN  o.e.m.c.i.embedder.EclipseLogger - Using platform encoding (MS949 actually) to copy filtered resources, i.e. build is platform dependent!
2026-05-12 16:07:22,161 [Worker-216: Building] INFO  o.e.m.c.i.embedder.EclipseLogger - Copying 1 resource
2026-05-12 16:07:22,161 [Worker-216: Building] WARN  o.e.m.c.i.embedder.EclipseLogger - Using platform encoding (MS949 actually) to copy filtered resources, i.e. build is platform dependent!
2026-05-12 16:07:22,162 [Worker-216: Building] INFO  o.e.m.c.i.embedder.EclipseLogger - Copying 0 resource
2026-05-12 16:12:31,926 [Worker-213: Building] WARN  o.e.m.c.i.embedder.EclipseLogger - Using platform encoding (MS949 actually) to copy filtered resources, i.e. build is platform dependent!
2026-05-12 16:12:31,927 [Worker-213: Building] INFO  o.e.m.c.i.embedder.EclipseLogger - Copying 1 resource
2026-05-12 16:12:31,928 [Worker-213: Building] WARN  o.e.m.c.i.embedder.EclipseLogger - Using platform encoding (MS949 actually) to copy filtered resources, i.e. build is platform dependent!
2026-05-12 16:12:31,929 [Worker-213: Building] INFO  o.e.m.c.i.embedder.EclipseLogger - Copying 0 resource
2026-05-12 16:14:52,155 [Worker-213: Building] WARN  o.e.m.c.i.embedder.EclipseLogger - Using platform encoding (MS949 actually) to copy filtered resources, i.e. build is platform dependent!
2026-05-12 16:14:52,157 [Worker-213: Building] INFO  o.e.m.c.i.embedder.EclipseLogger - Copying 0 resource
2026-05-12 16:14:52,157 [Worker-213: Building] WARN  o.e.m.c.i.embedder.EclipseLogger - Using platform encoding (MS949 actually) to copy filtered resources, i.e. build is platform dependent!
2026-05-12 16:14:52,158 [Worker-213: Building] INFO  o.e.m.c.i.embedder.EclipseLogger - Copying 0 resource
2026-05-12 16:15:04,925 [Worker-195: Building] WARN  o.e.m.c.i.embedder.EclipseLogger - Using platform encoding (MS949 actually) to copy filtered resources, i.e. build is platform dependent!
2026-05-12 16:15:04,927 [Worker-195: Building] INFO  o.e.m.c.i.embedder.EclipseLogger - Copying 1 resource
2026-05-12 16:15:04,928 [Worker-195: Building] WARN  o.e.m.c.i.embedder.EclipseLogger - Using platform encoding (MS949 actually) to copy filtered resources, i.e. build is platform dependent!
2026-05-12 16:15:04,929 [Worker-195: Building] INFO  o.e.m.c.i.embedder.EclipseLogger - Copying 0 resource
2026-05-12 16:16:25,632 [Worker-218: Building] WARN  o.e.m.c.i.embedder.EclipseLogger - Using platform encoding (MS949 actually) to copy filtered resources, i.e. build is platform dependent!
2026-05-12 16:16:25,634 [Worker-218: Building] INFO  o.e.m.c.i.embedder.EclipseLogger - Copying 1 resource
2026-05-12 16:16:25,634 [Worker-218: Building] WARN  o.e.m.c.i.embedder.EclipseLogger - Using platform encoding (MS949 actually) to copy filtered resources, i.e. build is platform dependent!
2026-05-12 16:16:25,635 [Worker-218: Building] INFO  o.e.m.c.i.embedder.EclipseLogger - Copying 0 resource
2026-05-12 16:18:21,806 [Worker-221: Building] WARN  o.e.m.c.i.embedder.EclipseLogger - Using platform encoding (MS949 actually) to copy filtered resources, i.e. build is platform dependent!
2026-05-12 16:18:21,808 [Worker-221: Building] INFO  o.e.m.c.i.embedder.EclipseLogger - Copying 1 resource
2026-05-12 16:18:21,809 [Worker-221: Building] WARN  o.e.m.c.i.embedder.EclipseLogger - Using platform encoding (MS949 actually) to copy filtered resources, i.e. build is platform dependent!
2026-05-12 16:18:21,809 [Worker-221: Building] INFO  o.e.m.c.i.embedder.EclipseLogger - Copying 0 resource
2026-05-12 16:18:26,368 [Worker-221: Building] WARN  o.e.m.c.i.embedder.EclipseLogger - Using platform encoding (MS949 actually) to copy filtered resources, i.e. build is platform dependent!
2026-05-12 16:18:26,370 [Worker-221: Building] INFO  o.e.m.c.i.embedder.EclipseLogger - Copying 1 resource
2026-05-12 16:18:26,370 [Worker-221: Building] WARN  o.e.m.c.i.embedder.EclipseLogger - Using platform encoding (MS949 actually) to copy filtered resources, i.e. build is platform dependent!
2026-05-12 16:18:26,371 [Worker-221: Building] INFO  o.e.m.c.i.embedder.EclipseLogger - Copying 0 resource
2026-05-12 16:18:32,483 [Worker-218: Building] WARN  o.e.m.c.i.embedder.EclipseLogger - Using platform encoding (MS949 actually) to copy filtered resources, i.e. build is platform dependent!
2026-05-12 16:18:32,484 [Worker-218: Building] INFO  o.e.m.c.i.embedder.EclipseLogger - Copying 0 resource
2026-05-12 16:18:32,485 [Worker-218: Building] WARN  o.e.m.c.i.embedder.EclipseLogger - Using platform encoding (MS949 actually) to copy filtered resources, i.e. build is platform dependent!
2026-05-12 16:18:32,485 [Worker-218: Building] INFO  o.e.m.c.i.embedder.EclipseLogger - Copying 0 resource
2026-05-12 16:20:43,920 [Worker-190: Building] WARN  o.e.m.c.i.embedder.EclipseLogger - Using platform encoding (MS949 actually) to copy filtered resources, i.e. build is platform dependent!
2026-05-12 16:20:43,921 [Worker-190: Building] INFO  o.e.m.c.i.embedder.EclipseLogger - Copying 0 resource
2026-05-12 16:20:43,922 [Worker-190: Building] WARN  o.e.m.c.i.embedder.EclipseLogger - Using platform encoding (MS949 actually) to copy filtered resources, i.e. build is platform dependent!
2026-05-12 16:20:43,923 [Worker-190: Building] INFO  o.e.m.c.i.embedder.EclipseLogger - Copying 0 resource
2026-05-12 16:39:09,623 [Worker-231: Building] WARN  o.e.m.c.i.embedder.EclipseLogger - Using platform encoding (MS949 actually) to copy filtered resources, i.e. build is platform dependent!
2026-05-12 16:39:09,624 [Worker-231: Building] INFO  o.e.m.c.i.embedder.EclipseLogger - Copying 0 resource
2026-05-12 16:39:09,625 [Worker-231: Building] WARN  o.e.m.c.i.embedder.EclipseLogger - Using platform encoding (MS949 actually) to copy filtered resources, i.e. build is platform dependent!
2026-05-12 16:39:09,626 [Worker-231: Building] INFO  o.e.m.c.i.embedder.EclipseLogger - Copying 0 resource
2026-05-12 16:46:57,228 [Worker-233: Building] WARN  o.e.m.c.i.embedder.EclipseLogger - Using platform encoding (MS949 actually) to copy filtered resources, i.e. build is platform dependent!
2026-05-12 16:46:57,230 [Worker-233: Building] INFO  o.e.m.c.i.embedder.EclipseLogger - Copying 1 resource
2026-05-12 16:46:57,230 [Worker-233: Building] WARN  o.e.m.c.i.embedder.EclipseLogger - Using platform encoding (MS949 actually) to copy filtered resources, i.e. build is platform dependent!
2026-05-12 16:46:57,231 [Worker-233: Building] INFO  o.e.m.c.i.embedder.EclipseLogger - Copying 0 resource
2026-05-12 16:47:06,729 [Worker-235: Building] WARN  o.e.m.c.i.embedder.EclipseLogger - Using platform encoding (MS949 actually) to copy filtered resources, i.e. build is platform dependent!
2026-05-12 16:47:06,731 [Worker-235: Building] INFO  o.e.m.c.i.embedder.EclipseLogger - Copying 1 resource
2026-05-12 16:47:06,732 [Worker-235: Building] WARN  o.e.m.c.i.embedder.EclipseLogger - Using platform encoding (MS949 actually) to copy filtered resources, i.e. build is platform dependent!
2026-05-12 16:47:06,733 [Worker-235: Building] INFO  o.e.m.c.i.embedder.EclipseLogger - Copying 0 resource
2026-05-12 16:50:45,076 [Worker-240: Building] WARN  o.e.m.c.i.embedder.EclipseLogger - Using platform encoding (MS949 actually) to copy filtered resources, i.e. build is platform dependent!
2026-05-12 16:50:45,077 [Worker-240: Building] INFO  o.e.m.c.i.embedder.EclipseLogger - Copying 0 resource
2026-05-12 16:50:45,077 [Worker-240: Building] WARN  o.e.m.c.i.embedder.EclipseLogger - Using platform encoding (MS949 actually) to copy filtered resources, i.e. build is platform dependent!
2026-05-12 16:50:45,078 [Worker-240: Building] INFO  o.e.m.c.i.embedder.EclipseLogger - Copying 0 resource
2026-05-12 16:59:31,484 [Worker-240: Building] WARN  o.e.m.c.i.embedder.EclipseLogger - Using platform encoding (MS949 actually) to copy filtered resources, i.e. build is platform dependent!
2026-05-12 16:59:31,486 [Worker-240: Building] INFO  o.e.m.c.i.embedder.EclipseLogger - Copying 1 resource
2026-05-12 16:59:31,488 [Worker-240: Building] WARN  o.e.m.c.i.embedder.EclipseLogger - Using platform encoding (MS949 actually) to copy filtered resources, i.e. build is platform dependent!
2026-05-12 16:59:31,488 [Worker-240: Building] INFO  o.e.m.c.i.embedder.EclipseLogger - Copying 0 resource
2026-05-12 16:59:33,635 [Worker-244: Building] WARN  o.e.m.c.i.embedder.EclipseLogger - Using platform encoding (MS949 actually) to copy filtered resources, i.e. build is platform dependent!
2026-05-12 16:59:33,636 [Worker-244: Building] INFO  o.e.m.c.i.embedder.EclipseLogger - Copying 1 resource
2026-05-12 16:59:33,637 [Worker-244: Building] WARN  o.e.m.c.i.embedder.EclipseLogger - Using platform encoding (MS949 actually) to copy filtered resources, i.e. build is platform dependent!
2026-05-12 16:59:33,638 [Worker-244: Building] INFO  o.e.m.c.i.embedder.EclipseLogger - Copying 0 resource
2026-05-12 16:59:37,325 [Worker-246: Building] WARN  o.e.m.c.i.embedder.EclipseLogger - Using platform encoding (MS949 actually) to copy filtered resources, i.e. build is platform dependent!
2026-05-12 16:59:37,327 [Worker-246: Building] INFO  o.e.m.c.i.embedder.EclipseLogger - Copying 1 resource
2026-05-12 16:59:37,328 [Worker-246: Building] WARN  o.e.m.c.i.embedder.EclipseLogger - Using platform encoding (MS949 actually) to copy filtered resources, i.e. build is platform dependent!
2026-05-12 16:59:37,329 [Worker-246: Building] INFO  o.e.m.c.i.embedder.EclipseLogger - Copying 0 resource
2026-05-12 16:59:43,261 [Worker-244: Building] WARN  o.e.m.c.i.embedder.EclipseLogger - Using platform encoding (MS949 actually) to copy filtered resources, i.e. build is platform dependent!
2026-05-12 16:59:43,263 [Worker-244: Building] INFO  o.e.m.c.i.embedder.EclipseLogger - Copying 1 resource
2026-05-12 16:59:43,263 [Worker-244: Building] WARN  o.e.m.c.i.embedder.EclipseLogger - Using platform encoding (MS949 actually) to copy filtered resources, i.e. build is platform dependent!
2026-05-12 16:59:43,264 [Worker-244: Building] INFO  o.e.m.c.i.embedder.EclipseLogger - Copying 0 resource
2026-05-12 16:59:52,626 [Worker-244: Building] WARN  o.e.m.c.i.embedder.EclipseLogger - Using platform encoding (MS949 actually) to copy filtered resources, i.e. build is platform dependent!
2026-05-12 16:59:52,627 [Worker-244: Building] INFO  o.e.m.c.i.embedder.EclipseLogger - Copying 1 resource
2026-05-12 16:59:52,628 [Worker-244: Building] WARN  o.e.m.c.i.embedder.EclipseLogger - Using platform encoding (MS949 actually) to copy filtered resources, i.e. build is platform dependent!
2026-05-12 16:59:52,629 [Worker-244: Building] INFO  o.e.m.c.i.embedder.EclipseLogger - Copying 0 resource
2026-05-12 17:00:36,480 [Worker-245: Building] WARN  o.e.m.c.i.embedder.EclipseLogger - Using platform encoding (MS949 actually) to copy filtered resources, i.e. build is platform dependent!
2026-05-12 17:00:36,481 [Worker-245: Building] INFO  o.e.m.c.i.embedder.EclipseLogger - Copying 1 resource
2026-05-12 17:00:36,482 [Worker-245: Building] WARN  o.e.m.c.i.embedder.EclipseLogger - Using platform encoding (MS949 actually) to copy filtered resources, i.e. build is platform dependent!
2026-05-12 17:00:36,483 [Worker-245: Building] INFO  o.e.m.c.i.embedder.EclipseLogger - Copying 0 resource
2026-05-12 17:01:44,260 [Worker-240: Building] WARN  o.e.m.c.i.embedder.EclipseLogger - Using platform encoding (MS949 actually) to copy filtered resources, i.e. build is platform dependent!
2026-05-12 17:01:44,261 [Worker-240: Building] INFO  o.e.m.c.i.embedder.EclipseLogger - Copying 1 resource
2026-05-12 17:01:44,261 [Worker-240: Building] WARN  o.e.m.c.i.embedder.EclipseLogger - Using platform encoding (MS949 actually) to copy filtered resources, i.e. build is platform dependent!
2026-05-12 17:01:44,263 [Worker-240: Building] INFO  o.e.m.c.i.embedder.EclipseLogger - Copying 0 resource
2026-05-12 17:03:27,047 [Worker-244: Building] WARN  o.e.m.c.i.embedder.EclipseLogger - Using platform encoding (MS949 actually) to copy filtered resources, i.e. build is platform dependent!
2026-05-12 17:03:27,048 [Worker-244: Building] INFO  o.e.m.c.i.embedder.EclipseLogger - Copying 1 resource
2026-05-12 17:03:27,049 [Worker-244: Building] WARN  o.e.m.c.i.embedder.EclipseLogger - Using platform encoding (MS949 actually) to copy filtered resources, i.e. build is platform dependent!
2026-05-12 17:03:27,050 [Worker-244: Building] INFO  o.e.m.c.i.embedder.EclipseLogger - Copying 0 resource
2026-05-12 17:06:24,273 [Worker-240: Building] WARN  o.e.m.c.i.embedder.EclipseLogger - Using platform encoding (MS949 actually) to copy filtered resources, i.e. build is platform dependent!
2026-05-12 17:06:24,274 [Worker-240: Building] INFO  o.e.m.c.i.embedder.EclipseLogger - Copying 1 resource
2026-05-12 17:06:24,275 [Worker-240: Building] WARN  o.e.m.c.i.embedder.EclipseLogger - Using platform encoding (MS949 actually) to copy filtered resources, i.e. build is platform dependent!
2026-05-12 17:06:24,276 [Worker-240: Building] INFO  o.e.m.c.i.embedder.EclipseLogger - Copying 0 resource
2026-05-12 17:06:33,390 [Worker-247: Building] WARN  o.e.m.c.i.embedder.EclipseLogger - Using platform encoding (MS949 actually) to copy filtered resources, i.e. build is platform dependent!
2026-05-12 17:06:33,392 [Worker-247: Building] INFO  o.e.m.c.i.embedder.EclipseLogger - Copying 1 resource
2026-05-12 17:06:33,393 [Worker-247: Building] WARN  o.e.m.c.i.embedder.EclipseLogger - Using platform encoding (MS949 actually) to copy filtered resources, i.e. build is platform dependent!
2026-05-12 17:06:33,394 [Worker-247: Building] INFO  o.e.m.c.i.embedder.EclipseLogger - Copying 0 resource
2026-05-12 17:07:05,344 [Worker-233: Building] WARN  o.e.m.c.i.embedder.EclipseLogger - Using platform encoding (MS949 actually) to copy filtered resources, i.e. build is platform dependent!
2026-05-12 17:07:05,345 [Worker-233: Building] INFO  o.e.m.c.i.embedder.EclipseLogger - Copying 1 resource
2026-05-12 17:07:05,346 [Worker-233: Building] WARN  o.e.m.c.i.embedder.EclipseLogger - Using platform encoding (MS949 actually) to copy filtered resources, i.e. build is platform dependent!
2026-05-12 17:07:05,347 [Worker-233: Building] INFO  o.e.m.c.i.embedder.EclipseLogger - Copying 0 resource
2026-05-12 17:08:52,057 [Worker-244: Building] WARN  o.e.m.c.i.embedder.EclipseLogger - Using platform encoding (MS949 actually) to copy filtered resources, i.e. build is platform dependent!
2026-05-12 17:08:52,059 [Worker-244: Building] INFO  o.e.m.c.i.embedder.EclipseLogger - Copying 1 resource
2026-05-12 17:08:52,060 [Worker-244: Building] WARN  o.e.m.c.i.embedder.EclipseLogger - Using platform encoding (MS949 actually) to copy filtered resources, i.e. build is platform dependent!
2026-05-12 17:08:52,060 [Worker-244: Building] INFO  o.e.m.c.i.embedder.EclipseLogger - Copying 0 resource
2026-05-12 17:12:04,351 [Worker-246: Building] WARN  o.e.m.c.i.embedder.EclipseLogger - Using platform encoding (MS949 actually) to copy filtered resources, i.e. build is platform dependent!
2026-05-12 17:12:04,352 [Worker-246: Building] INFO  o.e.m.c.i.embedder.EclipseLogger - Copying 0 resource
2026-05-12 17:12:04,353 [Worker-246: Building] WARN  o.e.m.c.i.embedder.EclipseLogger - Using platform encoding (MS949 actually) to copy filtered resources, i.e. build is platform dependent!
2026-05-12 17:12:04,355 [Worker-246: Building] INFO  o.e.m.c.i.embedder.EclipseLogger - Copying 1 resource
2026-05-12 17:15:32,647 [Worker-247: Building] WARN  o.e.m.c.i.embedder.EclipseLogger - Using platform encoding (MS949 actually) to copy filtered resources, i.e. build is platform dependent!
2026-05-12 17:15:32,648 [Worker-247: Building] INFO  o.e.m.c.i.embedder.EclipseLogger - Copying 1 resource
2026-05-12 17:15:32,649 [Worker-247: Building] WARN  o.e.m.c.i.embedder.EclipseLogger - Using platform encoding (MS949 actually) to copy filtered resources, i.e. build is platform dependent!
2026-05-12 17:15:32,650 [Worker-247: Building] INFO  o.e.m.c.i.embedder.EclipseLogger - Copying 0 resource
2026-05-12 17:16:40,383 [Worker-251: Building] WARN  o.e.m.c.i.embedder.EclipseLogger - Using platform encoding (MS949 actually) to copy filtered resources, i.e. build is platform dependent!
2026-05-12 17:16:40,385 [Worker-251: Building] INFO  o.e.m.c.i.embedder.EclipseLogger - Copying 1 resource
2026-05-12 17:16:40,386 [Worker-251: Building] WARN  o.e.m.c.i.embedder.EclipseLogger - Using platform encoding (MS949 actually) to copy filtered resources, i.e. build is platform dependent!
2026-05-12 17:16:40,387 [Worker-251: Building] INFO  o.e.m.c.i.embedder.EclipseLogger - Copying 0 resource
2026-05-12 17:18:44,159 [Worker-252: Building] WARN  o.e.m.c.i.embedder.EclipseLogger - Using platform encoding (MS949 actually) to copy filtered resources, i.e. build is platform dependent!
2026-05-12 17:18:44,160 [Worker-252: Building] INFO  o.e.m.c.i.embedder.EclipseLogger - Copying 0 resource
2026-05-12 17:18:44,160 [Worker-252: Building] WARN  o.e.m.c.i.embedder.EclipseLogger - Using platform encoding (MS949 actually) to copy filtered resources, i.e. build is platform dependent!
2026-05-12 17:18:44,161 [Worker-252: Building] INFO  o.e.m.c.i.embedder.EclipseLogger - Copying 0 resource
2026-05-12 17:19:14,242 [Worker-251: Building] WARN  o.e.m.c.i.embedder.EclipseLogger - Using platform encoding (MS949 actually) to copy filtered resources, i.e. build is platform dependent!
2026-05-12 17:19:14,243 [Worker-251: Building] INFO  o.e.m.c.i.embedder.EclipseLogger - Copying 0 resource
2026-05-12 17:19:14,243 [Worker-251: Building] WARN  o.e.m.c.i.embedder.EclipseLogger - Using platform encoding (MS949 actually) to copy filtered resources, i.e. build is platform dependent!
2026-05-12 17:19:14,244 [Worker-251: Building] INFO  o.e.m.c.i.embedder.EclipseLogger - Copying 0 resource
2026-05-12 17:21:28,758 [Worker-254: Building] WARN  o.e.m.c.i.embedder.EclipseLogger - Using platform encoding (MS949 actually) to copy filtered resources, i.e. build is platform dependent!
2026-05-12 17:21:28,759 [Worker-254: Building] INFO  o.e.m.c.i.embedder.EclipseLogger - Copying 1 resource
2026-05-12 17:21:28,761 [Worker-254: Building] WARN  o.e.m.c.i.embedder.EclipseLogger - Using platform encoding (MS949 actually) to copy filtered resources, i.e. build is platform dependent!
2026-05-12 17:21:28,762 [Worker-254: Building] INFO  o.e.m.c.i.embedder.EclipseLogger - Copying 0 resource
2026-05-12 17:22:35,313 [Worker-251: Building] WARN  o.e.m.c.i.embedder.EclipseLogger - Using platform encoding (MS949 actually) to copy filtered resources, i.e. build is platform dependent!
2026-05-12 17:22:35,315 [Worker-251: Building] INFO  o.e.m.c.i.embedder.EclipseLogger - Copying 1 resource
2026-05-12 17:22:35,316 [Worker-251: Building] WARN  o.e.m.c.i.embedder.EclipseLogger - Using platform encoding (MS949 actually) to copy filtered resources, i.e. build is platform dependent!
2026-05-12 17:22:35,316 [Worker-251: Building] INFO  o.e.m.c.i.embedder.EclipseLogger - Copying 0 resource
2026-05-12 17:22:47,733 [Worker-254: Building] WARN  o.e.m.c.i.embedder.EclipseLogger - Using platform encoding (MS949 actually) to copy filtered resources, i.e. build is platform dependent!
2026-05-12 17:22:47,735 [Worker-254: Building] INFO  o.e.m.c.i.embedder.EclipseLogger - Copying 1 resource
2026-05-12 17:22:47,735 [Worker-254: Building] WARN  o.e.m.c.i.embedder.EclipseLogger - Using platform encoding (MS949 actually) to copy filtered resources, i.e. build is platform dependent!
2026-05-12 17:22:47,736 [Worker-254: Building] INFO  o.e.m.c.i.embedder.EclipseLogger - Copying 0 resource
2026-05-12 17:23:20,555 [Worker-250: Building] WARN  o.e.m.c.i.embedder.EclipseLogger - Using platform encoding (MS949 actually) to copy filtered resources, i.e. build is platform dependent!
2026-05-12 17:23:20,556 [Worker-250: Building] INFO  o.e.m.c.i.embedder.EclipseLogger - Copying 1 resource
2026-05-12 17:23:20,557 [Worker-250: Building] WARN  o.e.m.c.i.embedder.EclipseLogger - Using platform encoding (MS949 actually) to copy filtered resources, i.e. build is platform dependent!
2026-05-12 17:23:20,557 [Worker-250: Building] INFO  o.e.m.c.i.embedder.EclipseLogger - Copying 0 resource
2026-05-12 17:24:00,330 [Worker-247: Building] WARN  o.e.m.c.i.embedder.EclipseLogger - Using platform encoding (MS949 actually) to copy filtered resources, i.e. build is platform dependent!
2026-05-12 17:24:00,332 [Worker-247: Building] INFO  o.e.m.c.i.embedder.EclipseLogger - Copying 1 resource
2026-05-12 17:24:00,336 [Worker-247: Building] WARN  o.e.m.c.i.embedder.EclipseLogger - Using platform encoding (MS949 actually) to copy filtered resources, i.e. build is platform dependent!
2026-05-12 17:24:00,336 [Worker-247: Building] INFO  o.e.m.c.i.embedder.EclipseLogger - Copying 0 resource
